cell_id,fov_id,area,x,y
0,0,981,10,743
1,0,743,9,783
2,0,944,9,920
3,0,583,11,973
4,0,962,10,1005
5,0,1318,10,1119
6,0,1198,16,1169
7,0,2679,24,1221
8,0,748,10,1259
9,0,300,9,954
10,0,2182,42,1274
11,0,544,24,605
12,0,1340,38,741
13,0,1404,33,835
14,0,592,31,1116
15,0,735,41,1187
16,0,1320,48,922
17,0,1049,50,436
18,0,322,44,675
19,0,1494,56,884
20,0,1246,55,1051
21,0,273,48,544
22,0,1033,59,369
23,0,1134,63,658
24,0,1564,72,522
25,0,1613,70,618
26,0,2471,76,1415
27,0,752,66,459
28,0,380,61,785
29,0,787,70,1355
30,0,363,76,787
31,0,561,72,400
32,0,575,74,1310
33,0,1051,90,463
34,0,712,87,376
35,0,737,86,178
36,0,913,99,399
37,0,922,93,1539
38,0,1146,97,698
39,0,837,99,1566
40,0,974,101,1511
41,0,1157,103,272
42,0,1708,107,334
43,0,689,97,115
44,0,1393,108,1466
45,0,457,101,1402
46,0,1228,112,818
47,0,1646,118,57
48,0,837,110,984
49,0,1143,116,752
50,0,917,115,22
51,0,1544,125,1607
52,0,1236,125,1259
53,0,1772,133,195
54,0,831,124,87
55,0,1421,127,1174
56,0,1157,131,1527
57,0,1013,133,1296
58,0,274,126,171
59,0,2373,147,1663
60,0,1765,147,505
61,0,364,133,352
62,0,1129,137,662
63,0,1091,140,893
64,0,1038,142,1328
65,0,495,139,322
66,0,1137,153,864
67,0,1218,156,1412
68,0,1453,161,235
69,0,875,155,1138
70,0,1287,160,1050
71,0,1105,160,1477
72,0,1222,160,60
73,0,1058,161,1231
74,0,729,168,262
75,0,1197,177,478
76,0,1160,174,1277
77,0,238,166,701
78,0,241,170,712
79,0,291,172,1518
80,0,1903,186,1766
81,0,1219,188,1495
82,0,1092,185,101
83,0,392,178,535
84,0,692,179,999
85,0,983,190,1237
86,0,1228,188,750
87,0,1085,189,390
88,0,304,183,520
89,0,659,185,1431
90,0,1475,197,1809
91,0,1141,193,164
92,0,305,185,1535
93,0,557,197,1547
94,0,787,204,123
95,0,1014,218,144
96,0,1410,219,248
97,0,1296,218,1690
98,0,592,212,720
99,0,1001,216,1846
100,0,777,217,95
101,0,1070,220,1633
102,0,1195,219,1892
103,0,1173,220,501
104,0,1538,225,1457
105,0,1252,227,591
106,0,1050,231,395
107,0,305,224,335
108,0,807,238,1916
109,0,1670,241,1545
110,0,876,233,1092
111,0,3116,246,1962
112,0,1336,245,1869
113,0,302,236,373
114,0,1029,247,1627
115,0,901,247,1394
116,0,1202,255,2008
117,0,1111,253,1349
118,0,1247,256,1141
119,0,1646,261,1797
120,0,1603,262,162
121,0,1202,256,306
122,0,776,261,2039
123,0,1297,269,347
124,0,1135,267,1485
125,0,1908,282,2059
126,0,1225,273,1594
127,0,1368,277,1435
128,0,579,269,1938
129,0,1471,274,569
130,0,229,272,2024
131,0,443,280,1992
132,0,6441,319,2112
133,0,1179,288,419
134,0,837,287,1681
135,0,979,301,333
136,0,1239,301,1003
137,0,1481,313,489
138,0,955,313,1671
139,0,510,310,1730
140,0,1271,315,751
141,0,778,311,1806
142,0,879,321,792
143,0,1460,330,1785
144,0,1050,334,2202
145,0,1148,337,247
146,0,767,338,1973
147,0,969,348,2180
148,0,644,346,2103
149,0,802,351,1695
150,0,1099,357,363
151,0,1200,358,1320
152,0,1174,364,2089
153,0,1320,363,1849
154,0,1312,373,1526
155,0,1402,383,891
156,0,410,380,1599
157,0,311,382,2317
158,0,1152,394,1925
159,0,1389,400,1032
160,0,1346,397,1666
161,0,2957,413,2334
162,0,888,401,2295
163,0,420,401,1973
164,0,1313,412,1601
165,0,322,405,2173
166,0,1377,421,1184
167,0,490,414,1159
168,0,1617,424,1788
169,0,712,420,2188
170,0,1728,427,2381
171,0,426,418,1642
172,0,1477,438,2087
173,0,1145,436,346
174,0,1112,444,2410
175,0,1007,444,2029
176,0,2031,451,1704
177,0,1399,455,314
178,0,948,449,901
179,0,814,452,2437
180,0,1070,454,663
181,0,2685,486,2488
182,0,707,468,1416
183,0,1206,478,1872
184,0,1408,480,2202
185,0,821,481,798
186,0,784,489,1423
187,0,271,485,1353
188,0,597,489,2362
189,0,484,489,1110
190,0,305,491,1343
191,0,1197,495,1457
192,0,1064,497,2322
193,0,1140,498,2114
194,0,1697,512,795
195,0,1373,512,2543
196,0,906,510,2415
197,0,1043,515,1698
198,0,361,511,1725
199,0,1239,526,2099
200,0,910,541,2323
201,0,2382,550,2626
202,0,422,539,2132
203,0,1227,548,527
204,0,419,545,1427
205,0,1186,554,2352
206,0,471,551,2524
207,0,1192,562,1409
208,0,1159,561,1736
209,0,906,565,2405
210,0,1988,572,1112
211,0,1460,581,2673
212,0,1727,585,2466
213,0,659,583,2629
214,0,1211,593,1618
215,0,478,588,2549
216,0,726,593,2320
217,0,1498,596,2726
218,0,318,595,1593
219,0,532,600,1710
220,0,1915,618,2761
221,0,692,603,1060
222,0,967,606,1001
223,0,1221,608,650
224,0,1174,613,2559
225,0,737,610,2631
226,0,454,608,2786
227,0,1739,637,2811
228,0,1001,626,2387
229,0,1323,630,466
230,0,1814,642,2677
231,0,1201,639,2141
232,0,1963,647,2045
233,0,775,640,982
234,0,1939,652,1551
235,0,471,647,2710
236,0,1409,655,1132
237,0,1583,661,2841
238,0,1294,676,1962
239,0,1214,678,2517
240,0,1037,677,2876
241,0,1240,677,800
242,0,1209,683,540
243,0,2209,698,2906
244,0,2003,695,1114
245,0,1387,690,1698
246,0,1317,700,2137
247,0,540,693,1249
248,0,823,698,838
249,0,1365,710,2728
250,0,2863,726,2969
251,0,1370,714,2772
252,0,1082,706,671
253,0,919,713,2799
254,0,1523,720,1480
255,0,1249,719,1326
256,0,425,715,1396
257,0,1748,733,1646
258,0,1783,729,1423
259,0,1744,730,997
260,0,968,730,646
261,0,827,729,684
262,0,1160,731,2584
263,0,361,725,2115
264,0,1629,737,2882
265,0,1438,740,1744
266,0,403,731,772
267,0,1148,737,1130
268,0,1251,742,2326
269,0,1683,745,2828
270,0,1345,748,906
271,0,737,742,2105
272,0,1089,745,1951
273,0,646,747,761
274,0,1284,745,817
275,0,1236,745,1848
276,0,1275,755,3015
277,0,1316,752,1246
278,0,1304,753,1554
279,0,835,753,1612
280,0,280,743,1328
281,0,328,743,1595
282,0,209,746,782
283,0,346,749,1528
284,0,1247,759,967
285,0,2340,768,1684
286,0,808,764,2403
287,0,211,762,805
288,0,388,761,2671
289,0,1423,771,1006
290,0,2083,775,1383
291,0,1415,773,1831
292,0,1236,773,1638
293,0,1225,776,1190
294,0,222,765,2383
295,0,991,777,2820
296,0,960,772,1586
297,0,305,769,2720
298,0,543,774,681
299,0,669,780,1541
300,0,362,778,918
301,0,1247,787,3106
302,0,1014,786,2901
303,0,679,785,1239
304,0,2056,794,1458
305,0,1183,791,2979
306,0,249,780,1259
307,0,903,788,1496
308,0,265,787,1560
309,0,703,790,692
310,0,1053,791,769
311,0,287,785,1165
312,0,1864,803,1053
313,0,416,799,1257
314,0,1038,808,790
315,0,2326,808,2479
316,0,1262,805,2583
317,0,513,803,1008
318,0,1465,817,1517
319,0,1195,812,3091
320,0,1048,813,1694
321,0,379,809,1556
322,0,1384,822,1654
323,0,1887,822,2022
324,0,476,810,1883
325,0,1568,826,1318
326,0,726,819,1582
327,0,327,812,3066
328,0,921,826,768
329,0,444,816,847
330,0,268,819,987
331,0,302,816,1137
332,0,840,825,1485
333,0,2008,829,1747
334,0,1127,824,3002
335,0,1255,829,3121
336,0,324,819,1123
337,0,209,816,890
338,0,632,826,903
339,0,274,819,1417
340,0,1358,835,1106
341,0,323,821,1222
342,0,997,832,1283
343,0,277,822,1002
344,0,390,822,1438
345,0,1080,832,1854
346,0,310,828,1893
347,0,352,824,2204
348,0,293,825,1206
349,0,1232,835,2266
350,0,358,829,969
351,0,1026,834,2916
352,0,241,826,1833
353,0,1904,843,1978
354,0,1695,846,2700
355,0,307,834,1426
356,0,258,836,1567
357,0,1536,848,3150
358,0,211,836,887
359,0,475,838,695
360,0,305,837,1245
361,0,540,841,933
362,0,787,845,3179
363,0,203,838,1198
364,0,351,841,1450
365,0,240,840,1587
366,0,624,845,1815
367,0,996,849,1892
368,0,358,841,1220
369,0,249,844,1832
370,0,404,845,1373
371,0,1506,857,2657
372,0,969,859,1209
373,0,1292,858,3015
374,0,335,855,693
375,0,1267,855,1003
376,0,519,854,715
377,0,881,859,2027
378,0,1782,865,3059
379,0,474,853,3108
380,0,919,858,1549
381,0,298,852,1055
382,0,1040,863,2853
383,0,355,860,1758
384,0,670,870,1025
385,0,1996,872,1333
386,0,1547,874,3196
387,0,1813,880,1440
388,0,483,874,3093
389,0,283,867,1067
390,0,220,864,1526
391,0,1576,879,1646
392,0,1425,884,1579
393,0,571,873,1898
394,0,249,869,880
395,0,836,881,1091
396,0,1531,882,2593
397,0,910,878,2899
398,0,245,872,1877
399,0,692,880,1750
400,0,329,871,1775
401,0,1052,886,1969
402,0,579,875,2064
403,0,235,878,1527
404,0,929,886,2922
405,0,258,883,1012
406,0,1039,891,1279
407,0,366,884,1512
408,0,285,878,691
409,0,234,886,1782
410,0,1159,896,687
411,0,330,886,1376
412,0,1141,896,1837
413,0,346,896,1902
414,0,224,889,1884
415,0,375,890,991
416,0,1572,903,1119
417,0,1485,904,846
418,0,372,892,794
419,0,1768,903,1204
420,0,1712,905,744
421,0,2167,911,1060
422,0,250,894,1231
423,0,225,897,1296
424,0,237,899,1792
425,0,1164,905,928
426,0,1046,910,2146
427,0,1625,911,2507
428,0,1125,911,2888
429,0,1554,911,1935
430,0,1765,917,1251
431,0,288,902,1814
432,0,1061,913,792
433,0,344,904,1390
434,0,332,903,1483
435,0,228,902,1509
436,0,1584,918,1567
437,0,300,905,1779
438,0,253,908,1375
439,0,1931,921,1424
440,0,2218,927,1340
441,0,2270,924,1728
442,0,212,913,816
443,0,1978,928,989
444,0,233,915,1514
445,0,713,925,1495
446,0,375,920,913
447,0,345,920,946
448,0,1281,931,1872
449,0,1165,928,3266
450,0,1781,934,1146
451,0,301,922,1386
452,0,528,927,2011
453,0,260,932,1944
454,0,845,929,3299
455,0,630,930,3021
456,0,277,926,1834
457,0,1551,942,3342
458,0,571,942,1843
459,0,1103,939,2834
460,0,1870,948,1651
461,0,1193,943,727
462,0,469,938,2158
463,0,2012,952,1186
464,0,342,941,879
465,0,287,941,894
466,0,296,941,2137
467,0,1059,950,821
468,0,1101,957,1516
469,0,372,944,1813
470,0,434,947,1791
471,0,933,955,1926
472,0,904,957,905
473,0,348,949,1436
474,0,1420,960,3238
475,0,363,955,1827
476,0,1313,959,2877
477,0,1673,965,767
478,0,1417,958,3412
479,0,1098,968,1950
480,0,1246,965,3162
481,0,338,956,791
482,0,1716,970,1700
483,0,1121,968,2137
484,0,1341,976,1999
485,0,758,973,2032
486,0,356,970,2050
487,0,1741,985,871
488,0,668,974,2269
489,0,477,972,3002
490,0,1812,984,2079
491,0,1320,979,2745
492,0,1829,985,1849
493,0,245,977,1679
494,0,1483,985,997
495,0,1355,988,1325
496,0,1467,996,3254
497,0,233,984,3462
498,0,1663,1003,1913
499,0,211,985,2168
500,0,2120,1007,2190
501,0,2017,1005,1736
502,0,1365,1004,2148
503,0,298,994,2045
504,0,2026,1010,2269
505,0,1344,1006,838
506,0,706,1005,1823
507,0,1921,1018,2089
508,0,353,1002,776
509,0,994,1009,3179
510,0,1155,1010,2471
511,0,990,1013,1884
512,0,478,1008,2370
513,0,609,1018,791
514,0,935,1013,1549
515,0,705,1013,1419
516,0,1264,1027,962
517,0,358,1023,2365
518,0,278,1017,1968
519,0,1084,1028,2403
520,0,299,1020,1778
521,0,425,1023,1854
522,0,1240,1033,2683
523,0,1465,1035,3138
524,0,644,1033,1970
525,0,1072,1041,3169
526,0,1598,1042,2053
527,0,1032,1040,1828
528,0,1227,1041,3225
529,0,482,1032,2458
530,0,400,1033,3090
531,0,655,1039,1138
532,0,1434,1042,1786
533,0,1745,1053,2298
534,0,1960,1050,832
535,0,1514,1052,2121
536,0,1877,1060,2250
537,0,1032,1051,2360
538,0,236,1044,2475
539,0,571,1044,1522
540,0,281,1041,2008
541,0,1161,1059,1884
542,0,497,1046,1170
543,0,1161,1057,3367
544,0,231,1048,2020
545,0,1625,1063,2159
546,0,1702,1066,2212
547,0,1184,1067,1970
548,0,1378,1064,1853
549,0,514,1056,1945
550,0,245,1052,1987
551,0,1184,1062,3548
552,0,1452,1069,2428
553,0,958,1067,1910
554,0,1501,1071,3278
555,0,979,1068,2337
556,0,1513,1073,2033
557,0,422,1066,2451
558,0,1292,1075,2091
559,0,1353,1077,1604
560,0,1221,1080,1522
561,0,538,1073,1704
562,0,1797,1092,3475
563,0,428,1076,1995
564,0,522,1075,1010
565,0,1070,1079,1044
566,0,2374,1097,2392
567,0,1591,1099,1931
568,0,1946,1098,2525
569,0,1093,1092,3505
570,0,1569,1103,2147
571,0,1375,1097,3441
572,0,1543,1105,2109
573,0,353,1092,2241
574,0,876,1102,2056
575,0,354,1091,2483
576,0,1306,1104,2577
577,0,1132,1105,3545
578,0,1284,1106,3611
579,0,1609,1109,2317
580,0,840,1105,2456
581,0,1128,1109,2352
582,0,758,1108,2177
583,0,1354,1110,2279
584,0,367,1107,2211
585,0,352,1102,3371
586,0,2945,1136,3580
587,0,1212,1119,1382
588,0,1882,1122,1982
589,0,2258,1141,2246
590,0,1003,1125,3636
591,0,1163,1125,917
592,0,2088,1133,2078
593,0,1180,1127,2432
594,0,272,1120,892
595,0,1627,1135,2209
596,0,215,1120,2472
597,0,941,1130,3234
598,0,610,1130,3350
599,0,202,1132,2291
600,0,1381,1139,1033
601,0,1727,1147,2347
602,0,1992,1147,2509
603,0,816,1140,2399
604,0,538,1138,1482
605,0,282,1138,2482
606,0,614,1137,2976
607,0,1409,1151,2550
608,0,594,1144,3045
609,0,995,1148,1185
610,0,1070,1153,2280
611,0,241,1140,2576
612,0,476,1147,2378
613,0,1165,1158,2431
614,0,1432,1165,2586
615,0,441,1157,3677
616,0,756,1167,1528
617,0,1245,1169,2068
618,0,1273,1173,2335
619,0,954,1172,2465
620,0,1454,1179,3623
621,0,1536,1178,2660
622,0,923,1172,3548
623,0,1483,1187,2523
624,0,1056,1182,2282
625,0,1423,1186,2421
626,0,228,1176,2484
627,0,1209,1189,3373
628,0,839,1186,1298
629,0,492,1182,2241
630,0,1694,1197,2569
631,0,1642,1201,2386
632,0,242,1188,2262
633,0,1160,1199,2308
634,0,1187,1195,3421
635,0,933,1192,3680
636,0,335,1189,1378
637,0,1067,1200,1395
638,0,2024,1202,2624
639,0,1397,1202,3317
640,0,1648,1211,2465
641,0,1069,1209,2337
642,0,404,1197,3499
643,0,248,1200,2696
644,0,301,1198,3514
645,0,904,1204,1319
646,0,896,1208,2677
647,0,1675,1219,2511
648,0,511,1205,3655
649,0,1116,1210,2727
650,0,407,1204,3718
651,0,1405,1216,2778
652,0,1971,1220,1273
653,0,964,1219,3685
654,0,203,1211,3729
655,0,354,1211,1836
656,0,705,1217,1858
657,0,1938,1235,2430
658,0,1323,1220,2272
659,0,242,1213,2358
660,0,1417,1228,2138
661,0,1128,1227,3601
662,0,1173,1235,2612
663,0,1027,1232,2663
664,0,1130,1241,2584
665,0,1410,1240,3340
666,0,503,1229,3789
667,0,937,1238,2704
668,0,1163,1238,2814
669,0,1025,1246,2498
670,0,1274,1243,2739
671,0,2943,1257,3728
672,0,1093,1242,3392
673,0,971,1240,3538
674,0,1558,1251,2551
675,0,1424,1253,3811
676,0,1157,1251,2641
677,0,249,1240,3680
678,0,1263,1254,2471
679,0,1646,1258,3656
680,0,1162,1265,2768
681,0,1445,1267,2301
682,0,2201,1271,2706
683,0,1296,1267,3460
684,0,1037,1267,2796
685,0,1828,1272,2372
686,0,1314,1275,2520
687,0,1117,1271,1773
688,0,1485,1277,2853
689,0,2159,1286,2566
690,0,210,1267,2603
691,0,784,1279,2459
692,0,2603,1286,2639
693,0,1452,1288,2331
694,0,1034,1285,2819
695,0,1109,1286,3625
696,0,354,1278,2431
697,0,1193,1292,3838
698,0,861,1292,3489
699,0,642,1290,2234
700,0,267,1287,2488
701,0,2091,1305,2719
702,0,1092,1306,2793
703,0,1502,1301,3781
704,0,1331,1303,2895
705,0,1220,1314,2864
706,0,1308,1309,2764
707,0,861,1304,2463
708,0,1180,1309,2935
709,0,411,1303,2249
710,0,354,1298,3733
711,0,1453,1313,2043
712,0,228,1310,3740
713,0,258,1306,3759
714,0,762,1311,2583
715,0,1024,1319,3805
716,0,1176,1318,2219
717,0,281,1311,2648
718,0,744,1318,3854
719,0,1373,1320,2832
720,0,306,1315,3724
721,0,987,1323,2191
722,0,257,1316,2633
723,0,354,1323,3013
724,0,1903,1343,2912
725,0,1631,1342,3823
726,0,311,1325,2683
727,0,1167,1339,2951
728,0,1030,1343,2815
729,0,744,1332,3531
730,0,1155,1342,2719
731,0,779,1339,2751
732,0,1434,1342,3472
733,0,226,1332,2671
734,0,3115,1361,3881
735,0,1691,1351,3330
736,0,284,1341,3789
737,0,904,1346,1310
738,0,936,1358,3847
739,0,395,1345,3678
740,0,1059,1352,3047
741,0,1952,1366,2982
742,0,1128,1367,2801
743,0,1636,1361,2856
744,0,371,1352,3660
745,0,1135,1364,3762
746,0,1493,1368,2706
747,0,1229,1362,2638
748,0,1785,1376,2766
749,0,227,1356,2886
750,0,1002,1363,3203
751,0,833,1368,2248
752,0,417,1366,3969
753,0,420,1365,1217
754,0,536,1366,3737
755,0,929,1373,3796
756,0,221,1362,3955
757,0,422,1368,1313
758,0,1692,1376,2446
759,0,1088,1378,2938
760,0,1701,1390,3912
761,0,591,1373,3626
762,0,792,1378,3991
763,0,1503,1393,2838
764,0,1048,1383,2904
765,0,977,1379,3027
766,0,802,1386,2873
767,0,279,1377,3546
768,0,872,1395,2972
769,0,335,1382,3070
770,0,1226,1395,3608
771,0,1467,1394,1212
772,0,921,1393,2268
773,0,1823,1402,3947
774,0,1288,1401,1914
775,0,2055,1417,2989
776,0,273,1400,3065
777,0,869,1414,2872
778,0,333,1404,2809
779,0,982,1412,2905
780,0,204,1412,2795
781,0,1318,1418,1666
782,0,1466,1422,3068
783,0,1235,1421,3754
784,0,1356,1424,2940
785,0,1307,1425,2739
786,0,1020,1425,2825
787,0,781,1423,3026
788,0,1098,1426,3666
789,0,1797,1431,2595
790,0,453,1424,2030
791,0,3382,1445,3943
792,0,886,1429,2652
793,0,1504,1432,1297
794,0,1276,1438,2006
795,0,1305,1435,1829
796,0,961,1439,2907
797,0,1516,1442,2857
798,0,1085,1441,3105
799,0,501,1436,3837
800,0,1562,1448,1513
801,0,1799,1457,2053
802,0,1213,1453,2631
803,0,637,1444,3035
804,0,202,1438,3082
805,0,390,1438,3639
806,0,233,1439,2449
807,0,327,1442,2462
808,0,574,1444,2685
809,0,1177,1453,3000
810,0,898,1453,2958
811,0,1033,1461,2884
812,0,997,1456,1544
813,0,700,1459,3837
814,0,1344,1467,2816
815,0,1148,1472,2914
816,0,869,1467,3044
817,0,364,1457,1358
818,0,458,1464,2938
819,0,429,1458,3134
820,0,1661,1480,1345
821,0,1623,1486,3020
822,0,279,1459,2027
823,0,3038,1483,3997
824,0,2072,1474,3386
825,0,315,1462,3097
826,0,243,1463,3117
827,0,1697,1476,1416
828,0,357,1464,3813
829,0,395,1466,3910
830,0,218,1466,3062
831,0,254,1471,1367
832,0,336,1476,3089
833,0,223,1474,3074
834,0,1158,1492,2943
835,0,238,1482,2967
836,0,989,1487,3314
837,0,1292,1496,2982
838,0,1285,1491,3156
839,0,1067,1493,1877
840,0,1293,1498,3105
841,0,1206,1499,3062
842,0,826,1496,3214
843,0,899,1497,3918
844,0,1353,1503,2146
845,0,1976,1507,2224
846,0,634,1501,2905
847,0,411,1497,3812
848,0,2044,1519,4034
849,0,1347,1513,3182
850,0,759,1508,3829
851,0,1138,1512,2074
852,0,1778,1518,3888
853,0,209,1504,3133
854,0,976,1525,3033
855,0,942,1525,3066
856,0,897,1528,3139
857,0,1187,1527,2772
858,0,1308,1529,3002
859,0,2001,1541,3101
860,0,1428,1533,3236
861,0,1657,1529,3748
862,0,1172,1535,2971
863,0,1184,1533,3336
864,0,1050,1537,2435
865,0,1463,1545,3445
866,0,885,1542,3171
867,0,215,1530,3203
868,0,470,1537,3982
869,0,1709,1553,4059
870,0,1180,1549,2387
871,0,1395,1557,3063
872,0,2032,1560,3275
873,0,1319,1560,3023
874,0,204,1547,3131
875,0,1480,1564,3981
876,0,922,1567,3171
877,0,298,1556,3634
878,0,1138,1575,3620
879,0,1218,1576,3134
880,0,1818,1579,3227
881,0,796,1571,3197
882,0,1126,1571,4102
883,0,683,1571,3731
884,0,1393,1580,1821
885,0,1071,1583,3100
886,0,1218,1590,4068
887,0,1088,1597,3157
888,0,796,1588,3068
889,0,249,1586,4120
890,0,3079,1619,3293
891,0,451,1590,1368
892,0,1081,1601,3837
893,0,1798,1614,3186
894,0,1261,1606,3254
895,0,1810,1605,1327
896,0,2342,1616,4137
897,0,973,1605,2025
898,0,225,1595,3932
899,0,1586,1616,3971
900,0,1083,1606,1533
901,0,1078,1610,2222
902,0,1373,1616,3056
903,0,1173,1615,3122
904,0,1093,1609,3345
905,0,202,1609,3934
906,0,1648,1613,4032
907,0,230,1604,3947
908,0,861,1618,3092
909,0,1769,1623,1728
910,0,1775,1625,3414
911,0,829,1632,3332
912,0,1116,1628,2588
913,0,629,1634,3257
914,0,1565,1638,3763
915,0,256,1630,4169
916,0,1273,1641,3027
917,0,293,1628,3225
918,0,1348,1642,3368
919,0,1054,1641,4011
920,0,1170,1647,3147
921,0,1697,1653,3183
922,0,1581,1652,3230
923,0,347,1639,4216
924,0,1015,1651,4173
925,0,928,1650,2568
926,0,1142,1655,2536
927,0,2475,1664,2230
928,0,1074,1660,4242
929,0,224,1648,4193
930,0,2053,1673,3395
931,0,404,1655,2601
932,0,742,1665,3352
933,0,325,1659,3268
934,0,809,1669,2785
935,0,1302,1672,3832
936,0,1279,1673,3282
937,0,1043,1677,4059
938,0,2768,1694,4219
939,0,343,1668,1634
940,0,1515,1684,3212
941,0,1276,1684,3320
942,0,1583,1695,3432
943,0,322,1680,2766
944,0,1589,1696,3250
945,0,1365,1688,1562
946,0,1375,1688,2708
947,0,250,1677,3981
948,0,2144,1708,3340
949,0,420,1683,1613
950,0,270,1689,3981
951,0,424,1687,3060
952,0,1229,1695,4151
953,0,205,1683,4266
954,0,2825,1714,4110
955,0,619,1698,4274
956,0,276,1691,3465
957,0,1163,1707,3292
958,0,1264,1710,2372
959,0,1402,1714,3645
960,0,1574,1715,3383
961,0,1083,1722,2694
962,0,1585,1734,4245
963,0,428,1716,2286
964,0,1824,1726,3458
965,0,1158,1727,3143
966,0,1208,1730,3267
967,0,1399,1729,3525
968,0,1146,1734,4074
969,0,1286,1734,3600
970,0,1518,1746,3399
971,0,1088,1738,4186
972,0,1509,1748,3310
973,0,1319,1749,3360
974,0,1747,1754,4276
975,0,1338,1756,3428
976,0,733,1750,2836
977,0,1789,1767,3515
978,0,1193,1757,1802
979,0,677,1754,3478
980,0,1357,1774,3549
981,0,435,1760,1470
982,0,1272,1770,2083
983,0,1669,1781,3345
984,0,1218,1781,3447
985,0,250,1772,3479
986,0,637,1782,4263
987,0,588,1777,4240
988,0,429,1775,3296
989,0,808,1779,2405
990,0,2366,1797,2248
991,0,1341,1789,3407
992,0,343,1781,1456
993,0,230,1784,3480
994,0,504,1785,4317
995,0,411,1785,2123
996,0,1077,1805,3490
997,0,1208,1804,3597
998,0,305,1793,4231
999,0,925,1801,4281
1000,0,1300,1800,1707
1001,0,895,1804,3520
1002,0,1234,1806,3367
1003,0,680,1801,3865
1004,0,1261,1806,2965
1005,0,2020,1815,2861
1006,0,1010,1808,4337
1007,0,1220,1807,3176
1008,0,352,1803,2885
1009,0,1553,1817,3454
1010,0,1187,1811,1907
1011,0,772,1816,3393
1012,0,1236,1812,2063
1013,0,1305,1820,3566
1014,0,524,1812,1507
1015,0,995,1828,3414
1016,0,1997,1828,1600
1017,0,883,1825,3617
1018,0,2044,1840,4371
1019,0,719,1827,3924
1020,0,1690,1840,3528
1021,0,243,1830,1910
1022,0,1431,1848,3481
1023,0,690,1836,3670
1024,0,1554,1854,3565
1025,0,864,1853,3604
1026,0,997,1849,2209
1027,0,1189,1851,2886
1028,0,1187,1856,3633
1029,0,1316,1855,3391
1030,0,896,1852,3103
1031,0,1263,1859,4270
1032,0,1160,1857,1868
1033,0,1084,1856,3905
1034,0,1082,1863,4401
1035,0,267,1856,3420
1036,0,1447,1875,3452
1037,0,210,1859,3511
1038,0,1095,1871,2392
1039,0,1182,1883,3582
1040,0,1279,1878,3287
1041,0,247,1874,3528
1042,0,1397,1884,3411
1043,0,658,1888,1792
1044,0,1457,1896,2336
1045,0,1142,1893,3546
1046,0,846,1891,3624
1047,0,1565,1902,4423
1048,0,240,1884,1981
1049,0,1049,1905,3600
1050,0,1470,1899,3509
1051,0,343,1891,1818
1052,0,1072,1902,3468
1053,0,2291,1912,3671
1054,0,494,1903,4366
1055,0,276,1910,3560
1056,0,324,1906,1769
1057,0,1230,1914,3010
1058,0,1198,1919,2534
1059,0,1644,1937,3513
1060,0,784,1927,3459
1061,0,559,1920,3377
1062,0,1099,1927,3626
1063,0,1234,1928,2379
1064,0,1415,1928,3252
1065,0,254,1918,2053
1066,0,1254,1936,3586
1067,0,217,1919,2072
1068,0,1192,1935,3553
1069,0,1018,1930,2830
1070,0,1143,1941,3480
1071,0,1151,1937,4438
1072,0,665,1929,4343
1073,0,397,1933,2060
1074,0,2169,1944,3214
1075,0,364,1931,2354
1076,0,412,1931,2503
1077,0,485,1935,3712
1078,0,1043,1944,3009
1079,0,3485,1972,4466
1080,0,998,1946,3731
1081,0,560,1941,3808
1082,0,1831,1960,3639
1083,0,885,1948,2206
1084,0,1399,1955,1618
1085,0,510,1947,2578
1086,0,926,1952,1762
1087,0,204,1941,2558
1088,0,1309,1956,4354
1089,0,364,1952,2554
1090,0,217,1955,3540
1091,0,1259,1960,3967
1092,0,1272,1965,3591
1093,0,800,1963,2033
1094,0,1065,1970,1907
1095,0,1433,1970,1986
1096,0,1044,1973,1937
1097,0,1184,1974,2119
1098,0,1077,1974,2576
1099,0,1521,1979,3741
1100,0,1968,1984,3542
1101,0,531,1978,2547
1102,0,293,1975,3657
1103,0,832,1982,4409
1104,0,992,1987,4129
1105,0,396,1984,4106
1106,0,1267,1994,3599
1107,0,1120,1999,3686
1108,0,1700,2004,3801
1109,0,1273,2003,2242
1110,0,1220,2005,3630
1111,0,868,2006,3713
1112,0,713,2003,4504
1113,0,1424,2015,3429
1114,0,2182,2021,3569
1115,0,1294,2025,3653
1116,0,1482,2024,4387
1117,0,1314,2022,1896
1118,0,1264,2027,4323
1119,0,1007,2031,3732
1120,0,1446,2037,3690
1121,0,1459,2037,2864
1122,0,1247,2036,3175
1123,0,1316,2040,3613
1124,0,1255,2038,1840
1125,0,1015,2033,3818
1126,0,1520,2041,3770
1127,0,1372,2042,2583
1128,0,832,2049,4428
1129,0,567,2056,3581
1130,0,319,2044,2197
1131,0,983,2057,4400
1132,0,272,2052,3710
1133,0,1070,2060,3809
1134,0,1013,2056,1947
1135,0,1173,2058,3553
1136,0,1160,2059,2085
1137,0,392,2059,2206
1138,0,1325,2065,3734
1139,0,1745,2075,3646
1140,0,1246,2073,3614
1141,0,558,2067,3680
1142,0,374,2063,3113
1143,0,1167,2072,4554
1144,0,1743,2074,2357
1145,0,690,2072,3833
1146,0,805,2079,3699
1147,0,246,2074,3794
1148,0,931,2079,1853
1149,0,1086,2089,2386
1150,0,1755,2086,3878
1151,0,1183,2089,4399
1152,0,328,2081,2453
1153,0,283,2086,3743
1154,0,263,2083,2435
1155,0,1435,2102,3664
1156,0,1036,2092,1916
1157,0,2392,2109,1826
1158,0,1368,2099,2196
1159,0,257,2091,3833
1160,0,351,2094,1870
1161,0,279,2095,2448
1162,0,1417,2105,3711
1163,0,1372,2102,3274
1164,0,718,2100,3772
1165,0,1244,2108,3805
1166,0,1214,2110,2289
1167,0,636,2108,3031
1168,0,1270,2119,2665
1169,0,1197,2122,3751
1170,0,1171,2120,4508
1171,0,1021,2121,3973
1172,0,1570,2127,3874
1173,0,948,2128,3683
1174,0,1282,2127,4577
1175,0,1416,2132,3837
1176,0,1167,2128,1776
1177,0,1324,2132,2909
1178,0,1560,2139,3946
1179,0,1314,2136,3794
1180,0,1139,2137,4383
1181,0,2182,2155,3712
1182,0,1107,2146,2840
1183,0,1757,2156,2016
1184,0,1054,2152,3756
1185,0,975,2148,4181
1186,0,972,2149,3055
1187,0,201,2146,1991
1188,0,723,2158,2320
1189,0,1850,2174,3813
1190,0,1408,2164,4426
1191,0,214,2155,3880
1192,0,1077,2167,4212
1193,0,1497,2171,2444
1194,0,1185,2170,3862
1195,0,202,2167,3772
1196,0,285,2166,3837
1197,0,1233,2176,2996
1198,0,960,2179,4648
1199,0,1174,2182,3663
1200,0,393,2174,1789
1201,0,1427,2186,3733
1202,0,433,2178,2900
1203,0,276,2178,3761
1204,0,1217,2192,3785
1205,0,1157,2188,4546
1206,0,1395,2194,3870
1207,0,1105,2195,2040
1208,0,1051,2192,4676
1209,0,877,2193,3916
1210,0,287,2189,1801
1211,0,1323,2202,4242
1212,0,1047,2199,2140
1213,0,635,2204,2375
1214,0,1230,2211,4497
1215,0,1476,2217,3754
1216,0,1597,2217,4619
1217,0,1863,2223,3893
1218,0,1412,2218,3596
1219,0,1574,2221,3842
1220,0,235,2211,3809
1221,0,1498,2225,2347
1222,0,233,2219,2385
1223,0,1280,2228,3646
1224,0,453,2230,3796
1225,0,1569,2234,3973
1226,0,1150,2232,4290
1227,0,1261,2246,3764
1228,0,920,2244,2377
1229,0,1477,2252,4034
1230,0,1066,2248,3933
1231,0,1188,2248,2182
1232,0,1153,2249,3578
1233,0,1271,2258,3885
1234,0,1050,2256,4715
1235,0,2396,2276,3780
1236,0,1239,2263,2465
1237,0,899,2260,3301
1238,0,1371,2264,3848
1239,0,1370,2266,4576
1240,0,1127,2273,3915
1241,0,277,2266,4013
1242,0,1316,2280,2035
1243,0,950,2277,3160
1244,0,1067,2278,2579
1245,0,1225,2283,3818
1246,0,516,2276,2098
1247,0,2012,2294,4732
1248,0,538,2280,3974
1249,0,1163,2292,4651
1250,0,1402,2298,3928
1251,0,1403,2299,4054
1252,0,1799,2297,3867
1253,0,1226,2296,2319
1254,0,839,2300,2702
1255,0,2894,2307,3998
1256,0,505,2297,4621
1257,0,873,2312,3725
1258,0,346,2307,3813
1259,0,722,2318,3839
1260,0,252,2316,4030
1261,0,1443,2324,3933
1262,0,839,2320,2843
1263,0,1277,2323,2575
1264,0,1057,2333,4737
1265,0,316,2323,3814
1266,0,1511,2334,4077
1267,0,1314,2339,3859
1268,0,1077,2336,2757
1269,0,2611,2354,3903
1270,0,954,2333,4685
1271,0,1261,2341,4033
1272,0,355,2336,2860
1273,0,1336,2343,2502
1274,0,1310,2351,3958
1275,0,1239,2346,2291
1276,0,1043,2347,3995
1277,0,257,2344,2579
1278,0,3790,2386,4784
1279,0,433,2349,2595
1280,0,363,2348,1939
1281,0,1065,2357,2179
1282,0,305,2350,2001
1283,0,978,2362,3742
1284,0,1427,2361,4106
1285,0,1497,2373,2149
1286,0,366,2358,2030
1287,0,1348,2377,3997
1288,0,1695,2378,4041
1289,0,984,2374,3020
1290,0,1368,2381,4700
1291,0,1323,2386,3951
1292,0,1751,2395,3905
1293,0,216,2377,4073
1294,0,1287,2388,3110
1295,0,305,2380,2974
1296,0,1073,2395,4113
1297,0,1154,2397,4143
1298,0,1199,2400,4223
1299,0,921,2406,4004
1300,0,1904,2411,4443
1301,0,1391,2411,4084
1302,0,1125,2411,2973
1303,0,2455,2422,3955
1304,0,227,2406,4039
1305,0,328,2406,4732
1306,0,1236,2417,4355
1307,0,283,2419,4045
1308,0,418,2419,3916
1309,0,2009,2432,3076
1310,0,660,2420,4591
1311,0,1120,2433,4741
1312,0,1001,2427,2631
1313,0,984,2431,3996
1314,0,293,2421,4186
1315,0,2095,2448,4821
1316,0,1552,2445,4089
1317,0,1085,2439,4327
1318,0,1357,2440,4704
1319,0,1218,2441,2054
1320,0,1312,2443,4025
1321,0,2038,2446,4154
1322,0,421,2441,4600
1323,0,1026,2442,3137
1324,0,1457,2448,3722
1325,0,245,2439,4582
1326,0,396,2439,2402
1327,0,1936,2461,2294
1328,0,360,2452,3103
1329,0,1232,2462,2685
1330,0,1356,2465,3982
1331,0,1221,2463,3876
1332,0,729,2467,4594
1333,0,334,2462,2791
1334,0,3359,2503,4849
1335,0,774,2471,3583
1336,0,1268,2474,4020
1337,0,665,2470,4541
1338,0,636,2470,2837
1339,0,1428,2478,3706
1340,0,2005,2482,4190
1341,0,1559,2482,4124
1342,0,960,2477,2188
1343,0,1312,2486,3816
1344,0,705,2481,2152
1345,0,1272,2489,4285
1346,0,1479,2499,3681
1347,0,392,2486,4255
1348,0,352,2486,2100
1349,0,1221,2498,2845
1350,0,1798,2502,4019
1351,0,1145,2497,4777
1352,0,1429,2500,4548
1353,0,624,2497,4610
1354,0,286,2493,4087
1355,0,1040,2503,2593
1356,0,258,2498,4073
1357,0,1122,2513,3575
1358,0,1084,2511,4151
1359,0,225,2503,4236
1360,0,1554,2522,3019
1361,0,2453,2530,4049
1362,0,582,2512,4256
1363,0,1629,2521,4096
1364,0,350,2508,4590
1365,0,516,2514,3046
1366,0,1490,2519,2485
1367,0,2039,2526,3920
1368,0,1026,2528,4615
1369,0,1546,2527,4193
1370,0,337,2523,4237
1371,0,1224,2529,2410
1372,0,1377,2531,3965
1373,0,1448,2538,4127
1374,0,404,2528,3485
1375,0,979,2539,2461
1376,0,344,2534,3563
1377,0,1593,2544,3624
1378,0,1402,2543,4711
1379,0,2351,2562,4884
1380,0,334,2536,4017
1381,0,534,2540,3512
1382,0,1877,2553,4656
1383,0,1156,2553,4758
1384,0,846,2555,4180
1385,0,760,2562,4008
1386,0,1176,2557,2749
1387,0,233,2550,4158
1388,0,1737,2563,4227
1389,0,211,2552,2934
1390,0,532,2556,2954
1391,0,500,2556,4269
1392,0,2246,2570,4071
1393,0,1600,2575,4146
1394,0,647,2570,4799
1395,0,1009,2578,2689
1396,0,833,2577,2164
1397,0,1371,2588,4842
1398,0,1057,2583,4613
1399,0,746,2579,2406
1400,0,254,2575,4258
1401,0,290,2579,4192
1402,0,1322,2587,4285
1403,0,1181,2588,2273
1404,0,1084,2585,2828
1405,0,981,2589,4097
1406,0,1054,2591,2574
1407,0,2684,2616,4124
1408,0,758,2594,2183
1409,0,2175,2610,4911
1410,0,1133,2597,4740
1411,0,1187,2600,4776
1412,0,1466,2601,4243
1413,0,1292,2605,4207
1414,0,562,2603,3375
1415,0,1693,2608,4435
1416,0,541,2603,2850
1417,0,267,2600,3355
1418,0,1257,2614,4176
1419,0,1196,2613,4072
1420,0,1210,2615,2422
1421,0,715,2625,4317
1422,0,343,2628,4059
1423,0,2380,2640,4272
1424,0,226,2627,4883
1425,0,2321,2648,4920
1426,0,1057,2641,3327
1427,0,936,2641,2294
1428,0,934,2643,2526
1429,0,1379,2645,4150
1430,0,814,2640,2350
1431,0,449,2637,2265
1432,0,1252,2645,2766
1433,0,555,2642,2828
1434,0,2496,2658,4203
1435,0,415,2645,3594
1436,0,1015,2654,4798
1437,0,402,2646,4323
1438,0,1317,2663,2935
1439,0,900,2664,3061
1440,0,619,2657,3972
1441,0,2319,2679,4332
1442,0,1673,2674,4147
1443,0,542,2666,2814
1444,0,1160,2673,4248
1445,0,1607,2680,2856
1446,0,1201,2675,4758
1447,0,866,2683,4928
1448,0,1612,2683,4288
1449,0,297,2676,4949
1450,0,1238,2689,4878
1451,0,1185,2689,3307
1452,0,1356,2695,4203
1453,0,1576,2705,4775
1454,0,1370,2703,4157
1455,0,1765,2702,2474
1456,0,661,2695,4960
1457,0,316,2698,4390
1458,0,444,2701,4405
1459,0,954,2714,4935
1460,0,539,2703,2756
1461,0,913,2708,4241
1462,0,1362,2714,2929
1463,0,1999,2720,4351
1464,0,840,2709,2713
1465,0,803,2713,4280
1466,0,1164,2720,4971
1467,0,1176,2720,2844
1468,0,1192,2719,2511
1469,0,345,2711,4912
1470,0,1693,2736,4209
1471,0,900,2728,3558
1472,0,1418,2736,4258
1473,0,1064,2731,4826
1474,0,1049,2735,4904
1475,0,1339,2736,3437
1476,0,690,2733,2364
1477,0,704,2733,3374
1478,0,2082,2752,4985
1479,0,1282,2747,3836
1480,0,689,2748,4946
1481,0,1272,2746,4172
1482,0,868,2743,3401
1483,0,1233,2746,2764
1484,0,703,2742,3352
1485,0,634,2741,3534
1486,0,978,2746,2687
1487,0,2305,2758,4311
1488,0,213,2740,4929
1489,0,490,2743,2442
1490,0,1185,2750,4864
1491,0,1357,2753,2982
1492,0,1330,2754,4392
1493,0,715,2762,3416
1494,0,1397,2759,4356
1495,0,273,2751,4814
1496,0,1450,2771,3028
1497,0,1285,2769,2348
1498,0,463,2760,3052
1499,0,213,2757,4246
1500,0,1004,2767,4679
1501,0,319,2760,3368
1502,0,1247,2771,4266
1503,0,2986,2783,4212
1504,0,1425,2775,2866
1505,0,859,2773,3786
1506,0,900,2776,4123
1507,0,638,2777,3369
1508,0,1062,2785,4960
1509,0,4190,2807,5004
1510,0,761,2779,3745
1511,0,313,2787,3459
1512,0,1028,2790,4043
1513,0,999,2789,4494
1514,0,1257,2798,4275
1515,0,1598,2801,4320
1516,0,975,2797,3058
1517,0,357,2788,4017
1518,0,1280,2804,4613
1519,0,1292,2802,2431
1520,0,1176,2805,2630
1521,0,1618,2806,3107
1522,0,1685,2804,4383
1523,0,603,2805,2764
1524,0,1148,2814,4755
1525,0,1079,2816,4916
1526,0,1204,2819,4243
1527,0,1491,2832,4357
1528,0,1231,2831,4298
1529,0,866,2823,2736
1530,0,1534,2829,2981
1531,0,681,2823,2362
1532,0,960,2826,3313
1533,0,840,2830,2560
1534,0,1140,2839,4879
1535,0,1161,2837,2820
1536,0,1152,2842,2917
1537,0,1150,2843,4269
1538,0,934,2838,2443
1539,0,1524,2846,3098
1540,0,1171,2845,4392
1541,0,1003,2849,4987
1542,0,2255,2855,5033
1543,0,1632,2850,4448
1544,0,224,2848,4812
1545,0,347,2851,4826
1546,0,1244,2858,4948
1547,0,1354,2858,4223
1548,0,422,2853,4916
1549,0,424,2858,4187
1550,0,789,2867,4256
1551,0,390,2859,3214
1552,0,228,2862,4374
1553,0,965,2871,4352
1554,0,1076,2871,4413
1555,0,1922,2882,4285
1556,0,987,2875,2607
1557,0,1678,2883,4322
1558,0,629,2870,3556
1559,0,578,2871,3002
1560,0,327,2877,5003
1561,0,910,2885,2646
1562,0,1493,2885,3686
1563,0,2595,2902,5046
1564,0,969,2891,2459
1565,0,1462,2902,4404
1566,0,473,2889,2996
1567,0,1264,2899,3536
1568,0,1112,2899,2908
1569,0,981,2903,4249
1570,0,722,2902,5010
1571,0,1306,2903,4361
1572,0,1557,2908,4444
1573,0,1221,2918,4835
1574,0,204,2906,4475
1575,0,486,2914,4187
1576,0,902,2919,4496
1577,0,234,2909,4976
1578,0,1571,2929,4997
1579,0,2295,2930,4310
1580,0,1086,2931,4471
1581,0,343,2918,2714
1582,0,1098,2930,4365
1583,0,995,2928,5093
1584,0,1296,2934,3140
1585,0,1182,2939,5050
1586,0,1242,2934,3185
1587,0,2425,2950,4420
1588,0,664,2943,2882
1589,0,1440,2960,4472
1590,0,359,2948,4276
1591,0,3415,2984,5067
1592,0,2450,2967,3500
1593,0,1098,2955,4349
1594,0,1401,2959,2521
1595,0,964,2965,5019
1596,0,1494,2960,2689
1597,0,1168,2960,4173
1598,0,515,2957,3168
1599,0,683,2960,2623
1600,0,1021,2966,4381
1601,0,1992,2974,3618
1602,0,1295,2970,4311
1603,0,1617,2980,4717
1604,0,305,2964,4968
1605,0,895,2978,2961
1606,0,1409,2988,4347
1607,0,1376,2989,5114
1608,0,852,2994,5031
1609,0,1384,2993,3252
1610,0,1284,2992,4406
1611,0,800,2988,2993
1612,0,1043,2992,4041
1613,0,871,2993,4466
1614,0,1275,3003,2609
1615,0,864,3004,4009
1616,0,410,3002,4373
1617,0,1335,3016,4334
1618,0,533,3005,3987
1619,0,656,3014,4454
1620,0,822,3009,4985
1621,0,815,3022,5041
1622,0,524,3011,4958
1623,0,792,3022,4385
1624,0,1590,3029,4418
1625,0,347,3013,5013
1626,0,931,3027,3205
1627,0,2946,3046,5094
1628,0,1124,3025,2801
1629,0,342,3022,3182
1630,0,486,3027,4497
1631,0,1455,3037,4585
1632,0,1381,3050,4355
1633,0,830,3037,4278
1634,0,1257,3044,2739
1635,0,611,3039,2862
1636,0,207,3034,4474
1637,0,1169,3046,3307
1638,0,1274,3047,3990
1639,0,223,3044,4500
1640,0,1149,3048,2955
1641,0,233,3042,4381
1642,0,1032,3049,4718
1643,0,1167,3058,5056
1644,0,1804,3057,4445
1645,0,276,3046,4695
1646,0,722,3057,2766
1647,0,1282,3055,3911
1648,0,381,3051,4835
1649,0,1227,3063,3725
1650,0,982,3060,4257
1651,0,324,3056,4326
1652,0,1085,3074,4987
1653,0,2006,3080,4392
1654,0,593,3072,2924
1655,0,1489,3086,5015
1656,0,788,3081,2777
1657,0,1819,3083,4487
1658,0,1129,3084,2902
1659,0,969,3081,3438
1660,0,1148,3090,5073
1661,0,1369,3095,5110
1662,0,1122,3090,3121
1663,0,1615,3091,4557
1664,0,259,3087,4421
1665,0,713,3096,5039
1666,0,336,3093,4455
1667,0,305,3092,3569
1668,0,336,3100,4432
1669,0,949,3106,2935
1670,0,1344,3107,3288
1671,0,1042,3110,2823
1672,0,1330,3117,2737
1673,0,532,3117,5066
1674,0,1915,3125,4453
1675,0,256,3112,4413
1676,0,1785,3121,3624
1677,0,337,3110,4501
1678,0,386,3114,3034
1679,0,2097,3135,5120
1680,0,2156,3136,4532
1681,0,850,3132,5084
1682,0,508,3123,3049
1683,0,332,3124,5049
1684,0,389,3122,4390
1685,0,1311,3133,4886
1686,0,395,3134,4491
1687,0,968,3137,4607
1688,0,589,3130,3313
1689,0,239,3128,4511
1690,0,1448,3139,4575
1691,0,259,3132,3097
1692,0,1562,3147,4764
1693,0,1328,3144,3993
1694,0,488,3140,3113
1695,0,1192,3153,5043
1696,0,1117,3154,4261
1697,0,1584,3156,4221
1698,0,1586,3158,4381
1699,0,707,3156,4410
1700,0,1211,3157,4484
1701,0,1584,3162,2761
1702,0,763,3161,4430
1703,0,910,3162,5090
1704,0,1079,3174,5127
1705,0,1426,3177,3226
1706,0,299,3171,4516
1707,0,1223,3180,3689
1708,0,1275,3182,4454
1709,0,1769,3195,3338
1710,0,569,3185,5100
1711,0,1985,3199,5143
1712,0,1472,3203,4494
1713,0,1112,3198,2930
1714,0,1239,3198,3271
1715,0,738,3193,4532
1716,0,1094,3200,3371
1717,0,1302,3201,4667
1718,0,1507,3206,4562
1719,0,723,3206,5098
1720,0,1249,3206,3537
1721,0,1220,3210,3719
1722,0,427,3206,4404
1723,0,1439,3215,4448
1724,0,318,3206,4591
1725,0,696,3217,4523
1726,0,369,3219,4389
1727,0,243,3221,4408
1728,0,1344,3232,3014
1729,0,1515,3233,5150
1730,0,366,3222,2991
1731,0,396,3223,2904
1732,0,232,3228,4466
1733,0,1421,3240,4592
1734,0,583,3236,5103
1735,0,460,3234,2921
1736,0,299,3239,4468
1737,0,1548,3246,4413
1738,0,1090,3244,3143
1739,0,3765,3271,5141
1740,0,1188,3249,3515
1741,0,226,3238,4528
1742,0,1176,3252,4485
1743,0,1251,3249,5071
1744,0,1216,3251,2858
1745,0,1544,3260,2763
1746,0,497,3253,4551
1747,0,201,3256,4538
1748,0,736,3264,4452
1749,0,1427,3272,4511
1750,0,1841,3279,4612
1751,0,1322,3273,4575
1752,0,1931,3279,3004
1753,0,799,3270,3151
1754,0,1363,3277,3818
1755,0,1170,3277,3952
1756,0,1145,3280,4888
1757,0,1472,3283,4425
1758,0,546,3278,3865
1759,0,2078,3293,3227
1760,0,607,3281,3448
1761,0,493,3282,4709
1762,0,1022,3290,4193
1763,0,1179,3296,5089
1764,0,652,3298,5176
1765,0,1397,3302,4465
1766,0,580,3298,3089
1767,0,1562,3307,4552
1768,0,581,3300,3611
1769,0,1125,3305,4012
1770,0,709,3301,5045
1771,0,1797,3309,3900
1772,0,382,3301,3066
1773,0,938,3309,3349
1774,0,1042,3309,3448
1775,0,1237,3311,3412
1776,0,710,3310,4626
1777,0,3067,3334,5157
1778,0,436,3309,3320
1779,0,1948,3321,4509
1780,0,1391,3324,3282
1781,0,528,3328,3336
1782,0,559,3323,3496
1783,0,1347,3329,4583
1784,0,1031,3329,5089
1785,0,852,3334,4460
1786,0,569,3336,3040
1787,0,864,3342,3623
1788,0,1652,3360,4488
1789,0,1320,3351,4608
1790,0,1265,3352,4529
1791,0,1381,3349,2982
1792,0,297,3339,3403
1793,0,394,3353,3400
1794,0,1773,3368,5190
1795,0,1045,3361,4569
1796,0,315,3350,3281
1797,0,1171,3362,3515
1798,0,1389,3366,4677
1799,0,1139,3365,5082
1800,0,1027,3367,3061
1801,0,1165,3370,3442
1802,0,385,3362,4267
1803,0,1011,3372,3614
1804,0,1194,3375,4389
1805,0,813,3379,3392
1806,0,403,3368,3821
1807,0,1663,3378,3747
1808,0,1089,3383,3363
1809,0,844,3383,4524
1810,0,910,3390,4573
1811,0,1398,3393,4645
1812,0,1404,3402,4497
1813,0,661,3397,5185
1814,0,705,3395,3239
1815,0,1328,3400,3888
1816,0,1503,3412,4550
1817,0,1447,3410,5127
1818,0,4115,3443,5208
1819,0,437,3403,3718
1820,0,393,3403,4614
1821,0,453,3409,3692
1822,0,1142,3425,4664
1823,0,1588,3431,4627
1824,0,1441,3430,3200
1825,0,645,3423,4691
1826,0,575,3425,3287
1827,0,1469,3435,4077
1828,0,1651,3438,4501
1829,0,1796,3439,4577
1830,0,439,3429,3263
1831,0,968,3436,4390
1832,0,1127,3439,5097
1833,0,1252,3437,4233
1834,0,1001,3439,4965
1835,0,1167,3444,4921
1836,0,426,3440,5069
1837,0,1205,3455,3627
1838,0,1627,3461,4705
1839,0,1205,3465,3144
1840,0,1291,3471,4583
1841,0,766,3469,2957
1842,0,1533,3479,3790
1843,0,882,3478,4627
1844,0,1801,3487,4664
1845,0,1182,3482,3336
1846,0,1023,3482,3113
1847,0,737,3491,5210
1848,0,1815,3494,4520
1849,0,1231,3485,3591
1850,0,1025,3489,3640
1851,0,1486,3495,4554
1852,0,1709,3503,5181
1853,0,375,3483,3365
1854,0,1025,3491,3013
1855,0,1236,3500,4604
1856,0,1163,3495,5133
1857,0,527,3498,3258
1858,0,880,3506,4733
1859,0,235,3510,4746
1860,0,2309,3529,5228
1861,0,540,3513,3523
1862,0,276,3511,4630
1863,0,1520,3526,4707
1864,0,1288,3523,4176
1865,0,1214,3521,3798
1866,0,450,3519,4566
1867,0,278,3516,4670
1868,0,1263,3531,4602
1869,0,1295,3543,4679
1870,0,407,3532,3509
1871,0,1053,3539,3598
1872,0,1022,3538,5127
1873,0,1002,3545,3628
1874,0,1361,3550,5165
1875,0,1182,3548,3839
1876,0,1533,3550,4546
1877,0,1301,3557,4591
1878,0,245,3547,4737
1879,0,1279,3555,3694
1880,0,1514,3556,4414
1881,0,1237,3556,3034
1882,0,512,3553,3580
1883,0,208,3551,3863
1884,0,996,3558,5099
1885,0,4058,3582,3168
1886,0,1113,3567,5239
1887,0,654,3561,4022
1888,0,1241,3570,4099
1889,0,1179,3570,5066
1890,0,1713,3577,4649
1891,0,1637,3579,5132
1892,0,1225,3573,3885
1893,0,1714,3573,4711
1894,0,1232,3578,3656
1895,0,1574,3586,4585
1896,0,254,3586,4554
1897,0,714,3593,5249
1898,0,1603,3593,4770
1899,0,689,3593,3569
1900,0,1225,3603,4677
1901,0,1326,3607,4629
1902,0,1034,3603,5049
1903,0,248,3596,4727
1904,0,1246,3610,3258
1905,0,1192,3608,3742
1906,0,1562,3614,4516
1907,0,1383,3617,3610
1908,0,874,3612,4717
1909,0,1000,3613,4584
1910,0,1987,3628,5246
1911,0,1034,3617,5190
1912,0,533,3620,3136
1913,0,737,3629,4685
1914,0,230,3621,4656
1915,0,1222,3628,3395
1916,0,2008,3640,4602
1917,0,1229,3637,4717
1918,0,1343,3638,3541
1919,0,1344,3647,5166
1920,0,303,3638,3578
1921,0,303,3641,3593
1922,0,2006,3652,3207
1923,0,1239,3652,4038
1924,0,1194,3659,3492
1925,0,932,3659,4685
1926,0,425,3656,3633
1927,0,331,3654,5265
1928,0,807,3664,4526
1929,0,857,3668,4645
1930,0,834,3668,4494
1931,0,1407,3675,5074
1932,0,1654,3691,5270
1933,0,1346,3675,4612
1934,0,262,3663,4782
1935,0,1436,3682,3456
1936,0,2081,3678,3875
1937,0,1235,3681,4797
1938,0,1365,3685,4693
1939,0,322,3676,3643
1940,0,225,3677,4663
1941,0,1361,3688,4735
1942,0,1277,3691,5176
1943,0,1094,3691,3946
1944,0,1080,3699,4636
1945,0,1357,3705,4767
1946,0,283,3699,5109
1947,0,310,3699,5123
1948,0,319,3699,3920
1949,0,1469,3711,4835
1950,0,272,3702,4659
1951,0,885,3712,4805
1952,0,1308,3715,4708
1953,0,956,3720,5191
1954,0,208,3719,4659
1955,0,1299,3734,4639
1956,0,1135,3736,4792
1957,0,284,3727,5282
1958,0,708,3733,3786
1959,0,1088,3742,4694
1960,0,1248,3743,4551
1961,0,1045,3741,3372
1962,0,215,3743,4675
1963,0,266,3743,4768
1964,0,367,3745,4081
1965,0,430,3747,3665
1966,0,1143,3758,4723
1967,0,1268,3754,5232
1968,0,340,3750,4663
1969,0,1654,3774,5286
1970,0,879,3760,4041
1971,0,316,3758,4095
1972,0,327,3763,4655
1973,0,523,3763,4587
1974,0,1815,3776,4749
1975,0,1830,3776,3991
1976,0,368,3766,4602
1977,0,1202,3774,5017
1978,0,2630,3784,3393
1979,0,1280,3773,4297
1980,0,1193,3776,5079
1981,0,1540,3779,4690
1982,0,785,3777,5258
1983,0,2441,3796,3350
1984,0,1146,3790,3684
1985,0,1503,3795,3449
1986,0,1225,3800,4666
1987,0,551,3792,4639
1988,0,380,3788,4784
1989,0,591,3789,4814
1990,0,1362,3799,4368
1991,0,973,3801,3781
1992,0,404,3805,4804
1993,0,1151,3811,4743
1994,0,229,3803,4773
1995,0,1870,3827,3767
1996,0,1412,3825,4690
1997,0,1315,3823,4572
1998,0,409,3814,5094
1999,0,2852,3840,3451
2000,0,2456,3839,4778
2001,0,301,3826,5099
2002,0,1053,3829,5146
2003,0,1156,3830,4826
2004,0,1364,3838,4723
2005,0,1607,3836,3520
2006,0,845,3840,5182
2007,0,1323,3850,3412
2008,0,2199,3872,5309
2009,0,1766,3850,4349
2010,0,305,3839,3723
2011,0,1460,3858,5242
2012,0,1542,3869,4673
2013,0,805,3858,5139
2014,0,909,3857,3196
2015,0,929,3862,3755
2016,0,849,3859,3866
2017,0,274,3857,4708
2018,0,874,3865,3385
2019,0,1127,3864,5017
2020,0,942,3871,4770
2021,0,1218,3873,3279
2022,0,723,3874,4934
2023,0,1544,3883,4866
2024,0,325,3879,3204
2025,0,1169,3884,3683
2026,0,1625,3890,4740
2027,0,1211,3882,4274
2028,0,1336,3891,4701
2029,0,346,3885,4791
2030,0,238,3896,4794
2031,0,1280,3905,5250
2032,0,1276,3908,5163
2033,0,886,3905,4564
2034,0,1476,3917,4863
2035,0,1009,3911,4813
2036,0,874,3917,3378
2037,0,408,3908,4533
2038,0,1812,3924,4771
2039,0,269,3920,5310
2040,0,1104,3935,4829
2041,0,1172,3930,4636
2042,0,261,3927,4738
2043,0,2628,3950,4714
2044,0,924,3948,5327
2045,0,1094,3942,3803
2046,0,274,3937,4686
2047,0,1351,3956,4855
2048,0,1042,3953,5300
2049,0,1373,3954,4798
2050,0,1578,3957,3283
2051,0,616,3953,3972
2052,0,1189,3963,3600
2053,0,653,3960,3784
2054,0,1578,3966,4891
2055,0,1758,3975,4757
2056,0,1138,3969,5254
2057,0,1884,3973,3907
2058,0,818,3974,4825
2059,0,961,3991,5335
2060,0,1327,3986,4601
2061,0,1182,3991,3648
2062,0,624,3985,4640
2063,0,1106,3990,3855
2064,0,1315,3996,4857
2065,0,829,3991,3569
2066,0,201,3985,4787
2067,0,1289,3997,4710
2068,0,1182,4001,4810
2069,0,1725,4006,5216
2070,0,1223,4002,3803
2071,0,1505,4013,3554
2072,0,841,4005,4160
2073,0,932,4004,4664
2074,0,1618,4011,4955
2075,0,1869,4017,4769
2076,0,1103,4013,4377
2077,0,1209,4018,4883
2078,0,1224,4025,4723
2079,0,1624,4032,3709
2080,0,1181,4040,4908
2081,0,547,4036,3866
2082,0,1224,4048,4787
2083,0,410,4036,4824
2084,0,494,4042,3840
2085,0,1414,4049,4853
2086,0,1304,4053,4746
2087,0,1171,4052,4955
2088,0,276,4055,3862
2089,0,1294,4061,3425
2090,0,816,4060,4883
2091,0,1142,4063,5290
2092,0,1168,4061,4271
2093,0,589,4069,5349
2094,0,1249,4068,4339
2095,0,1169,4079,4769
2096,0,1407,4073,4818
2097,0,1348,4082,4728
2098,0,1130,4079,3479
2099,0,1494,4091,4851
2100,0,320,4082,4562
2101,0,265,4083,4493
2102,0,1146,4094,3535
2103,0,1118,4096,3436
2104,0,409,4086,4478
2105,0,1362,4098,3684
2106,0,1397,4108,5347
2107,0,1203,4098,3820
2108,0,1124,4099,5316
2109,0,1274,4101,3739
2110,0,518,4095,4307
2111,0,515,4093,4975
2112,0,1329,4103,4032
2113,0,326,4098,5284
2114,0,1265,4111,4784
2115,0,925,4110,4812
2116,0,1282,4109,3623
2117,0,1173,4114,5261
2118,0,201,4105,3454
2119,0,268,4110,5292
2120,0,1305,4119,4751
2121,0,251,4108,4730
2122,0,1202,4121,3794
2123,0,2233,4130,4901
2124,0,588,4122,4834
2125,0,442,4125,3684
2126,0,955,4133,4370
2127,0,1900,4153,5354
2128,0,895,4139,5316
2129,0,416,4142,4820
2130,0,270,4135,4349
2131,0,1427,4149,4782
2132,0,980,4147,4995
2133,0,236,4146,4807
2134,0,224,4141,4845
2135,0,473,4150,5257
2136,0,837,4154,4059
2137,0,804,4157,4462
2138,0,291,4159,4834
2139,0,234,4155,4851
2140,0,561,4162,4653
2141,0,1171,4169,3951
2142,0,1492,4170,4910
2143,0,1264,4171,3900
2144,0,434,4171,3974
2145,0,599,4169,3870
2146,0,224,4171,4993
2147,0,1728,4178,3593
2148,0,1451,4179,4863
2149,0,1195,4179,3518
2150,0,1627,4186,4791
2151,0,223,4173,4822
2152,0,1061,4185,3457
2153,0,269,4181,3559
2154,0,1016,4194,4835
2155,0,1099,4198,5357
2156,0,1352,4209,4908
2157,0,1021,4208,3856
2158,0,886,4211,3883
2159,0,906,4211,4806
2160,0,1422,4215,4940
2161,0,1250,4216,4275
2162,0,802,4215,4876
2163,0,2177,4225,4586
2164,0,1465,4232,5365
2165,0,1284,4223,4125
2166,0,221,4224,3924
2167,0,565,4224,3758
2168,0,1151,4230,3668
2169,0,1187,4229,4835
2170,0,2202,4236,5042
2171,0,1365,4239,4796
2172,0,986,4234,4962
2173,0,1875,4237,5107
2174,0,1204,4241,4000
2175,0,852,4240,4318
2176,0,1256,4246,4474
2177,0,1226,4248,3524
2178,0,1200,4247,4357
2179,0,1583,4252,4870
2180,0,890,4259,5349
2181,0,1616,4263,3966
2182,0,1501,4266,3928
2183,0,1180,4266,4930
2184,0,1219,4276,5007
2185,0,1259,4280,3539
2186,0,1226,4280,4838
2187,0,319,4269,4813
2188,0,758,4272,4075
2189,0,762,4275,4041
2190,0,1451,4284,4886
2191,0,1534,4286,4972
2192,0,978,4288,4714
2193,0,334,4287,4736
2194,0,1378,4301,4811
2195,0,683,4292,5382
2196,0,994,4294,5197
2197,0,1185,4303,3896
2198,0,278,4299,4947
2199,0,912,4308,4858
2200,0,1490,4312,3943
2201,0,624,4307,4923
2202,0,1035,4312,5304
2203,0,1618,4323,3668
2204,0,659,4316,5383
2205,0,1086,4321,3753
2206,0,251,4317,3690
2207,0,1847,4338,4840
2208,0,710,4325,4941
2209,0,713,4329,4905
2210,0,1039,4336,3643
2211,0,1627,4338,4082
2212,0,912,4344,3732
2213,0,1227,4353,5383
2214,0,1198,4346,3545
2215,0,306,4341,4954
2216,0,1036,4354,3920
2217,0,1198,4354,4897
2218,0,237,4343,5365
2219,0,869,4358,3520
2220,0,989,4352,3588
2221,0,1204,4358,3792
2222,0,1244,4367,4934
2223,0,1342,4375,4867
2224,0,293,4363,5303
2225,0,1564,4380,4828
2226,0,1143,4377,3562
2227,0,941,4381,5314
2228,0,1184,4384,4019
2229,0,717,4383,4992
2230,0,317,4377,5339
2231,0,1226,4391,3809
2232,0,1297,4391,4898
2233,0,1447,4400,4963
2234,0,1617,4407,5383
2235,0,889,4400,3932
2236,0,1020,4406,3568
2237,0,1311,4403,5150
2238,0,1191,4403,4783
2239,0,220,4403,4832
2240,0,1361,4417,4998
2241,0,1846,4434,4838
2242,0,1849,4428,4897
2243,0,1168,4437,4495
2244,0,619,4433,4961
2245,0,1092,4442,4465
2246,0,1579,4449,4935
2247,0,836,4447,4985
2248,0,1525,4451,5393
2249,0,479,4438,4101
2250,0,507,4439,4527
2251,0,815,4447,3657
2252,0,1246,4452,4428
2253,0,1492,4460,4882
2254,0,1055,4451,4700
2255,0,1108,4459,4660
2256,0,1687,4473,3686
2257,0,1129,4470,5355
2258,0,1034,4470,5037
2259,0,581,4467,4603
2260,0,2346,4483,5201
2261,0,1340,4476,4961
2262,0,1056,4478,4019
2263,0,2144,4492,3590
2264,0,352,4471,4573
2265,0,2030,4485,4846
2266,0,418,4478,3999
2267,0,737,4486,5387
2268,0,1277,4492,4994
2269,0,1452,4501,3820
2270,0,1600,4502,4892
2271,0,508,4505,5235
2272,0,1859,4523,4972
2273,0,1256,4515,4934
2274,0,1086,4518,5284
2275,0,1582,4524,4845
2276,0,1263,4521,5143
2277,0,337,4514,3570
2278,0,354,4515,5059
2279,0,1241,4528,5407
2280,0,1350,4538,4888
2281,0,418,4532,3792
2282,0,1171,4544,3921
2283,0,1080,4542,5343
2284,0,1183,4547,5239
2285,0,1576,4554,4927
2286,0,564,4549,5390
2287,0,863,4552,4149
2288,0,1467,4562,4854
2289,0,870,4564,4956
2290,0,278,4567,5382
2291,0,1102,4570,5421
2292,0,1154,4573,5184
2293,0,407,4567,4892
2294,0,2561,4609,5391
2295,0,318,4580,4880
2296,0,1174,4584,5232
2297,0,965,4590,4842
2298,0,1210,4587,3509
2299,0,1195,4591,4960
2300,0,1056,4587,5151
2301,0,774,4585,5362
2302,0,1166,4598,3928
2303,0,385,4586,4920
2304,0,989,4597,4243
2305,0,1205,4602,5313
2306,0,1807,4611,3534
2307,0,1509,4605,5045
2308,0,1320,4608,3849
2309,0,336,4597,5421
2310,0,600,4615,5419
2311,0,1586,4615,4878
2312,0,2471,4624,4960
2313,0,1373,4624,4840
2314,0,688,4635,4058
2315,0,918,4640,4906
2316,0,1264,4647,3932
2317,0,1645,4650,5014
2318,0,987,4651,3623
2319,0,1307,4654,4857
2320,0,1122,4655,3984
2321,0,2040,4667,4903
2322,0,1108,4660,4606
2323,0,805,4661,5358
2324,0,265,4655,5339
2325,0,1160,4662,4557
2326,0,374,4663,4974
2327,0,1128,4673,3670
2328,0,482,4666,4328
2329,0,1039,4682,3622
2330,0,1065,4681,4005
2331,0,1172,4688,4851
2332,0,1057,4690,4545
2333,0,1906,4698,4681
2334,0,1594,4691,5235
2335,0,1222,4686,4261
2336,0,1098,4689,4969
2337,0,867,4685,3867
2338,0,1216,4693,4224
2339,0,500,4692,3831
2340,0,1024,4698,4909
2341,0,1744,4705,3913
2342,0,1561,4711,4874
2343,0,1530,4705,5018
2344,0,997,4708,5056
2345,0,1068,4715,4985
2346,0,1350,4721,4948
2347,0,527,4715,4136
2348,0,448,4722,3804
2349,0,249,4723,4843
2350,0,1157,4728,5305
2351,0,1136,4732,3990
2352,0,1401,4735,4919
2353,0,1076,4737,3620
2354,0,1198,4745,4862
2355,0,1428,4753,4981
2356,0,832,4751,3704
2357,0,322,4744,5347
2358,0,1316,4756,5196
2359,0,967,4758,4827
2360,0,647,4763,4879
2361,0,962,4762,3635
2362,0,939,4763,4903
2363,0,716,4764,5346
2364,0,776,4760,3834
2365,0,391,4757,4017
2366,0,662,4775,4850
2367,0,1433,4773,4946
2368,0,1614,4779,3976
2369,0,740,4774,5009
2370,0,622,4785,5346
2371,0,1389,4795,4919
2372,0,1172,4787,5312
2373,0,1519,4798,4877
2374,0,249,4791,4843
2375,0,1189,4807,5206
2376,0,1125,4810,5344
2377,0,1264,4822,5409
2378,0,302,4807,4954
2379,0,433,4810,4987
2380,0,1195,4824,4855
2381,0,1206,4830,4962
2382,0,354,4817,3821
2383,0,219,4820,4897
2384,0,598,4825,3728
2385,0,728,4829,3856
2386,0,297,4825,4998
2387,0,1369,4845,4889
2388,0,1456,4851,5337
2389,0,1181,4841,4740
2390,0,1121,4852,3913
2391,0,1272,4852,4934
2392,0,1449,4853,4995
2393,0,209,4849,4964
2394,0,1265,4856,3715
2395,0,1969,4867,4860
2396,0,392,4854,4375
2397,0,905,4863,4046
2398,0,359,4857,5404
2399,0,1603,4877,4729
2400,0,1099,4872,4157
2401,0,1386,4876,4364
2402,0,453,4873,5404
2403,0,391,4868,5259
2404,0,922,4875,5286
2405,0,1279,4879,4969
2406,0,1171,4874,5139
2407,0,1495,4885,4925
2408,0,979,4879,3946
2409,0,936,4888,5324
2410,0,852,4882,3753
2411,0,2153,4905,4852
2412,0,493,4896,3964
2413,0,926,4900,4895
2414,0,1344,4899,5008
2415,0,555,4901,3667
2416,0,315,4898,3980
2417,0,2824,4921,3634
2418,0,1322,4914,5399
2419,0,1299,4918,3776
2420,0,385,4912,4968
2421,0,433,4916,5037
2422,0,1984,4933,4919
2423,0,720,4925,4986
2424,0,1047,4944,4880
2425,0,1323,4949,5389
2426,0,1215,4946,3895
2427,0,1999,4949,4840
2428,0,1169,4950,5427
2429,0,295,4945,4950
2430,0,1101,4953,5272
2431,0,1273,4956,5118
2432,0,362,4951,3875
2433,0,294,4959,4811
2434,0,1047,4967,4023
2435,0,1411,4977,3623
2436,0,622,4961,3789
2437,0,1114,4974,4896
2438,0,951,4969,5329
2439,0,1203,4974,4925
2440,0,736,4969,4959
2441,0,1217,4978,4278
2442,0,1869,4991,5273
2443,0,343,4972,5306
2444,0,1941,4995,5379
2445,0,2323,5002,4836
2446,0,1183,4984,4865
2447,0,1237,4991,5423
2448,0,1844,4986,4203
2449,0,305,4981,3582
2450,0,1367,4989,4685
2451,0,1115,4993,3998
2452,0,647,4989,3972
2453,0,1285,4998,4950
2454,0,1136,5000,4388
2455,0,921,5010,4898
2456,0,1238,5015,3607
2457,0,216,5004,3633
2458,0,1267,5023,4805
2459,0,1247,5037,3636
2460,0,2092,5030,3934
2461,0,1158,5036,4461
2462,0,1472,5042,4904
2463,0,349,5031,4966
2464,0,382,5035,3981
2465,0,2246,5055,4852
2466,0,208,5043,3971
2467,0,1323,5051,4572
2468,0,1053,5055,4807
2469,0,2120,5063,4955
2470,0,282,5049,4548
2471,0,2198,5071,5225
2472,0,235,5059,4883
2473,0,1263,5069,3928
2474,0,1324,5066,5107
2475,0,734,5068,5382
2476,0,1093,5072,5407
2477,0,1463,5078,4793
2478,0,1429,5080,4646
2479,0,562,5071,5272
2480,0,1534,5085,4894
2481,0,986,5082,3524
2482,0,286,5084,4865
2483,0,394,5090,3502
2484,0,1166,5102,4839
2485,0,950,5102,3925
2486,0,1040,5106,3672
2487,0,760,5106,4801
2488,0,1067,5105,4439
2489,0,2547,5121,5391
2490,0,1244,5129,4771
2491,0,1126,5116,4869
2492,0,250,5106,4414
2493,0,279,5107,4762
2494,0,1199,5129,4817
2495,0,1323,5129,3943
2496,0,791,5122,4350
2497,0,1519,5132,4905
2498,0,1611,5134,4946
2499,0,1101,5133,4420
2500,0,998,5137,4259
2501,0,1163,5141,5292
2502,0,1142,5150,4877
2503,0,437,5144,3970
2504,0,2134,5153,3523
2505,0,1785,5164,4765
2506,0,219,5146,4854
2507,0,1137,5156,5191
2508,0,1146,5157,4316
2509,0,1424,5159,4537
2510,0,1609,5164,4810
2511,0,312,5152,5359
2512,0,918,5166,5392
2513,0,879,5163,3470
2514,0,801,5166,3964
2515,0,1321,5170,3827
2516,0,1109,5175,5359
2517,0,1848,5185,3913
2518,0,1245,5181,4859
2519,0,1161,5192,4828
2520,0,1523,5186,5127
2521,0,361,5177,4454
2522,0,1023,5185,4484
2523,0,988,5186,3626
2524,0,2530,5208,4730
2525,0,1223,5192,3565
2526,0,2440,5202,5046
2527,0,1252,5200,4789
2528,0,384,5194,4000
2529,0,1488,5212,5345
2530,0,1120,5205,3468
2531,0,1618,5208,4876
2532,0,1258,5205,4578
2533,0,1466,5210,5250
2534,0,1342,5217,4914
2535,0,1136,5216,4958
2536,0,1017,5220,3976
2537,0,1139,5227,5275
2538,0,1269,5231,3722
2539,0,1597,5233,4784
2540,0,2203,5237,3892
2541,0,2659,5251,5150
2542,0,1537,5245,4979
2543,0,939,5246,5348
2544,0,682,5241,4737
2545,0,390,5239,4826
2546,0,1381,5247,3792
2547,0,951,5249,4867
2548,0,1027,5255,5261
2549,0,1055,5255,5298
2550,0,2121,5269,4533
2551,0,1314,5266,4840
2552,0,1219,5268,4758
2553,0,1174,5270,4793
2554,0,388,5263,4697
2555,0,1190,5276,4116
2556,0,723,5278,5357
2557,0,567,5284,4502
2558,0,205,5278,4732
2559,0,1422,5302,4740
2560,0,1214,5296,4831
2561,0,882,5296,3414
2562,0,1774,5304,3523
2563,0,519,5297,4773
2564,0,305,5290,3758
2565,0,1030,5299,5268
2566,0,337,5293,3666
2567,0,378,5296,4710
2568,0,1407,5311,4800
2569,0,3163,5334,5350
2570,0,1165,5312,3651
2571,0,244,5299,3739
2572,0,1089,5312,3996
2573,0,1771,5318,4980
2574,0,1939,5324,4100
2575,0,295,5313,3736
2576,0,321,5318,4762
2577,0,1593,5332,4450
2578,0,1054,5326,4614
2579,0,1239,5333,4721
2580,0,1401,5340,3866
2581,0,1680,5340,4858
2582,0,508,5334,5213
2583,0,1207,5344,4824
2584,0,237,5337,4793
2585,0,879,5347,5192
2586,0,1257,5352,4746
2587,0,235,5338,5235
2588,0,915,5348,4177
2589,0,586,5344,4632
2590,0,261,5344,5245
2591,0,574,5352,4777
2592,0,1190,5359,3452
2593,0,1267,5361,3973
2594,0,1212,5358,4931
2595,0,1301,5363,4373
2596,0,229,5354,4792
2597,0,1413,5367,4692
2598,0,1215,5370,4648
2599,0,886,5371,4806
2600,0,1550,5379,5094
2601,0,1100,5382,4721
2602,0,1587,5382,5280
2603,0,1051,5389,5348
2604,0,1188,5392,4748
2605,0,1327,5394,4782
2606,0,1562,5400,3493
2607,0,701,5393,3833
2608,0,1526,5398,4150
2609,0,1323,5397,5209
2610,0,1275,5395,3448
2611,0,441,5398,4700
2612,0,659,5407,5370
2613,0,1473,5412,4815
2614,0,1502,5424,3820
2615,0,984,5413,4664
2616,0,848,5417,4279
2617,0,406,5413,4712
2618,0,441,5417,5343
2619,0,932,5429,4734
2620,0,359,5424,4250
2621,0,1143,5432,5239
2622,0,1135,5435,4337
2623,0,1473,5438,4594
2624,0,435,5434,5340
2625,0,1603,5442,4702
2626,0,766,5438,4664
2627,0,664,5435,3773
2628,0,1043,5440,4214
2629,0,1234,5440,4778
2630,0,519,5437,3713
2631,0,985,5456,4748
2632,0,1250,5453,3890
2633,0,1158,5456,4007
2634,0,234,5448,4642
2635,0,1310,5454,4819
2636,0,924,5462,4665
2637,0,1254,5463,3801
2638,0,1411,5463,5144
2639,0,904,5463,5250
2640,0,999,5462,5328
2641,0,1446,5467,3664
2642,0,484,5458,5116
2643,0,1288,5476,4789
2644,0,1310,5473,5043
2645,0,325,5470,4029
2646,0,1027,5477,5224
2647,0,1284,5480,4694
2648,0,1206,5480,4221
2649,0,2513,5496,4654
2650,0,1206,5485,5273
2651,0,1232,5481,3452
2652,0,1200,5492,5321
2653,0,221,5476,4873
2654,0,1166,5491,4080
2655,0,868,5493,4768
2656,0,1071,5491,4857
2657,0,846,5495,3792
2658,0,296,5487,4258
2659,0,236,5496,4251
2660,0,1462,5509,4746
2661,0,1298,5514,4712
2662,0,267,5507,4830
2663,0,758,5516,3515
2664,0,1333,5527,3683
2665,0,1330,5529,4632
2666,0,1812,5536,4819
2667,0,1351,5529,3600
2668,0,599,5522,4957
2669,0,554,5524,3469
2670,0,1187,5536,4682
2671,0,236,5522,3933
2672,0,1905,5551,3496
2673,0,1054,5543,5317
2674,0,295,5534,3969
2675,0,1163,5545,3945
2676,0,1452,5547,4037
2677,0,1740,5554,4730
2678,0,1361,5549,4772
2679,0,362,5542,4592
2680,0,1992,5562,4627
2681,0,850,5554,5347
2682,0,272,5546,3874
2683,0,339,5551,3861
2684,0,755,5553,5247
2685,0,527,5552,5145
2686,0,1004,5557,5215
2687,0,1054,5562,3419
2688,0,1417,5573,4690
2689,0,438,5568,3874
2690,0,442,5583,3863
2691,0,1364,5594,4612
2692,0,305,5580,3842
2693,0,1631,5596,4661
2694,0,1285,5596,4781
2695,0,796,5592,3734
2696,0,1083,5596,5133
2697,0,1195,5605,3397
2698,0,1240,5607,4713
2699,0,828,5608,4206
2700,0,404,5605,4976
2701,0,333,5613,3731
2702,0,857,5615,4747
2703,0,570,5613,4958
2704,0,1196,5619,5017
2705,0,1434,5626,4628
2706,0,1454,5632,4688
2707,0,3679,5653,5288
2708,0,999,5627,4234
2709,0,511,5624,4871
2710,0,838,5631,3844
2711,0,1209,5634,4817
2712,0,1039,5635,5160
2713,0,1653,5639,3656
2714,0,850,5637,3393
2715,0,1209,5647,4725
2716,0,1376,5645,4004
2717,0,1336,5649,3508
2718,0,2178,5656,4596
2719,0,672,5643,3367
2720,0,1535,5651,3888
2721,0,1826,5663,5093
2722,0,882,5659,4648
2723,0,1179,5668,4676
2724,0,1389,5676,4994
2725,0,492,5671,3556
2726,0,1566,5681,5189
2727,0,818,5679,5026
2728,0,1119,5681,3687
2729,0,1567,5682,4745
2730,0,272,5673,4561
2731,0,402,5681,4616
2732,0,426,5682,3755
2733,0,1097,5694,4577
2734,0,990,5692,4687
2735,0,682,5695,5277
2736,0,580,5694,4055
2737,0,1076,5707,4707
2738,0,1822,5718,5210
2739,0,860,5710,3674
2740,0,1917,5715,4650
2741,0,1399,5713,4601
2742,0,1091,5715,3865
2743,0,1145,5719,4869
2744,0,1465,5728,3708
2745,0,1396,5731,5171
2746,0,524,5722,3642
2747,0,812,5727,3611
2748,0,1544,5738,3323
2749,0,1306,5743,4498
2750,0,1441,5741,4556
2751,0,2086,5752,4612
2752,0,313,5735,3592
2753,0,1538,5748,4712
2754,0,1065,5752,3622
2755,0,1107,5747,5126
2756,0,927,5749,3860
2757,0,1110,5754,4673
2758,0,1184,5755,4379
2759,0,1064,5758,3293
2760,0,1390,5762,5265
2761,0,1115,5770,4576
2762,0,964,5766,4300
2763,0,958,5771,4642
2764,0,1434,5777,4540
2765,0,1260,5783,5312
2766,0,985,5777,3695
2767,0,1087,5780,4167
2768,0,921,5781,5120
2769,0,934,5789,3286
2770,0,1167,5785,3460
2771,0,1553,5789,5004
2772,0,4653,5827,5265
2773,0,1708,5804,4594
2774,0,781,5795,4299
2775,0,634,5792,3747
2776,0,1032,5801,3596
2777,0,1121,5800,3717
2778,0,512,5800,4649
2779,0,1167,5805,4083
2780,0,1438,5808,4527
2781,0,1395,5809,4205
2782,0,1307,5811,4671
2783,0,959,5815,4567
2784,0,951,5812,4148
2785,0,1228,5823,5164
2786,0,1238,5825,3391
2787,0,1970,5835,4501
2788,0,1535,5829,4625
2789,0,1031,5829,3538
2790,0,1500,5839,4292
2791,0,1341,5846,4659
2792,0,575,5841,3283
2793,0,1128,5851,4587
2794,0,773,5842,4460
2795,0,1335,5853,5230
2796,0,1192,5852,3259
2797,0,1236,5853,5121
2798,0,1052,5858,3338
2799,0,301,5848,4707
2800,0,518,5857,4693
2801,0,1217,5865,3470
2802,0,1122,5867,4487
2803,0,627,5860,4527
2804,0,211,5858,4453
2805,0,1050,5869,3362
2806,0,1401,5876,4564
2807,0,227,5863,4714
2808,0,831,5872,3147
2809,0,896,5871,3812
2810,0,427,5872,3774
2811,0,2180,5899,5225
2812,0,991,5880,4947
2813,0,1400,5886,4031
2814,0,239,5871,4455
2815,0,2118,5888,4608
2816,0,789,5880,4074
2817,0,581,5878,3586
2818,0,298,5879,4529
2819,0,515,5881,5165
2820,0,233,5885,4650
2821,0,203,5884,3454
2822,0,253,5891,4475
2823,0,204,5883,3971
2824,0,346,5895,3968
2825,0,250,5889,4462
2826,0,1639,5901,4920
2827,0,487,5894,3475
2828,0,1221,5903,4494
2829,0,1525,5905,4533
2830,0,949,5900,5080
2831,0,453,5900,3451
2832,0,1233,5906,4445
2833,0,422,5906,3399
2834,0,1241,5915,3632
2835,0,654,5916,4822
2836,0,953,5919,3364
2837,0,493,5917,3311
2838,0,440,5920,3291
2839,0,1155,5928,4560
2840,0,341,5921,3274
2841,0,1723,5933,5178
2842,0,391,5923,4796
2843,0,1164,5935,4500
2844,0,1077,5930,4744
2845,0,1452,5948,5213
2846,0,881,5932,4428
2847,0,374,5928,4463
2848,0,1158,5946,3381
2849,0,1821,5954,4395
2850,0,1206,5949,4012
2851,0,1329,5949,5132
2852,0,339,5944,4524
2853,0,428,5948,4578
2854,0,1744,5959,4890
2855,0,1776,5960,4975
2856,0,1544,5963,4437
2857,0,1402,5959,4480
2858,0,487,5951,5243
2859,0,1039,5957,3554
2860,0,305,5951,3094
2861,0,747,5958,4624
2862,0,1485,5967,5073
2863,0,663,5958,3305
2864,0,357,5954,4690
2865,0,206,5951,4346
2866,0,211,5953,4366
2867,0,489,5965,4357
2868,0,508,5960,3128
2869,0,1362,5973,3191
2870,0,267,5964,4336
2871,0,631,5971,3063
2872,0,881,5978,4115
2873,0,2141,6004,5221
2874,0,1574,5988,4520
2875,0,1573,5997,4404
2876,0,974,5985,3676
2877,0,756,5986,4368
2878,0,1734,5995,4452
2879,0,1575,5994,4614
2880,0,1080,5997,4138
2881,0,1227,6000,3544
2882,0,591,5992,3711
2883,0,317,5994,3228
2884,0,935,6016,4498
2885,0,822,6010,4245
2886,0,792,6014,4474
2887,0,291,6007,3215
2888,0,1076,6015,4362
2889,0,643,6018,3160
2890,0,2582,6035,4842
2891,0,1491,6026,4582
2892,0,1343,6032,4403
2893,0,1142,6032,3404
2894,0,1317,6034,3862
2895,0,1414,6036,4176
2896,0,1150,6034,4447
2897,0,677,6035,4238
2898,0,922,6048,4355
2899,0,448,6034,4215
2900,0,2354,6058,4328
2901,0,1229,6044,3437
2902,0,1810,6049,4658
2903,0,1098,6043,4994
2904,0,1055,6043,5137
2905,0,1286,6056,4382
2906,0,1573,6052,4489
2907,0,1342,6057,4273
2908,0,1342,6061,4561
2909,0,1189,6063,4594
2910,0,990,6061,4447
2911,0,901,6058,4969
2912,0,397,6052,5205
2913,0,305,6053,5091
2914,0,2318,6076,5179
2915,0,321,6060,4304
2916,0,1113,6073,4416
2917,0,1464,6074,4706
2918,0,1054,6074,3226
2919,0,1022,6078,3495
2920,0,1206,6081,3405
2921,0,557,6077,3470
2922,0,1297,6084,3317
2923,0,2062,6088,4943
2924,0,293,6080,4291
2925,0,1835,6100,4388
2926,0,1508,6099,3975
2927,0,1105,6095,4065
2928,0,1228,6097,4892
2929,0,1493,6106,4436
2930,0,357,6091,4460
2931,0,236,6099,4355
2932,0,1852,6107,4307
2933,0,2089,6117,3558
2934,0,1635,6112,4175
2935,0,1792,6119,5043
2936,0,390,6106,3759
2937,0,1302,6115,3294
2938,0,1167,6113,4262
2939,0,920,6115,4748
2940,0,1157,6117,5118
2941,0,1487,6126,4487
2942,0,883,6123,4820
2943,0,2134,6135,4353
2944,0,1474,6131,3422
2945,0,1487,6146,4258
2946,0,1593,6142,4222
2947,0,1308,6144,4308
2948,0,1790,6148,4730
2949,0,233,6136,4464
2950,0,1040,6144,3506
2951,0,363,6139,3093
2952,0,603,6144,3358
2953,0,1615,6158,4549
2954,0,943,6152,4798
2955,0,626,6151,5028
2956,0,1429,6160,5094
2957,0,1799,6162,4161
2958,0,1344,6162,3081
2959,0,453,6152,3683
2960,0,760,6161,3660
2961,0,1273,6167,4984
2962,0,680,6160,4459
2963,0,1432,6175,4287
2964,0,1551,6173,4406
2965,0,2372,6180,4210
2966,0,1318,6172,3529
2967,0,666,6172,3324
2968,0,1447,6182,3371
2969,0,206,6174,4447
2970,0,301,6169,4013
2971,0,775,6185,4258
2972,0,245,6173,4435
2973,0,1083,6182,4612
2974,0,295,6180,4005
2975,0,1244,6190,4358
2976,0,1208,6189,4321
2977,0,349,6194,3835
2978,0,1105,6201,4952
2979,0,1259,6204,4645
2980,0,522,6197,3012
2981,0,377,6196,3089
2982,0,1424,6208,4743
2983,0,1580,6213,3045
2984,0,1900,6221,4287
2985,0,2456,6225,2965
2986,0,1242,6210,3411
2987,0,1670,6216,4171
2988,0,1865,6228,4337
2989,0,1422,6219,4457
2990,0,399,6217,4221
2991,0,1451,6227,5078
2992,0,254,6213,4203
2993,0,2060,6233,3325
2994,0,374,6219,2933
2995,0,1001,6233,4258
2996,0,819,6236,4230
2997,0,343,6225,3347
2998,0,205,6227,4199
2999,0,356,6227,4665
3000,0,260,6228,3019
3001,0,1153,6237,4988
3002,0,1115,6236,4881
3003,0,1443,6241,3236
3004,0,376,6232,4112
3005,0,1116,6243,4133
3006,0,1239,6242,4827
3007,0,1203,6245,4522
3008,0,1368,6251,4168
3009,0,1654,6253,4710
3010,0,2310,6259,4077
3011,0,1113,6250,3995
3012,0,1454,6255,3945
3013,0,233,6254,4111
3014,0,573,6259,4274
3015,0,1628,6265,2931
3016,0,763,6261,4464
3017,0,1416,6265,3193
3018,0,278,6262,3672
3019,0,1618,6271,4403
3020,0,3577,6294,4226
3021,0,1779,6284,4163
3022,0,269,6271,4128
3023,0,1172,6284,4104
3024,0,1760,6292,5057
3025,0,1816,6286,4795
3026,0,1138,6284,5024
3027,0,1627,6291,4304
3028,0,1392,6299,3930
3029,0,1031,6297,4693
3030,0,804,6300,3179
3031,0,789,6303,2840
3032,0,1057,6307,3008
3033,0,834,6306,4052
3034,0,279,6300,4249
3035,0,632,6317,4070
3036,0,1115,6309,4859
3037,0,1722,6319,4008
3038,0,850,6318,4092
3039,0,1212,6324,2915
3040,0,1211,6328,4703
3041,0,203,6321,4037
3042,0,1117,6329,3078
3043,0,1320,6332,3391
3044,0,447,6326,4613
3045,0,344,6328,4140
3046,0,406,6330,4201
3047,0,1615,6342,3974
3048,0,1359,6342,4107
3049,0,1206,6339,4165
3050,0,1289,6346,4633
3051,0,1107,6341,4817
3052,0,326,6337,3829
3053,0,640,6342,4054
3054,0,1777,6352,2872
3055,0,746,6352,4011
3056,0,1429,6350,4994
3057,0,2065,6364,3506
3058,0,983,6350,3203
3059,0,1084,6353,4758
3060,0,305,6348,4791
3061,0,335,6352,4072
3062,0,1160,6362,3945
3063,0,1051,6361,4602
3064,0,1292,6370,4036
3065,0,1787,6378,4116
3066,0,530,6367,3167
3067,0,1245,6376,4074
3068,0,897,6376,4927
3069,0,1472,6382,3997
3070,0,1611,6382,4184
3071,0,1492,6385,4817
3072,0,460,6377,3687
3073,0,423,6386,3092
3074,0,1129,6395,4679
3075,0,2156,6398,2843
3076,0,1168,6404,4724
3077,0,1564,6411,3070
3078,0,1647,6414,4356
3079,0,610,6402,5026
3080,0,769,6407,4025
3081,0,2525,6417,4086
3082,0,1011,6415,4794
3083,0,1801,6415,4517
3084,0,1064,6411,3935
3085,0,478,6408,5006
3086,0,289,6408,4248
3087,0,1589,6429,4228
3088,0,908,6419,4268
3089,0,1086,6423,4826
3090,0,795,6422,2933
3091,0,401,6418,3991
3092,0,1200,6430,3723
3093,0,326,6423,3900
3094,0,339,6423,4685
3095,0,318,6425,4712
3096,0,1391,6436,3311
3097,0,354,6428,3920
3098,0,2156,6446,4593
3099,0,744,6438,3147
3100,0,255,6438,3911
3101,0,1667,6444,4011
3102,0,1140,6445,3435
3103,0,510,6438,4190
3104,0,351,6437,3952
3105,0,1039,6447,3174
3106,0,911,6451,3970
3107,0,1572,6457,3927
3108,0,1440,6454,4065
3109,0,1220,6458,3375
3110,0,1567,6465,4942
3111,0,1118,6463,4230
3112,0,1536,6465,4336
3113,0,1006,6463,4413
3114,0,650,6460,4998
3115,0,2842,6474,2755
3116,0,383,6463,4905
3117,0,1021,6470,3853
3118,0,350,6463,4303
3119,0,1311,6478,4043
3120,0,999,6475,4666
3121,0,1411,6478,3890
3122,0,1636,6479,4545
3123,0,247,6470,3000
3124,0,303,6471,3801
3125,0,671,6484,4915
3126,0,1613,6484,4970
3127,0,1017,6480,4849
3128,0,1212,6488,3933
3129,0,1453,6491,4881
3130,0,398,6477,3522
3131,0,288,6475,3820
3132,0,1658,6492,4140
3133,0,1505,6491,4635
3134,0,1528,6492,4496
3135,0,333,6482,2719
3136,0,1531,6493,4005
3137,0,1177,6492,4196
3138,0,255,6488,3812
3139,0,1721,6501,4459
3140,0,375,6493,2712
3141,0,1148,6496,3627
3142,0,765,6496,3769
3143,0,1166,6502,4420
3144,0,520,6495,2956
3145,0,1363,6506,3865
3146,0,1339,6508,3833
3147,0,1189,6508,3319
3148,0,300,6504,4536
3149,0,1357,6512,4915
3150,0,1293,6512,4048
3151,0,967,6511,4078
3152,0,773,6513,4950
3153,0,1004,6509,3701
3154,0,1089,6513,3904
3155,0,819,6518,4520
3156,0,1164,6519,2697
3157,0,1788,6522,3802
3158,0,530,6512,3134
3159,0,2027,6529,3987
3160,0,1156,6524,4583
3161,0,1562,6528,4120
3162,0,1349,6527,4738
3163,0,1452,6542,3885
3164,0,1080,6535,3121
3165,0,226,6526,3713
3166,0,308,6530,3735
3167,0,806,6538,2929
3168,0,458,6540,3767
3169,0,204,6536,3778
3170,0,785,6542,4498
3171,0,942,6547,3030
3172,0,1081,6550,3712
3173,0,2376,6555,4415
3174,0,315,6547,3742
3175,0,1545,6554,3840
3176,0,1076,6557,4750
3177,0,1139,6559,4811
3178,0,244,6550,3691
3179,0,710,6554,2673
3180,0,651,6555,4840
3181,0,1653,6565,4218
3182,0,854,6560,4345
3183,0,1576,6567,3763
3184,0,280,6560,4498
3185,0,836,6562,2712
3186,0,1130,6567,3221
3187,0,256,6559,3681
3188,0,1237,6571,3811
3189,0,896,6567,4078
3190,0,360,6562,4368
3191,0,1227,6573,3658
3192,0,430,6564,3501
3193,0,1399,6578,3907
3194,0,1587,6584,4663
3195,0,2049,6588,3027
3196,0,220,6575,3636
3197,0,227,6574,3194
3198,0,1096,6592,3201
3199,0,1201,6587,3959
3200,0,1254,6589,4443
3201,0,305,6581,2880
3202,0,1765,6596,4530
3203,0,1686,6600,3753
3204,0,202,6590,4337
3205,0,1145,6600,4280
3206,0,1442,6607,4314
3207,0,1110,6604,3679
3208,0,1343,6603,4196
3209,0,1542,6610,4378
3210,0,1625,6613,4013
3211,0,2693,6630,3717
3212,0,1000,6608,4689
3213,0,1278,6612,3796
3214,0,1028,6620,2999
3215,0,1711,6625,3653
3216,0,1571,6624,2963
3217,0,973,6620,4091
3218,0,1107,6619,4427
3219,0,1096,6626,3519
3220,0,1576,6632,3978
3221,0,308,6621,3902
3222,0,300,6627,4071
3223,0,246,6632,3906
3224,0,403,6631,3771
3225,0,1648,6646,3843
3226,0,1246,6640,4629
3227,0,1609,6650,2761
3228,0,873,6645,4347
3229,0,1767,6654,3590
3230,0,770,6652,4205
3231,0,1302,6661,4702
3232,0,1954,6667,3680
3233,0,1239,6669,4332
3234,0,1309,6663,4072
3235,0,1116,6668,4545
3236,0,1244,6673,4235
3237,0,1692,6674,4764
3238,0,638,6668,3447
3239,0,1442,6676,3914
3240,0,2110,6687,4800
3241,0,1303,6677,2894
3242,0,1368,6680,3629
3243,0,230,6671,3012
3244,0,1549,6683,3760
3245,0,281,6674,3026
3246,0,2515,6696,3574
3247,0,241,6678,4686
3248,0,1134,6688,4165
3249,0,632,6694,3650
3250,0,1103,6691,4514
3251,0,256,6691,3453
3252,0,377,6690,3540
3253,0,493,6692,3084
3254,0,1346,6700,3727
3255,0,1391,6701,3863
3256,0,1010,6698,4664
3257,0,1777,6708,3680
3258,0,1155,6702,4325
3259,0,1089,6705,4119
3260,0,349,6697,4544
3261,0,1795,6711,4205
3262,0,947,6706,4480
3263,0,652,6712,3080
3264,0,242,6708,3596
3265,0,1590,6720,3626
3266,0,798,6720,4785
3267,0,2036,6731,3998
3268,0,728,6717,4527
3269,0,780,6724,4662
3270,0,942,6728,2932
3271,0,1817,6738,3796
3272,0,438,6729,2897
3273,0,1198,6740,4756
3274,0,1354,6740,3569
3275,0,1013,6745,3277
3276,0,999,6746,3467
3277,0,1293,6750,4664
3278,0,450,6744,3326
3279,0,2157,6762,4160
3280,0,1029,6754,4283
3281,0,446,6749,3240
3282,0,2070,6761,3651
3283,0,829,6755,3877
3284,0,541,6757,3854
3285,0,1090,6763,4229
3286,0,852,6765,4411
3287,0,401,6765,3771
3288,0,2087,6785,3588
3289,0,1782,6780,3733
3290,0,1295,6779,4114
3291,0,2346,6792,3540
3292,0,1263,6785,3090
3293,0,1839,6791,4549
3294,0,263,6787,3622
3295,0,2335,6804,3667
3296,0,1258,6804,4098
3297,0,209,6796,4165
3298,0,1615,6809,3841
3299,0,2190,6815,3494
3300,0,1616,6816,3622
3301,0,273,6800,4072
3302,0,1192,6810,4488
3303,0,1113,6811,4319
3304,0,1452,6820,3227
3305,0,1906,6822,3763
3306,0,1303,6825,4289
3307,0,1273,6828,4038
3308,0,1809,6835,4454
3309,0,1382,6828,4638
3310,0,1238,6824,3141
3311,0,1061,6828,4136
3312,0,537,6823,4418
3313,0,2157,6840,4097
3314,0,1436,6837,3456
3315,0,254,6829,4065
3316,0,489,6833,4208
3317,0,1092,6846,4335
3318,0,386,6838,3529
3319,0,1762,6850,3678
3320,0,467,6841,3597
3321,0,1398,6857,3832
3322,0,1038,6852,4415
3323,0,339,6844,3623
3324,0,2121,6870,3487
3325,0,304,6847,4313
3326,0,1230,6862,4144
3327,0,1257,6865,3283
3328,0,208,6855,3529
3329,0,300,6856,3597
3330,0,279,6856,3619
3331,0,1197,6863,4577
3332,0,1266,6877,4434
3333,0,1707,6871,3443
3334,0,379,6861,3515
3335,0,1115,6874,4209
3336,0,473,6867,4180
3337,0,395,6867,3955
3338,0,578,6874,4107
3339,0,293,6866,3569
3340,0,1722,6886,4645
3341,0,1606,6886,4246
3342,0,1171,6884,3593
3343,0,309,6879,3415
3344,0,294,6882,3566
3345,0,1722,6895,3533
3346,0,503,6888,4133
3347,0,1041,6898,3922
3348,0,1634,6905,4024
3349,0,1684,6906,4509
3350,0,3273,6917,3655
3351,0,272,6896,3839
3352,0,897,6907,3987
3353,0,1191,6909,4599
3354,0,1751,6916,3490
3355,0,238,6907,3833
3356,0,1996,6918,3400
3357,0,359,6906,3444
3358,0,1739,6932,3546
3359,0,1223,6926,4068
3360,0,1433,6938,4480
3361,0,1052,6928,3726
3362,0,359,6929,4009
3363,0,713,6932,3918
3364,0,217,6931,3620
3365,0,805,6935,4312
3366,0,1432,6943,3593
3367,0,1528,6947,3299
3368,0,1578,6949,3424
3369,0,1607,6950,3987
3370,0,595,6943,3459
3371,0,1540,6957,3509
3372,0,1048,6962,4272
3373,0,909,6968,3466
3374,0,500,6961,4128
3375,0,1599,6975,3391
3376,0,930,6975,3961
3377,0,1366,6982,4443
3378,0,1562,6986,3434
3379,0,1820,6983,3597
3380,0,228,6980,3978
3381,0,1252,6990,4216
3382,0,1649,6996,4548
3383,0,428,6985,3489
3384,0,834,6994,3563
3385,0,1659,7007,4508
3386,0,1479,7002,3351
3387,0,1268,7003,4337
3388,0,1324,7007,3909
3389,0,1652,7020,3382
3390,0,1258,7011,4252
3391,0,1653,7016,3489
3392,0,1316,7019,3786
3393,0,605,7017,4131
3394,0,270,7011,3418
3395,0,1816,7027,3543
3396,0,283,7022,3420
3397,0,2234,7040,4388
3398,0,908,7031,3894
3399,0,1334,7028,4167
3400,0,1683,7043,4297
3401,0,236,7032,3407
3402,0,1738,7050,3428
3403,0,366,7037,4255
3404,0,2124,7059,3477
3405,0,1475,7053,4226
3406,0,1764,7054,3633
3407,0,1238,7057,3871
3408,0,1210,7054,4427
3409,0,430,7067,3930
3410,0,304,7065,4095
3411,0,1994,7088,4363
3412,0,1631,7086,4125
3413,0,1163,7091,4482
3414,0,1601,7094,3837
3415,0,988,7094,4164
3416,0,1295,7100,3687
3417,0,1060,7102,4199
3418,0,1298,7106,4085
3419,0,1927,7118,4443
3420,0,1407,7112,3561
3421,0,1308,7114,4244
3422,0,1360,7110,4405
3423,0,1093,7133,3981
3424,0,354,7134,3935
3425,0,2590,7156,3827
3426,0,505,7143,3792
3427,0,1240,7164,3731
3428,0,843,7158,4113
3429,0,1311,7168,3882
3430,0,2734,7184,4249
3431,0,1822,7192,4102
3432,0,1699,7196,3757
3433,0,631,7187,4067
3434,0,1149,7210,4006
3435,0,1029,7224,4132
3436,0,291,7214,4323
3437,0,1079,7225,3692
3438,0,1050,7231,3718
3439,0,1466,7229,3812
3440,0,2572,7248,4307
3441,0,478,7227,4158
3442,0,1358,7261,3819
3443,0,1740,7271,4379
3444,0,573,7268,3851
3445,0,559,7271,3754
3446,0,1198,7280,3956
3447,0,1084,7280,4189
3448,0,2317,7295,4127
3449,0,1927,7297,4269
3450,0,783,7297,3883
3451,0,2179,7308,3995
3452,0,1279,7317,4199
3453,0,343,7318,4239
3454,0,1419,7335,4310
3455,0,1264,7329,4156
3456,0,695,7331,4223
3457,0,1330,7346,3901
3458,0,456,7344,3958
3459,0,1317,7356,4027
3460,0,1384,7361,4209
3461,0,1038,7368,3951
3462,0,1554,7373,4124
3463,0,356,7370,4187
3464,0,397,7372,4305
3465,0,948,7387,4157
3466,0,1375,7401,4287
3467,0,1259,7406,4044
3468,0,1328,7439,4318
3469,0,1671,7444,4055
3470,0,512,7445,4130
3471,0,406,7446,4256
3472,0,1764,7476,4241
3473,0,1190,7473,4184
3474,0,1056,7477,4287
3475,0,926,7501,4270
3476,0,440,7500,4123
3477,0,219,7505,4226
3478,0,949,7524,4171
3479,0,1153,7546,4276
3480,0,920,7575,4254
