Gene,y,x
Id2,13058.5971206775,20000.1385022531
Cck,13186.5971206775,20000.1385022531
Cxcl14,13201.5971206775,20000.1385022531
Pde1a,13237.5971206775,20000.1385022531
Plp1,13390.5971206775,20000.1385022531
Plp1,13407.5971206775,20000.1385022531
Cck,13751.5971206775,20000.1385022531
Cplx2,13322.5971206775,20001.1385022531
Cxcl14,13558.5971206775,20001.1385022531
Lamp5,13952.5971206775,20001.1385022531
Pthlh,13125.5971206775,20002.1385022531
Rgs4,13159.5971206775,20002.1385022531
Cryab,13230.5971206775,20002.1385022531
Rgs4,13282.5971206775,20002.1385022531
Plp1,13402.5971206775,20002.1385022531
Id2,13459.5971206775,20002.1385022531
Lamp5,13488.5971206775,20002.1385022531
Cxcl14,13694.5971206775,20002.1385022531
Satb1,13730.5971206775,20002.1385022531
Chrm2,13891.5971206775,20002.1385022531
Cplx2,13898.5971206775,20002.1385022531
Pthlh,13964.5971206775,20002.1385022531
Aldoc,13983.5971206775,20002.1385022531
Satb1,13061.5971206775,20003.1385022531
Rgs4,13178.5971206775,20003.1385022531
Rgs4,13506.5971206775,20003.1385022531
Cck,13566.5971206775,20003.1385022531
Nrn1,13620.5971206775,20003.1385022531
Cxcl14,13717.5971206775,20003.1385022531
Cplx2,13779.5971206775,20003.1385022531
Id2,13989.5971206775,20003.1385022531
Pthlh,13048.5971206775,20004.1385022531
Synpr,13270.5971206775,20004.1385022531
Kcnk2,13275.5971206775,20004.1385022531
Cryab,13392.5971206775,20004.1385022531
Pde1a,13551.5971206775,20004.1385022531
Cxcl14,13598.5971206775,20004.1385022531
Aldoc,13637.5971206775,20004.1385022531
Neurod6,13645.5971206775,20004.1385022531
Calb2,13649.5971206775,20004.1385022531
Cplx2,13684.5971206775,20004.1385022531
Cplx2,13928.5971206775,20004.1385022531
Pde1a,13934.5971206775,20004.1385022531
Cxcl14,12989.5971206775,20005.1385022531
Id2,13674.5971206775,20005.1385022531
Slc6a1,13703.5971206775,20005.1385022531
Nrn1,13813.5971206775,20005.1385022531
Nrn1,13849.5971206775,20005.1385022531
Cck,13867.5971206775,20005.1385022531
Neurod6,13882.5971206775,20005.1385022531
Aldoc,13090.5971206775,20006.1385022531
Sst,13257.5971206775,20006.1385022531
Lamp5,13263.5971206775,20006.1385022531
Plp1,13385.5971206775,20006.1385022531
Plp1,13405.5971206775,20006.1385022531
Pvalb,13415.5971206775,20006.1385022531
Rgs4,13495.5971206775,20006.1385022531
Lamp5,13532.5971206775,20006.1385022531
Cck,13615.5971206775,20006.1385022531
Neurod6,13659.5971206775,20006.1385022531
Cck,13761.5971206775,20006.1385022531
Satb1,13796.5971206775,20006.1385022531
Cxcl14,13800.5971206775,20006.1385022531
Id2,13844.5971206775,20006.1385022531
Cck,13861.5971206775,20006.1385022531
Nrn1,13878.5971206775,20006.1385022531
Nrn1,13944.5971206775,20006.1385022531
Calb1,13953.5971206775,20006.1385022531
Ntng1,13168.5971206775,20007.1385022531
Cplx2,13243.5971206775,20007.1385022531
Npy,13288.5971206775,20007.1385022531
Prkca,13293.5971206775,20007.1385022531
Nov,13370.5971206775,20007.1385022531
Cxcl14,13471.5971206775,20007.1385022531
Cck,13627.5971206775,20007.1385022531
Cck,13672.5971206775,20007.1385022531
Pde1a,13888.5971206775,20007.1385022531
Pde1a,12975.5971206775,20008.1385022531
Satb1,13027.5971206775,20008.1385022531
Sncg,13048.5971206775,20008.1385022531
Aldoc,13094.5971206775,20008.1385022531
Nrn1,13338.5971206775,20008.1385022531
Cxcl14,13461.5971206775,20008.1385022531
Rgs4,13502.5971206775,20008.1385022531
Cryab,13524.5971206775,20008.1385022531
Cplx2,13633.5971206775,20008.1385022531
Plcxd2,13650.5971206775,20008.1385022531
Cxcl14,13668.5971206775,20008.1385022531
Cxcl14,13684.5971206775,20008.1385022531
Rgs4,13753.5971206775,20008.1385022531
Aldoc,13913.5971206775,20008.1385022531
Chrm2,13922.5971206775,20008.1385022531
Rgs4,13060.5971206775,20009.1385022531
Col25a1,13276.5971206775,20009.1385022531
Wfs1,13283.5971206775,20009.1385022531
Plp1,13391.5971206775,20009.1385022531
Cxcl14,13555.5971206775,20009.1385022531
Satb1,13747.5971206775,20009.1385022531
Rgs4,13835.5971206775,20009.1385022531
Penk,13908.5971206775,20009.1385022531
Neurod6,13064.5971206775,20010.1385022531
Plp1,13397.5971206775,20010.1385022531
Prkca,13783.5971206775,20010.1385022531
Nrn1,13840.5971206775,20010.1385022531
Lamp5,13850.5971206775,20010.1385022531
Neurod6,13900.5971206775,20010.1385022531
Col25a1,13017.5971206775,20011.1385022531
Rasgrf2,13074.5971206775,20011.1385022531
Slc6a1,13181.5971206775,20011.1385022531
Rgs4,13196.5971206775,20011.1385022531
Cxcl14,13687.5971206775,20011.1385022531
Cxcl14,13707.5971206775,20011.1385022531
Cxcl14,13735.5971206775,20011.1385022531
Trp53i11,13778.5971206775,20011.1385022531
Rgs4,13861.5971206775,20011.1385022531
Gabrd,13878.5971206775,20011.1385022531
Lamp5,13895.5971206775,20011.1385022531
Neurod6,13927.5971206775,20011.1385022531
Aldoc,13006.5971206775,20012.1385022531
Neurod6,13148.5971206775,20012.1385022531
Rgs10,13457.5971206775,20012.1385022531
Wfs1,13590.5971206775,20012.1385022531
Cck,13619.5971206775,20012.1385022531
Cxcl14,13670.5971206775,20012.1385022531
Rgs4,13886.5971206775,20012.1385022531
Rgs4,12967.5971206775,20013.1385022531
Sst,13154.5971206775,20013.1385022531
Snca,13495.5971206775,20013.1385022531
Slc17a8,13602.5971206775,20013.1385022531
Gad1,13722.5971206775,20013.1385022531
Nrn1,13744.5971206775,20013.1385022531
Sst,13819.5971206775,20013.1385022531
Prkca,13830.5971206775,20013.1385022531
Nrn1,13931.5971206775,20013.1385022531
Neurod6,13939.5971206775,20013.1385022531
Rgs4,13027.5971206775,20014.1385022531
Nos1,13190.5971206775,20014.1385022531
Cxcl14,13303.5971206775,20014.1385022531
Nrn1,13324.5971206775,20014.1385022531
Wfs1,13512.5971206775,20014.1385022531
Nr4a2,13543.5971206775,20014.1385022531
Neurod6,13608.5971206775,20014.1385022531
Chrm2,13656.5971206775,20014.1385022531
Cplx2,13968.5971206775,20014.1385022531
Rab3c,13411.5971206775,20015.1385022531
Nrn1,13504.5971206775,20015.1385022531
Plp1,13767.5971206775,20015.1385022531
Rgs4,13914.5971206775,20015.1385022531
Aldoc,13921.5971206775,20015.1385022531
Nrn1,13945.5971206775,20015.1385022531
Cadps2,13988.5971206775,20015.1385022531
Enpp2,13042.5971206775,20016.1385022531
Rgs4,13063.5971206775,20016.1385022531
Slc6a1,13179.5971206775,20016.1385022531
Sst,13375.5971206775,20016.1385022531
Wfs1,13530.5971206775,20016.1385022531
Tac2,13548.5971206775,20016.1385022531
Th,13560.5971206775,20016.1385022531
Plp1,13572.5971206775,20016.1385022531
Cplx2,13630.5971206775,20016.1385022531
Lamp5,13663.5971206775,20016.1385022531
Cplx2,13729.5971206775,20016.1385022531
Neurod6,13734.5971206775,20016.1385022531
Trp53i11,13755.5971206775,20016.1385022531
Rgs4,13835.5971206775,20016.1385022531
Trp53i11,13868.5971206775,20016.1385022531
Neurod6,13881.5971206775,20016.1385022531
Cnr1,13001.5971206775,20017.1385022531
Rgs4,13033.5971206775,20017.1385022531
Cxcl14,13203.5971206775,20017.1385022531
Rgs4,13476.5971206775,20017.1385022531
Col25a1,13488.5971206775,20017.1385022531
Pnoc,13527.5971206775,20017.1385022531
Id2,13678.5971206775,20017.1385022531
Cxcl14,13692.5971206775,20017.1385022531
Id2,13847.5971206775,20017.1385022531
Nrn1,13903.5971206775,20017.1385022531
Rgs4,13937.5971206775,20017.1385022531
Cxcl14,13978.5971206775,20017.1385022531
Snca,13024.5971206775,20018.1385022531
Sst,13254.5971206775,20018.1385022531
Pvalb,13449.5971206775,20018.1385022531
Vip,13638.5971206775,20018.1385022531
Cxcl14,13651.5971206775,20018.1385022531
Th,13714.5971206775,20018.1385022531
Cck,12966.5971206775,20019.1385022531
Id2,12989.5971206775,20019.1385022531
Aldoc,13315.5971206775,20019.1385022531
Plp1,13398.5971206775,20019.1385022531
Sst,13464.5971206775,20019.1385022531
Cxcl14,13588.5971206775,20019.1385022531
Aldoc,13622.5971206775,20019.1385022531
Prkca,13669.5971206775,20019.1385022531
Cxcl14,13684.5971206775,20019.1385022531
Pthlh,13720.5971206775,20019.1385022531
Wfs1,13870.5971206775,20019.1385022531
Id2,13887.5971206775,20019.1385022531
Rgs4,12981.5971206775,20020.1385022531
Pvalb,13223.5971206775,20020.1385022531
Rab3c,13461.5971206775,20020.1385022531
Snca,13470.5971206775,20020.1385022531
Rasgrf2,13498.5971206775,20020.1385022531
Rgs10,13607.5971206775,20020.1385022531
Lamp5,13688.5971206775,20020.1385022531
Cxcl14,13740.5971206775,20020.1385022531
Nrn1,13898.5971206775,20020.1385022531
Rgs4,13932.5971206775,20020.1385022531
Cplx2,13956.5971206775,20020.1385022531
Pvalb,12947.5971206775,20021.1385022531
Pde1a,13008.5971206775,20021.1385022531
Htr3a,13353.5971206775,20021.1385022531
Pde1a,13404.5971206775,20021.1385022531
Kcnk2,13504.5971206775,20021.1385022531
Cck,13729.5971206775,20021.1385022531
Gad1,13752.5971206775,20021.1385022531
Serpini1,13014.5971206775,20022.1385022531
Aldoc,13134.5971206775,20022.1385022531
Aldoc,13150.5971206775,20022.1385022531
Lamp5,13156.5971206775,20022.1385022531
Aldoc,13572.5971206775,20022.1385022531
Satb1,13586.5971206775,20022.1385022531
Htr3a,13702.5971206775,20022.1385022531
Pthlh,13709.5971206775,20022.1385022531
Cxcl14,13775.5971206775,20022.1385022531
Cxcl14,13806.5971206775,20022.1385022531
Lamp5,13834.5971206775,20022.1385022531
Lamp5,13841.5971206775,20022.1385022531
Cck,13859.5971206775,20022.1385022531
Rgs4,13950.5971206775,20022.1385022531
Rgs4,13047.5971206775,20023.1385022531
Cdh13,13204.5971206775,20023.1385022531
Nrn1,13242.5971206775,20023.1385022531
Cxcl14,13321.5971206775,20023.1385022531
Rgs4,13333.5971206775,20023.1385022531
Nrn1,13342.5971206775,20023.1385022531
Reln,13376.5971206775,20023.1385022531
Wfs1,13385.5971206775,20023.1385022531
Cdh13,13511.5971206775,20023.1385022531
Snca,13560.5971206775,20023.1385022531
Calb2,13618.5971206775,20023.1385022531
Cplx2,13664.5971206775,20023.1385022531
Penk,13919.5971206775,20023.1385022531
Nrn1,12957.5971206775,20024.1385022531
Cck,12962.5971206775,20024.1385022531
Nrn1,12974.5971206775,20024.1385022531
Pde1a,13035.5971206775,20024.1385022531
Cplx2,13250.5971206775,20024.1385022531
Cxcl14,13647.5971206775,20024.1385022531
Rgs4,13721.5971206775,20024.1385022531
Rgs4,13741.5971206775,20024.1385022531
Cplx2,13979.5971206775,20024.1385022531
Plp1,13004.5971206775,20025.1385022531
Neurod6,13691.5971206775,20025.1385022531
Rgs4,13801.5971206775,20025.1385022531
Rgs4,13808.5971206775,20025.1385022531
Plp1,13875.5971206775,20025.1385022531
Neurod6,13902.5971206775,20025.1385022531
Lamp5,12990.5971206775,20026.1385022531
Rgs4,13161.5971206775,20026.1385022531
Nrn1,13413.5971206775,20026.1385022531
Sst,13543.5971206775,20026.1385022531
Pde1a,13592.5971206775,20026.1385022531
Reln,13717.5971206775,20026.1385022531
Snca,13747.5971206775,20026.1385022531
Cck,13821.5971206775,20026.1385022531
Aldoc,13869.5971206775,20026.1385022531
Rab3c,13881.5971206775,20026.1385022531
Plp1,13010.5971206775,20027.1385022531
Rasgrf2,13026.5971206775,20027.1385022531
Rgs4,13143.5971206775,20027.1385022531
Prkca,13393.5971206775,20027.1385022531
Plp1,13398.5971206775,20027.1385022531
Col25a1,13579.5971206775,20027.1385022531
Id2,13756.5971206775,20027.1385022531
Cplx2,13795.5971206775,20027.1385022531
Cck,13815.5971206775,20027.1385022531
Snca,13889.5971206775,20027.1385022531
Cplx2,13910.5971206775,20027.1385022531
Cck,13917.5971206775,20027.1385022531
Id2,13936.5971206775,20027.1385022531
Snca,13947.5971206775,20027.1385022531
Rgs4,12983.5971206775,20028.1385022531
Tac2,13019.5971206775,20028.1385022531
Pthlh,13061.5971206775,20028.1385022531
Nrn1,13155.5971206775,20028.1385022531
Plcxd2,13230.5971206775,20028.1385022531
Cplx2,13340.5971206775,20028.1385022531
Snca,13349.5971206775,20028.1385022531
Tac2,13478.5971206775,20028.1385022531
Tac2,13609.5971206775,20028.1385022531
Tac2,13630.5971206775,20028.1385022531
Neurod6,13679.5971206775,20028.1385022531
Rgs4,13838.5971206775,20028.1385022531
Cck,12959.5971206775,20029.1385022531
Rgs4,12974.5971206775,20029.1385022531
Plp1,12997.5971206775,20029.1385022531
Vip,13125.5971206775,20029.1385022531
Cxcl14,13250.5971206775,20029.1385022531
Plp1,13385.5971206775,20029.1385022531
Sst,13545.5971206775,20029.1385022531
Rab3c,13566.5971206775,20029.1385022531
Nrn1,13686.5971206775,20029.1385022531
Satb1,13859.5971206775,20029.1385022531
Satb1,13899.5971206775,20029.1385022531
Cxcl14,13973.5971206775,20029.1385022531
Cck,13240.5971206775,20030.1385022531
Sst,13536.5971206775,20030.1385022531
Synpr,13638.5971206775,20030.1385022531
Cxcl14,13652.5971206775,20030.1385022531
Rgs4,13669.5971206775,20030.1385022531
Cxcl14,13725.5971206775,20030.1385022531
Plp1,13005.5971206775,20031.1385022531
Aldoc,13516.5971206775,20031.1385022531
Sst,13527.5971206775,20031.1385022531
Wfs1,13580.5971206775,20031.1385022531
Nrn1,13953.5971206775,20031.1385022531
Aldoc,13983.5971206775,20031.1385022531
Plp1,12993.5971206775,20032.1385022531
Rgs4,13169.5971206775,20032.1385022531
Aldoc,13212.5971206775,20032.1385022531
Nrn1,13246.5971206775,20032.1385022531
Rgs4,13346.5971206775,20032.1385022531
Rgs4,13683.5971206775,20032.1385022531
Chrm2,13842.5971206775,20032.1385022531
Reln,13902.5971206775,20032.1385022531
Penk,13921.5971206775,20032.1385022531
Nr4a2,13019.5971206775,20033.1385022531
Rgs4,13357.5971206775,20033.1385022531
Slc6a1,13551.5971206775,20033.1385022531
Gabrd,13732.5971206775,20033.1385022531
Nrn1,13746.5971206775,20033.1385022531
Cplx2,13794.5971206775,20033.1385022531
Yjefn3,13809.5971206775,20033.1385022531
Cadps2,13829.5971206775,20033.1385022531
Satb1,13887.5971206775,20033.1385022531
Rgs4,13927.5971206775,20033.1385022531
Nrn1,12988.5971206775,20034.1385022531
Cryab,13009.5971206775,20034.1385022531
Nr4a2,13132.5971206775,20034.1385022531
Rgs12,13312.5971206775,20034.1385022531
Cox6a2,13379.5971206775,20034.1385022531
Id2,13645.5971206775,20034.1385022531
Lamp5,13758.5971206775,20034.1385022531
Cxcl14,13803.5971206775,20034.1385022531
Nrn1,13816.5971206775,20034.1385022531
Cxcl14,13822.5971206775,20034.1385022531
Aldoc,13164.5971206775,20035.1385022531
Cxcl14,13201.5971206775,20035.1385022531
Pde1a,13325.5971206775,20035.1385022531
Cxcl14,13653.5971206775,20035.1385022531
Wfs1,13693.5971206775,20035.1385022531
Nrn1,13770.5971206775,20035.1385022531
Neurod6,13850.5971206775,20035.1385022531
Prkca,13860.5971206775,20035.1385022531
Rgs4,13907.5971206775,20035.1385022531
Rgs4,13106.5971206775,20036.1385022531
Id2,13138.5971206775,20036.1385022531
Satb1,13392.5971206775,20036.1385022531
Grin3a,13554.5971206775,20036.1385022531
Slc6a1,13678.5971206775,20036.1385022531
Cxcl14,13765.5971206775,20036.1385022531
Plp1,12996.5971206775,20037.1385022531
Slc6a1,13402.5971206775,20037.1385022531
Col25a1,13545.5971206775,20037.1385022531
Aldoc,13568.5971206775,20037.1385022531
Plp1,13396.5971206775,20038.1385022531
Sst,13533.5971206775,20038.1385022531
Cplx2,13656.5971206775,20038.1385022531
Rgs4,13741.5971206775,20038.1385022531
Nrn1,13773.5971206775,20038.1385022531
Neurod6,13823.5971206775,20038.1385022531
Rgs4,13870.5971206775,20038.1385022531
Rgs4,13913.5971206775,20038.1385022531
Cxcl14,13946.5971206775,20038.1385022531
Aldoc,13958.5971206775,20038.1385022531
Enpp2,13009.5971206775,20039.1385022531
Cxcl14,13211.5971206775,20039.1385022531
Rgs4,13231.5971206775,20039.1385022531
Neurod6,13664.5971206775,20039.1385022531
Cxcl14,13811.5971206775,20039.1385022531
Reln,13892.5971206775,20039.1385022531
Rgs4,13931.5971206775,20039.1385022531
Sncg,13972.5971206775,20039.1385022531
Rgs4,13123.5971206775,20040.1385022531
Trp53i11,13149.5971206775,20040.1385022531
Slc6a1,13158.5971206775,20040.1385022531
Aldoc,13291.5971206775,20040.1385022531
Rgs4,13378.5971206775,20040.1385022531
Cdh13,13528.5971206775,20040.1385022531
Snca,13636.5971206775,20040.1385022531
Cck,13646.5971206775,20040.1385022531
Cxcl14,13651.5971206775,20040.1385022531
Reln,13727.5971206775,20040.1385022531
Vip,13672.5971206775,20041.1385022531
Sema3c,13734.5971206775,20041.1385022531
Cpne5,13865.5971206775,20041.1385022531
Cxcl14,13879.5971206775,20041.1385022531
Cplx2,13907.5971206775,20041.1385022531
Pcp4,12969.5971206775,20042.1385022531
Prkca,12978.5971206775,20042.1385022531
Plp1,12994.5971206775,20042.1385022531
Plp1,13003.5971206775,20042.1385022531
Rab3c,13021.5971206775,20042.1385022531
Nrn1,13139.5971206775,20042.1385022531
Cxcl14,13204.5971206775,20042.1385022531
Wfs1,13236.5971206775,20042.1385022531
Cck,13312.5971206775,20042.1385022531
Snca,13367.5971206775,20042.1385022531
Slc6a1,13542.5971206775,20042.1385022531
Gabrd,13557.5971206775,20042.1385022531
Chrm2,13679.5971206775,20042.1385022531
Cxcl14,13758.5971206775,20042.1385022531
Cxcl14,13827.5971206775,20042.1385022531
Id2,12980.5971206775,20043.1385022531
Plp1,13080.5971206775,20043.1385022531
Nrn1,13137.5971206775,20043.1385022531
Rgs4,13322.5971206775,20043.1385022531
Rgs4,13331.5971206775,20043.1385022531
Pde1a,13375.5971206775,20043.1385022531
Aldoc,13396.5971206775,20043.1385022531
Gad1,13595.5971206775,20043.1385022531
Nrn1,13805.5971206775,20043.1385022531
Cxcl14,13815.5971206775,20043.1385022531
Nrn1,13126.5971206775,20044.1385022531
Vip,13246.5971206775,20044.1385022531
Gabrd,13250.5971206775,20044.1385022531
Prkca,13360.5971206775,20044.1385022531
Pvalb,13406.5971206775,20044.1385022531
Nrn1,13450.5971206775,20044.1385022531
Cxcl14,13488.5971206775,20044.1385022531
Gabrd,13533.5971206775,20044.1385022531
Cxcl14,13608.5971206775,20044.1385022531
Pnoc,13692.5971206775,20044.1385022531
Neurod6,13708.5971206775,20044.1385022531
Cplx2,13821.5971206775,20044.1385022531
Rasgrf2,13925.5971206775,20044.1385022531
Plp1,13009.5971206775,20045.1385022531
Snca,13093.5971206775,20045.1385022531
Aldoc,13412.5971206775,20045.1385022531
Sst,13553.5971206775,20045.1385022531
Cck,13793.5971206775,20045.1385022531
Aldoc,13859.5971206775,20045.1385022531
Cxcl14,13976.5971206775,20045.1385022531
Synpr,13022.5971206775,20046.1385022531
Rgs4,13149.5971206775,20046.1385022531
Slc6a1,13582.5971206775,20046.1385022531
Cort,13767.5971206775,20046.1385022531
Cxcl14,13838.5971206775,20046.1385022531
Crh,13848.5971206775,20046.1385022531
Rab3c,13949.5971206775,20046.1385022531
Plp1,12995.5971206775,20047.1385022531
Cplx2,13036.5971206775,20047.1385022531
Satb1,13111.5971206775,20047.1385022531
Sst,13470.5971206775,20047.1385022531
Cdh13,13641.5971206775,20047.1385022531
Plp1,13698.5971206775,20047.1385022531
Pthlh,13739.5971206775,20047.1385022531
Nov,13122.5971206775,20048.1385022531
Lamp5,13128.5971206775,20048.1385022531
Plcxd2,13509.5971206775,20048.1385022531
Crhbp,13538.5971206775,20048.1385022531
Lamp5,13687.5971206775,20048.1385022531
Id2,13705.5971206775,20048.1385022531
Cplx2,13746.5971206775,20048.1385022531
Satb1,13900.5971206775,20048.1385022531
Neurod6,13936.5971206775,20048.1385022531
Cplx2,13958.5971206775,20048.1385022531
Aldoc,13187.5971206775,20049.1385022531
Rgs4,13354.5971206775,20049.1385022531
Snca,13431.5971206775,20049.1385022531
Nrn1,13486.5971206775,20049.1385022531
Pde1a,13493.5971206775,20049.1385022531
Synpr,13516.5971206775,20049.1385022531
Cxcl14,13617.5971206775,20049.1385022531
Cplx2,13754.5971206775,20049.1385022531
Neurod6,13817.5971206775,20049.1385022531
Cryab,13906.5971206775,20049.1385022531
Cplx2,13917.5971206775,20049.1385022531
Rgs10,13177.5971206775,20050.1385022531
Snca,13228.5971206775,20050.1385022531
Cplx2,13696.5971206775,20050.1385022531
Slc6a1,13734.5971206775,20050.1385022531
Cnr1,13989.5971206775,20050.1385022531
Synpr,13276.5971206775,20051.1385022531
Aldoc,13288.5971206775,20051.1385022531
Rgs4,13342.5971206775,20051.1385022531
Snca,13424.5971206775,20051.1385022531
Rgs4,13454.5971206775,20051.1385022531
Rgs4,13478.5971206775,20051.1385022531
Htr3a,13648.5971206775,20051.1385022531
Synpr,13156.5971206775,20052.1385022531
Slc6a1,13295.5971206775,20052.1385022531
Aldoc,13832.5971206775,20052.1385022531
Cryab,13849.5971206775,20052.1385022531
Cryab,13984.5971206775,20052.1385022531
Plp1,13012.5971206775,20053.1385022531
Rgs4,13496.5971206775,20053.1385022531
Calb2,13527.5971206775,20053.1385022531
Pthlh,13666.5971206775,20053.1385022531
Neurod6,13711.5971206775,20053.1385022531
Id2,13916.5971206775,20053.1385022531
Vip,12980.5971206775,20054.1385022531
Nrn1,13138.5971206775,20054.1385022531
Pde1a,13222.5971206775,20054.1385022531
Lhx6,13417.5971206775,20054.1385022531
Snca,13426.5971206775,20054.1385022531
Slc6a1,13540.5971206775,20054.1385022531
Serpini1,13554.5971206775,20054.1385022531
Neurod6,13584.5971206775,20054.1385022531
Rab3c,13641.5971206775,20054.1385022531
Rab3c,13679.5971206775,20054.1385022531
Plp1,13828.5971206775,20054.1385022531
Calb2,13907.5971206775,20054.1385022531
Plp1,13018.5971206775,20055.1385022531
Calb1,13084.5971206775,20055.1385022531
Plp1,13133.5971206775,20055.1385022531
Pde1a,13481.5971206775,20055.1385022531
Cck,13492.5971206775,20055.1385022531
Rgs4,13590.5971206775,20055.1385022531
Rgs12,13677.5971206775,20055.1385022531
Penk,13750.5971206775,20055.1385022531
Cplx2,13767.5971206775,20055.1385022531
Neurod6,13840.5971206775,20055.1385022531
Pthlh,13862.5971206775,20055.1385022531
Aldoc,13942.5971206775,20055.1385022531
Cryab,13976.5971206775,20055.1385022531
Cplx2,13038.5971206775,20056.1385022531
Rgs4,13093.5971206775,20056.1385022531
Pcp4,13311.5971206775,20056.1385022531
Rgs4,13347.5971206775,20056.1385022531
Aldoc,13409.5971206775,20056.1385022531
Slc6a1,13535.5971206775,20056.1385022531
Cxcl14,13604.5971206775,20056.1385022531
Cxcl14,13705.5971206775,20056.1385022531
Ntng1,13777.5971206775,20056.1385022531
Id2,13794.5971206775,20056.1385022531
Cxcl14,13932.5971206775,20056.1385022531
Sst,13397.5971206775,20057.1385022531
Serpini1,13518.5971206775,20057.1385022531
Cck,13660.5971206775,20057.1385022531
Cplx2,13989.5971206775,20057.1385022531
Plp1,13004.5971206775,20058.1385022531
Sst,13146.5971206775,20058.1385022531
Rgs12,13238.5971206775,20058.1385022531
Aldoc,13245.5971206775,20058.1385022531
Pthlh,13331.5971206775,20058.1385022531
Satb1,13368.5971206775,20058.1385022531
Cxcl14,13451.5971206775,20058.1385022531
Calb2,13545.5971206775,20058.1385022531
Rgs4,13670.5971206775,20058.1385022531
Cadps2,13798.5971206775,20058.1385022531
Slc6a1,13937.5971206775,20058.1385022531
Pthlh,13084.5971206775,20059.1385022531
Nrn1,13108.5971206775,20059.1385022531
Yjefn3,13119.5971206775,20059.1385022531
Rgs4,13302.5971206775,20059.1385022531
Cxcl14,13319.5971206775,20059.1385022531
Aldoc,13384.5971206775,20059.1385022531
Gabrd,13497.5971206775,20059.1385022531
Gad1,13528.5971206775,20059.1385022531
Tac2,13567.5971206775,20059.1385022531
Cxcl14,13593.5971206775,20059.1385022531
Cplx2,13756.5971206775,20059.1385022531
Aldoc,13771.5971206775,20059.1385022531
Cck,13790.5971206775,20059.1385022531
Rab3c,13816.5971206775,20059.1385022531
Cxcl14,13872.5971206775,20059.1385022531
Pnoc,13650.5971206775,20060.1385022531
Cnr1,13803.5971206775,20060.1385022531
Cplx2,13879.5971206775,20060.1385022531
Calb1,13922.5971206775,20060.1385022531
Plp1,12991.5971206775,20061.1385022531
Id2,13153.5971206775,20061.1385022531
Rgs4,13574.5971206775,20061.1385022531
Cxcl14,13675.5971206775,20061.1385022531
Col25a1,13763.5971206775,20061.1385022531
Lamp5,13925.5971206775,20061.1385022531
Aldoc,13199.5971206775,20062.1385022531
Pcp4,13222.5971206775,20062.1385022531
Tac2,13336.5971206775,20062.1385022531
Crh,13340.5971206775,20062.1385022531
Slc6a1,13493.5971206775,20062.1385022531
Plp1,13681.5971206775,20062.1385022531
Cryab,13692.5971206775,20062.1385022531
Rab3c,13064.5971206775,20063.1385022531
Rgs4,13185.5971206775,20063.1385022531
Sncg,13291.5971206775,20063.1385022531
Id2,13505.5971206775,20063.1385022531
Gad1,13555.5971206775,20063.1385022531
Cryab,13685.5971206775,20063.1385022531
Cck,13854.5971206775,20063.1385022531
Plp1,12999.5971206775,20064.1385022531
Slc6a1,13719.5971206775,20064.1385022531
Cadps2,13776.5971206775,20064.1385022531
Plp1,13010.5971206775,20065.1385022531
Wfs1,13479.5971206775,20065.1385022531
Satb1,13484.5971206775,20065.1385022531
Cxcl14,13660.5971206775,20065.1385022531
Chrm2,13783.5971206775,20065.1385022531
Cxcl14,13868.5971206775,20065.1385022531
Rasgrf2,13087.5971206775,20066.1385022531
Ntng1,13301.5971206775,20066.1385022531
Cxcl14,13446.5971206775,20066.1385022531
Reln,13529.5971206775,20066.1385022531
Cdh13,13548.5971206775,20066.1385022531
Plp1,13678.5971206775,20066.1385022531
Pthlh,13754.5971206775,20066.1385022531
Yjefn3,13760.5971206775,20066.1385022531
Chrm2,13803.5971206775,20066.1385022531
Trp53i11,13944.5971206775,20066.1385022531
Satb1,13075.5971206775,20067.1385022531
Sst,13117.5971206775,20067.1385022531
Gad1,13129.5971206775,20067.1385022531
Plp1,13308.5971206775,20067.1385022531
Rgs12,13346.5971206775,20067.1385022531
Trp53i11,13473.5971206775,20067.1385022531
Satb1,13590.5971206775,20067.1385022531
Plp1,13699.5971206775,20067.1385022531
Nrn1,13835.5971206775,20067.1385022531
Cck,13876.5971206775,20067.1385022531
Nr4a2,13887.5971206775,20067.1385022531
Id2,13936.5971206775,20067.1385022531
Synpr,13063.5971206775,20068.1385022531
Enpp2,13104.5971206775,20068.1385022531
Cxcl14,13241.5971206775,20068.1385022531
Aldoc,13399.5971206775,20068.1385022531
Neurod6,13705.5971206775,20068.1385022531
Rgs4,13809.5971206775,20068.1385022531
Nrn1,13840.5971206775,20068.1385022531
Cplx2,13857.5971206775,20068.1385022531
Slc6a1,13920.5971206775,20068.1385022531
Penk,13095.5971206775,20069.1385022531
Sst,13292.5971206775,20069.1385022531
Satb1,13484.5971206775,20069.1385022531
Cplx2,13517.5971206775,20069.1385022531
Aldoc,13575.5971206775,20069.1385022531
Gad1,13643.5971206775,20069.1385022531
Plp1,13685.5971206775,20069.1385022531
Penk,13779.5971206775,20069.1385022531
Chrm2,13849.5971206775,20069.1385022531
Cck,13862.5971206775,20069.1385022531
Yjefn3,13185.5971206775,20070.1385022531
Satb1,13482.5971206775,20070.1385022531
Rgs4,13498.5971206775,20070.1385022531
Pvalb,13562.5971206775,20070.1385022531
Cck,13611.5971206775,20070.1385022531
Rgs4,13793.5971206775,20070.1385022531
Nrn1,13867.5971206775,20070.1385022531
Plp1,13082.5971206775,20071.1385022531
Slc6a1,13311.5971206775,20071.1385022531
Aldoc,13321.5971206775,20071.1385022531
Enpp2,13690.5971206775,20071.1385022531
Neurod6,13741.5971206775,20071.1385022531
Htr3a,13765.5971206775,20071.1385022531
Rasgrf2,13944.5971206775,20071.1385022531
Serpini1,13982.5971206775,20071.1385022531
Aldoc,13146.5971206775,20072.1385022531
Rgs4,13194.5971206775,20072.1385022531
Aldoc,13522.5971206775,20072.1385022531
Crh,13539.5971206775,20072.1385022531
Aldoc,13554.5971206775,20072.1385022531
Slc6a1,13634.5971206775,20072.1385022531
Rgs4,13828.5971206775,20072.1385022531
Slc6a1,13930.5971206775,20072.1385022531
Slc6a1,13527.5971206775,20073.1385022531
Rgs4,13602.5971206775,20073.1385022531
Neurod6,13654.5971206775,20073.1385022531
Plp1,13684.5971206775,20073.1385022531
Penk,13815.5971206775,20073.1385022531
Trp53i11,13918.5971206775,20073.1385022531
Cxcl14,13199.5971206775,20074.1385022531
Aldoc,13377.5971206775,20074.1385022531
Gad1,13544.5971206775,20074.1385022531
Neurod6,13581.5971206775,20074.1385022531
Plp1,13699.5971206775,20074.1385022531
Rgs4,13870.5971206775,20074.1385022531
Cck,13878.5971206775,20074.1385022531
Nrn1,13281.5971206775,20075.1385022531
Serpini1,13493.5971206775,20075.1385022531
Aldoc,13588.5971206775,20075.1385022531
Cplx2,13664.5971206775,20075.1385022531
Aldoc,13786.5971206775,20075.1385022531
Sema3c,13475.5971206775,20076.1385022531
Cnr1,13568.5971206775,20076.1385022531
Cxcl14,13674.5971206775,20076.1385022531
Snca,13779.5971206775,20076.1385022531
Pthlh,13954.5971206775,20076.1385022531
Nr4a2,13010.5971206775,20077.1385022531
Grin3a,13132.5971206775,20077.1385022531
Nrn1,13413.5971206775,20077.1385022531
Cxcl14,13592.5971206775,20077.1385022531
Rgs4,13603.5971206775,20077.1385022531
Cplx2,13657.5971206775,20077.1385022531
Ndnf,13722.5971206775,20077.1385022531
Cadps2,13842.5971206775,20077.1385022531
Trp53i11,13912.5971206775,20077.1385022531
Slc6a1,12126.759223361201,20000.4248262363
Gad1,12276.759223361201,20000.4248262363
Trp53i11,12585.759223361201,20000.4248262363
Nrn1,12682.759223361201,20000.4248262363
Rgs4,12720.759223361201,20000.4248262363
Cck,12744.759223361201,20000.4248262363
Slc6a1,12026.759223361201,20001.4248262363
Satb1,12042.759223361201,20001.4248262363
Id2,12104.759223361201,20001.4248262363
Enpp2,12118.759223361201,20001.4248262363
Slc6a1,12133.759223361201,20001.4248262363
Snca,12384.759223361201,20001.4248262363
Rgs4,12666.759223361201,20001.4248262363
Id2,12733.759223361201,20001.4248262363
Rgs4,12808.759223361201,20001.4248262363
Snca,12851.759223361201,20001.4248262363
Sema3c,12008.759223361201,20002.4248262363
Slc6a1,12061.759223361201,20002.4248262363
Crh,12074.759223361201,20002.4248262363
Enpp2,12177.759223361201,20002.4248262363
Cadps2,12208.759223361201,20002.4248262363
Rgs4,12218.759223361201,20002.4248262363
Slc6a1,12242.759223361201,20002.4248262363
Kcnk2,12322.759223361201,20002.4248262363
Plp1,12348.759223361201,20002.4248262363
Rgs4,12498.759223361201,20002.4248262363
Plp1,12167.759223361201,20003.4248262363
Slc6a1,12312.759223361201,20003.4248262363
Cxcl14,12521.759223361201,20003.4248262363
Gad1,12055.759223361201,20004.4248262363
Slc6a1,12236.759223361201,20004.4248262363
Cplx2,12437.759223361201,20004.4248262363
Gabrd,12655.759223361201,20004.4248262363
Aldoc,12017.759223361201,20005.4248262363
Pde1a,12077.759223361201,20005.4248262363
Plp1,12128.759223361201,20005.4248262363
Plp1,12260.759223361201,20005.4248262363
Plp1,12266.759223361201,20005.4248262363
Slc6a1,12278.759223361201,20005.4248262363
Plp1,12308.759223361201,20005.4248262363
Plp1,12342.759223361201,20005.4248262363
Cplx2,12670.759223361201,20005.4248262363
Pthlh,12919.759223361201,20005.4248262363
Pvalb,12064.759223361201,20006.4248262363
Rgs12,12093.759223361201,20006.4248262363
Cdh13,12120.759223361201,20006.4248262363
Slc6a1,12146.759223361201,20006.4248262363
Rgs4,12170.759223361201,20006.4248262363
Bcl11b,12180.759223361201,20006.4248262363
Ntng1,12192.759223361201,20006.4248262363
Slc6a1,12303.759223361201,20006.4248262363
Col25a1,12326.759223361201,20006.4248262363
Aldoc,12384.759223361201,20006.4248262363
Serpini1,12556.759223361201,20006.4248262363
Lamp5,12739.759223361201,20006.4248262363
Trp53i11,12817.759223361201,20006.4248262363
Pde1a,12856.759223361201,20006.4248262363
Plp1,12868.759223361201,20006.4248262363
Slc6a1,12031.759223361201,20007.4248262363
Rasgrf2,12098.759223361201,20007.4248262363
Plp1,12154.759223361201,20007.4248262363
Neurod6,12211.759223361201,20007.4248262363
Lamp5,12221.759223361201,20007.4248262363
Reln,12227.759223361201,20007.4248262363
Slc6a1,12287.759223361201,20007.4248262363
Plp1,12324.759223361201,20007.4248262363
Snca,12931.759223361201,20007.4248262363
Wfs1,12008.759223361201,20008.4248262363
Sst,12053.759223361201,20008.4248262363
Lamp5,12187.759223361201,20008.4248262363
Lhx6,12292.759223361201,20008.4248262363
Plp1,12298.759223361201,20008.4248262363
Rasgrf2,12551.759223361201,20008.4248262363
Id2,12023.759223361201,20009.4248262363
Sst,12107.759223361201,20009.4248262363
Pde1a,12200.759223361201,20009.4248262363
Nrn1,12516.759223361201,20009.4248262363
Neurod6,12650.759223361201,20009.4248262363
Sst,12075.759223361201,20010.4248262363
Plp1,12273.759223361201,20010.4248262363
Plp1,12281.759223361201,20010.4248262363
Cox6a2,12305.759223361201,20010.4248262363
Slc6a1,12324.759223361201,20010.4248262363
Cxcl14,12525.759223361201,20010.4248262363
Trp53i11,12683.759223361201,20010.4248262363
Crh,12044.759223361201,20011.4248262363
Slc6a1,12145.759223361201,20011.4248262363
Rgs4,12213.759223361201,20011.4248262363
Plp1,12267.759223361201,20011.4248262363
Cryab,12355.759223361201,20011.4248262363
Aldoc,12387.759223361201,20011.4248262363
Lamp5,12408.759223361201,20011.4248262363
Rgs4,12675.759223361201,20011.4248262363
Slc6a1,12718.759223361201,20011.4248262363
Penk,12723.759223361201,20011.4248262363
Cpne5,12909.759223361201,20011.4248262363
Cox6a2,12004.759223361201,20012.4248262363
Cnr1,12058.759223361201,20012.4248262363
Plp1,12173.759223361201,20012.4248262363
Pde1a,12183.759223361201,20012.4248262363
Ndnf,12203.759223361201,20012.4248262363
Pde1a,12218.759223361201,20012.4248262363
Id2,12229.759223361201,20012.4248262363
Satb1,12067.759223361201,20013.4248262363
Plp1,12285.759223361201,20013.4248262363
Cdh13,12507.759223361201,20013.4248262363
Lamp5,12937.759223361201,20013.4248262363
Pde1a,12046.759223361201,20014.4248262363
Ntng1,12194.759223361201,20014.4248262363
Plp1,12313.759223361201,20014.4248262363
Cck,12331.759223361201,20014.4248262363
Slc6a1,12341.759223361201,20014.4248262363
Reln,12535.759223361201,20014.4248262363
Pthlh,12727.759223361201,20014.4248262363
Aldoc,12152.759223361201,20015.4248262363
Snca,12221.759223361201,20015.4248262363
Plp1,12274.759223361201,20015.4248262363
Plp1,12306.759223361201,20015.4248262363
Snca,12352.759223361201,20015.4248262363
Kit,12569.759223361201,20015.4248262363
Aldoc,12883.759223361201,20015.4248262363
Pthlh,12132.759223361201,20016.4248262363
Nr4a2,12245.759223361201,20016.4248262363
Plp1,12298.759223361201,20016.4248262363
Crhbp,12507.759223361201,20016.4248262363
Rgs10,12518.759223361201,20016.4248262363
Plp1,12872.759223361201,20016.4248262363
Cort,12052.759223361201,20017.4248262363
Col25a1,12071.759223361201,20017.4248262363
Aldoc,12119.759223361201,20017.4248262363
Cox6a2,12292.759223361201,20017.4248262363
Cnr1,12560.759223361201,20017.4248262363
Aldoc,12672.759223361201,20017.4248262363
Rgs12,12731.759223361201,20017.4248262363
Slc6a1,12824.759223361201,20017.4248262363
Pcp4,12108.759223361201,20018.4248262363
Wfs1,12136.759223361201,20018.4248262363
Plp1,12285.759223361201,20018.4248262363
Rgs4,12551.759223361201,20018.4248262363
Sst,12815.759223361201,20018.4248262363
Pcp4,12917.759223361201,20018.4248262363
Kit,12031.759223361201,20019.4248262363
Enpp2,12177.759223361201,20019.4248262363
Pde1a,12226.759223361201,20019.4248262363
Aldoc,12251.759223361201,20019.4248262363
Plp1,12278.759223361201,20019.4248262363
Plp1,12300.759223361201,20019.4248262363
Plp1,12312.759223361201,20019.4248262363
Rgs10,12523.759223361201,20019.4248262363
Vip,12680.759223361201,20019.4248262363
Sst,12027.759223361201,20020.4248262363
Aldoc,12168.759223361201,20020.4248262363
Pde1a,12201.759223361201,20020.4248262363
Plp1,12878.759223361201,20020.4248262363
Pcp4,12020.759223361201,20021.4248262363
Ntng1,12225.759223361201,20021.4248262363
Lamp5,12234.759223361201,20021.4248262363
Rgs4,12343.759223361201,20021.4248262363
Cck,12744.759223361201,20021.4248262363
Cryab,12901.759223361201,20021.4248262363
Cxcl14,12906.759223361201,20021.4248262363
Neurod6,12927.759223361201,20021.4248262363
Slc6a1,12147.759223361201,20022.4248262363
Rasgrf2,12259.759223361201,20022.4248262363
Plp1,12289.759223361201,20022.4248262363
Lamp5,12350.759223361201,20022.4248262363
Nrn1,12556.759223361201,20022.4248262363
Satb1,12569.759223361201,20022.4248262363
Rgs4,12579.759223361201,20022.4248262363
Rasgrf2,12594.759223361201,20022.4248262363
Plp1,12869.759223361201,20022.4248262363
Pde1a,12913.759223361201,20022.4248262363
Trp53i11,12938.759223361201,20022.4248262363
Pde1a,12214.759223361201,20023.4248262363
Aldoc,12265.759223361201,20023.4248262363
Plp1,12316.759223361201,20023.4248262363
Cxcl14,12356.759223361201,20023.4248262363
Th,12409.759223361201,20023.4248262363
Cck,12415.759223361201,20023.4248262363
Cck,12544.759223361201,20023.4248262363
Cplx2,12740.759223361201,20023.4248262363
Sema3c,12852.759223361201,20023.4248262363
Nrn1,12918.759223361201,20023.4248262363
Plp1,12164.759223361201,20024.4248262363
Plp1,12185.759223361201,20024.4248262363
Plp1,12327.759223361201,20024.4248262363
Slc6a1,12339.759223361201,20024.4248262363
Rgs4,12549.759223361201,20024.4248262363
Prkca,12843.759223361201,20024.4248262363
Rgs4,12009.759223361201,20025.4248262363
Gda,12270.759223361201,20025.4248262363
Aldoc,12521.759223361201,20025.4248262363
Cryab,12015.759223361201,20026.4248262363
Aldoc,12028.759223361201,20026.4248262363
Rab3c,12034.759223361201,20026.4248262363
Plp1,12169.759223361201,20026.4248262363
Lamp5,12194.759223361201,20026.4248262363
Aldoc,12232.759223361201,20026.4248262363
Serpini1,12346.759223361201,20026.4248262363
Lhx6,12040.759223361201,20027.4248262363
Enpp2,12154.759223361201,20027.4248262363
Ntng1,12206.759223361201,20027.4248262363
Reln,12225.759223361201,20027.4248262363
Slc6a1,12413.759223361201,20027.4248262363
Satb1,12568.759223361201,20027.4248262363
Lamp5,12584.759223361201,20027.4248262363
Sst,12141.759223361201,20028.4248262363
Col25a1,12243.759223361201,20028.4248262363
Crh,12439.759223361201,20028.4248262363
Aldoc,12515.759223361201,20028.4248262363
Id2,12539.759223361201,20028.4248262363
Plp1,12879.759223361201,20028.4248262363
Rgs4,12907.759223361201,20028.4248262363
Nrn1,12943.759223361201,20028.4248262363
Rgs4,12148.759223361201,20029.4248262363
Yjefn3,12276.759223361201,20029.4248262363
Plp1,12280.759223361201,20029.4248262363
Plp1,12491.759223361201,20029.4248262363
Lamp5,12925.759223361201,20029.4248262363
Aldoc,12036.759223361201,20030.4248262363
Plp1,12078.759223361201,20030.4248262363
Thsd7a,12423.759223361201,20030.4248262363
Plp1,12482.759223361201,20030.4248262363
Nrn1,12004.759223361201,20031.4248262363
Thsd7a,12243.759223361201,20031.4248262363
Plp1,12308.759223361201,20031.4248262363
Plp1,12336.759223361201,20031.4248262363
Slc6a1,12365.759223361201,20031.4248262363
Pnoc,12372.759223361201,20031.4248262363
Reln,12387.759223361201,20031.4248262363
Aldoc,12844.759223361201,20031.4248262363
Plp1,12023.759223361201,20032.4248262363
Col25a1,12045.759223361201,20032.4248262363
Yjefn3,12206.759223361201,20032.4248262363
Pde1a,12228.759223361201,20032.4248262363
Pthlh,12291.759223361201,20032.4248262363
Lamp5,12548.759223361201,20032.4248262363
Cryab,12636.759223361201,20032.4248262363
Cxcl14,12673.759223361201,20032.4248262363
Slc6a1,12126.759223361201,20033.4248262363
Cort,12150.759223361201,20033.4248262363
Plp1,12176.759223361201,20033.4248262363
Plp1,12183.759223361201,20033.4248262363
Cadps2,12232.759223361201,20033.4248262363
Pnoc,12285.759223361201,20033.4248262363
Cxcl14,12412.759223361201,20033.4248262363
Aldoc,12479.759223361201,20033.4248262363
Cpne5,12565.759223361201,20033.4248262363
Pde1a,12571.759223361201,20033.4248262363
Bcl11b,12856.759223361201,20033.4248262363
Pde1a,12954.759223361201,20033.4248262363
Plp1,12155.759223361201,20034.4248262363
Pde1a,12256.759223361201,20034.4248262363
Pthlh,12275.759223361201,20034.4248262363
Lhx6,12296.759223361201,20034.4248262363
Plp1,12311.759223361201,20034.4248262363
Plp1,12320.759223361201,20034.4248262363
Cxcl14,12330.759223361201,20034.4248262363
Pthlh,12358.759223361201,20034.4248262363
Lamp5,12543.759223361201,20034.4248262363
Neurod6,12584.759223361201,20034.4248262363
Kctd12,12049.759223361201,20035.4248262363
Serpini1,12219.759223361201,20035.4248262363
Cplx2,12250.759223361201,20035.4248262363
Plp1,12302.759223361201,20035.4248262363
Slc6a1,12376.759223361201,20035.4248262363
Rgs4,12906.759223361201,20035.4248262363
Plp1,12014.759223361201,20036.4248262363
Plp1,12031.759223361201,20036.4248262363
Synpr,12086.759223361201,20036.4248262363
Pvalb,12160.759223361201,20036.4248262363
Rab3c,12194.759223361201,20036.4248262363
Sst,12355.759223361201,20036.4248262363
Cryab,12515.759223361201,20036.4248262363
Cplx2,12797.759223361201,20036.4248262363
Sst,12002.759223361201,20037.4248262363
Plp1,12020.759223361201,20037.4248262363
Plp1,12025.759223361201,20037.4248262363
Aldoc,12077.759223361201,20037.4248262363
Nrn1,12429.759223361201,20037.4248262363
Slc6a1,12437.759223361201,20037.4248262363
Grin3a,12739.759223361201,20037.4248262363
Cdh13,12224.759223361201,20038.4248262363
Id2,12547.759223361201,20038.4248262363
Plp1,12035.759223361201,20039.4248262363
Nrn1,12064.759223361201,20039.4248262363
Pde1a,12151.759223361201,20039.4248262363
Enpp2,12264.759223361201,20039.4248262363
Nrn1,12552.759223361201,20039.4248262363
Cryab,12636.759223361201,20039.4248262363
Cxcl14,12823.759223361201,20039.4248262363
Cck,12911.759223361201,20039.4248262363
Nrn1,12922.759223361201,20039.4248262363
Synpr,12084.759223361201,20040.4248262363
Slc6a1,12350.759223361201,20040.4248262363
Pde1a,12581.759223361201,20040.4248262363
Cck,12916.759223361201,20040.4248262363
Nrn1,12934.759223361201,20040.4248262363
Cryab,12012.759223361201,20041.4248262363
Plp1,12026.759223361201,20041.4248262363
Pnoc,12050.759223361201,20041.4248262363
Aldoc,12166.759223361201,20041.4248262363
Plp1,12181.759223361201,20041.4248262363
Hapln1,12158.759223361201,20042.4248262363
Rgs4,12957.759223361201,20042.4248262363
Plp1,12041.759223361201,20043.4248262363
Sema3c,12057.759223361201,20043.4248262363
Bcl11b,12087.759223361201,20043.4248262363
Ndnf,12234.759223361201,20043.4248262363
Synpr,12342.759223361201,20043.4248262363
Cox6a2,12477.759223361201,20043.4248262363
Slc17a8,12513.759223361201,20043.4248262363
Pde1a,12928.759223361201,20043.4248262363
Pde1a,12944.759223361201,20043.4248262363
Plp1,12022.759223361201,20044.4248262363
Synpr,12050.759223361201,20044.4248262363
Bcl11b,12071.759223361201,20044.4248262363
Plp1,12196.759223361201,20044.4248262363
Plp1,12204.759223361201,20044.4248262363
Tac2,12228.759223361201,20044.4248262363
Calb2,12261.759223361201,20044.4248262363
Rgs12,12338.759223361201,20044.4248262363
Cplx2,12529.759223361201,20044.4248262363
Pde1a,12578.759223361201,20044.4248262363
Sema3c,12145.759223361201,20045.4248262363
Cxcl14,12244.759223361201,20045.4248262363
Sst,12331.759223361201,20045.4248262363
Cplx2,12399.759223361201,20045.4248262363
Neurod6,12405.759223361201,20045.4248262363
Chodl,12417.759223361201,20045.4248262363
Plp1,12010.759223361201,20046.4248262363
Cryab,12027.759223361201,20046.4248262363
Nrn1,12152.759223361201,20046.4248262363
Cryab,12165.759223361201,20046.4248262363
Pde1a,12505.759223361201,20046.4248262363
Bcl11b,12570.759223361201,20046.4248262363
Cck,12909.759223361201,20046.4248262363
Plp1,12037.759223361201,20047.4248262363
Rgs4,12939.759223361201,20047.4248262363
Plp1,12969.759223361201,20047.4248262363
Enpp2,12023.759223361201,20048.4248262363
Plp1,12061.759223361201,20048.4248262363
Neurod6,12092.759223361201,20048.4248262363
Aldoc,12179.759223361201,20048.4248262363
Crh,12604.759223361201,20048.4248262363
Lamp5,12619.759223361201,20048.4248262363
Cck,12948.759223361201,20048.4248262363
Rgs4,12964.759223361201,20048.4248262363
Pthlh,12051.759223361201,20049.4248262363
Grin3a,12080.759223361201,20049.4248262363
Plp1,12172.759223361201,20049.4248262363
Plp1,12202.759223361201,20049.4248262363
Pthlh,12215.759223361201,20049.4248262363
Th,12235.759223361201,20049.4248262363
Sst,12292.759223361201,20049.4248262363
Sst,12910.759223361201,20050.4248262363
Plp1,12034.759223361201,20051.4248262363
Nrn1,12073.759223361201,20051.4248262363
Chrm2,12085.759223361201,20051.4248262363
Rgs4,12098.759223361201,20051.4248262363
Npy2r,12233.759223361201,20051.4248262363
Aldoc,12458.759223361201,20052.4248262363
Cxcl14,12499.759223361201,20052.4248262363
Gda,12598.759223361201,20052.4248262363
Sncg,12716.759223361201,20052.4248262363
Plp1,12849.759223361201,20052.4248262363
Cck,12952.759223361201,20052.4248262363
Plp1,12008.759223361201,20053.4248262363
Plp1,12029.759223361201,20053.4248262363
Pde1a,12155.759223361201,20053.4248262363
Cplx2,12373.759223361201,20053.4248262363
Trp53i11,12424.759223361201,20053.4248262363
Plp1,12479.759223361201,20053.4248262363
Lamp5,12588.759223361201,20053.4248262363
Plp1,12844.759223361201,20053.4248262363
Plp1,12930.759223361201,20053.4248262363
Plp1,12040.759223361201,20054.4248262363
Plp1,12192.759223361201,20054.4248262363
Lamp5,12784.759223361201,20054.4248262363
Snca,12873.759223361201,20054.4248262363
Enpp2,12015.759223361201,20055.4248262363
Nrn1,12025.759223361201,20055.4248262363
Penk,12049.759223361201,20055.4248262363
Th,12175.759223361201,20055.4248262363
Pnoc,12313.759223361201,20055.4248262363
Rgs4,12623.759223361201,20055.4248262363
Nrn1,12919.759223361201,20055.4248262363
Nrn1,12962.759223361201,20055.4248262363
Yjefn3,12059.759223361201,20056.4248262363
Kctd12,12569.759223361201,20056.4248262363
Pde1a,12934.759223361201,20056.4248262363
Neurod6,12010.759223361201,20057.4248262363
Plp1,12019.759223361201,20057.4248262363
Plp1,12150.759223361201,20057.4248262363
Cplx2,12258.759223361201,20057.4248262363
Slc6a1,12305.759223361201,20057.4248262363
Plp1,12577.759223361201,20057.4248262363
Nrn1,12813.759223361201,20057.4248262363
Calb2,12829.759223361201,20057.4248262363
Neurod6,12071.759223361201,20058.4248262363
Rgs4,12087.759223361201,20058.4248262363
Pthlh,12098.759223361201,20058.4248262363
Snca,12126.759223361201,20058.4248262363
Rgs4,12296.759223361201,20058.4248262363
Cxcl14,12321.759223361201,20058.4248262363
Vip,12502.759223361201,20058.4248262363
Wfs1,12518.759223361201,20058.4248262363
Slc6a1,12105.759223361201,20059.4248262363
Sncg,12208.759223361201,20059.4248262363
Plp1,12234.759223361201,20059.4248262363
Pde1a,12609.759223361201,20059.4248262363
Neurod6,12001.759223361201,20060.4248262363
Ntng1,12059.759223361201,20060.4248262363
Plp1,12507.759223361201,20060.4248262363
Rgs4,12939.759223361201,20060.4248262363
Plp1,12027.759223361201,20061.4248262363
Gad1,12113.759223361201,20061.4248262363
Tac1,12173.759223361201,20061.4248262363
Cxcl14,12185.759223361201,20061.4248262363
Plp1,12195.759223361201,20061.4248262363
Cryab,12650.759223361201,20061.4248262363
Cxcl14,12975.759223361201,20061.4248262363
Neurod6,12009.759223361201,20062.4248262363
Satb1,12038.759223361201,20062.4248262363
Nrn1,12120.759223361201,20062.4248262363
Aldoc,12559.759223361201,20062.4248262363
Rab3c,12660.759223361201,20062.4248262363
Cplx2,12021.759223361201,20063.4248262363
Rgs4,12904.759223361201,20063.4248262363
Plp1,12986.759223361201,20063.4248262363
Neurod6,12006.759223361201,20064.4248262363
Pde1a,12271.759223361201,20064.4248262363
Neurod6,12540.759223361201,20064.4248262363
Cck,12950.759223361201,20064.4248262363
Cdh13,12309.759223361201,20065.4248262363
Enpp2,12606.759223361201,20065.4248262363
Gabrd,12056.759223361201,20066.4248262363
Plp1,12584.759223361201,20066.4248262363
Satb1,12612.759223361201,20066.4248262363
Lamp5,12755.759223361201,20066.4248262363
Synpr,12197.759223361201,20067.4248262363
Nrn1,12314.759223361201,20067.4248262363
Cdh13,12403.759223361201,20067.4248262363
Rasgrf2,12413.759223361201,20067.4248262363
Rgs4,12428.759223361201,20067.4248262363
Pde1a,12909.759223361201,20067.4248262363
Neurod6,12926.759223361201,20067.4248262363
Cck,12932.759223361201,20067.4248262363
Reln,12960.759223361201,20067.4248262363
Serpini1,12023.759223361201,20068.4248262363
Nrn1,12045.759223361201,20068.4248262363
Lamp5,12133.759223361201,20068.4248262363
Id2,12243.759223361201,20068.4248262363
Rgs4,12300.759223361201,20068.4248262363
Pcp4,12375.759223361201,20068.4248262363
Plp1,12572.759223361201,20068.4248262363
Cdh13,12013.759223361201,20069.4248262363
Sst,12077.759223361201,20069.4248262363
Sst,12092.759223361201,20069.4248262363
Plp1,12588.759223361201,20069.4248262363
Ntng1,12617.759223361201,20069.4248262363
Snca,12366.759223361201,20070.4248262363
Pde1a,12762.759223361201,20070.4248262363
Gda,12906.759223361201,20070.4248262363
Cck,12919.759223361201,20070.4248262363
Pthlh,12004.759223361201,20071.4248262363
Rgs4,12009.759223361201,20071.4248262363
Aldoc,12145.759223361201,20071.4248262363
Enpp2,12170.759223361201,20072.4248262363
Cox6a2,12263.759223361201,20072.4248262363
Cdh13,12289.759223361201,20072.4248262363
Aldoc,12550.759223361201,20072.4248262363
Pde1a,12610.759223361201,20072.4248262363
Reln,12667.759223361201,20072.4248262363
Sst,12018.759223361201,20073.4248262363
Slc6a1,12124.759223361201,20073.4248262363
Aldoc,12192.759223361201,20073.4248262363
Reln,12246.759223361201,20073.4248262363
Rgs4,12296.759223361201,20073.4248262363
Id2,12478.759223361201,20073.4248262363
Plp1,12584.759223361201,20073.4248262363
Plp1,12656.759223361201,20073.4248262363
Pde1a,12853.759223361201,20073.4248262363
Sncg,12016.759223361201,20074.4248262363
Pde1a,12024.759223361201,20074.4248262363
Ntng1,12153.759223361201,20074.4248262363
Plp1,12254.759223361201,20074.4248262363
Cxcl14,12275.759223361201,20074.4248262363
Plp1,12573.759223361201,20074.4248262363
Neurod6,12826.759223361201,20074.4248262363
Rgs4,12914.759223361201,20074.4248262363
Slc6a1,12230.759223361201,20075.4248262363
Slc6a1,12235.759223361201,20075.4248262363
Id2,12473.759223361201,20075.4248262363
Id2,12637.759223361201,20075.4248262363
Gad1,12923.759223361201,20075.4248262363
Id2,12176.759223361201,20076.4248262363
Pde1a,12289.759223361201,20076.4248262363
Neurod6,12356.759223361201,20076.4248262363
Plp1,12582.759223361201,20076.4248262363
Pde1a,12710.759223361201,20076.4248262363
Reln,12817.759223361201,20076.4248262363
Pde1a,12834.759223361201,20076.4248262363
Cxcl14,12896.759223361201,20076.4248262363
Sema3c,12012.759223361201,20077.4248262363
Nrn1,12045.759223361201,20077.4248262363
Cplx2,12220.759223361201,20077.4248262363
Rasgrf2,12339.759223361201,20077.4248262363
Id2,12842.759223361201,20077.4248262363
Cplx2,12034.759223361201,20078.4248262363
Sst,12095.759223361201,20078.4248262363
Nrn1,12305.759223361201,20078.4248262363
Slc17a8,12597.759223361201,20078.4248262363
Nrn1,12023.759223361201,20079.4248262363
Prkca,12410.759223361201,20079.4248262363
Cck,12466.759223361201,20079.4248262363
Aldoc,12763.759223361201,20079.4248262363
Nrn1,12857.759223361201,20079.4248262363
Slc6a1,12930.759223361201,20079.4248262363
Id2,12005.759223361201,20080.4248262363
Bcl11b,12048.759223361201,20080.4248262363
Pcp4,12250.759223361201,20080.4248262363
Snca,12377.759223361201,20080.4248262363
Plcxd2,12396.759223361201,20080.4248262363
Pde1a,12401.759223361201,20080.4248262363
Hapln1,12285.759223361201,20081.4248262363
Cnr1,12296.759223361201,20081.4248262363
Satb1,12420.759223361201,20081.4248262363
Neurod6,12829.759223361201,20081.4248262363
Cxcl14,13000.759223361201,20081.4248262363
Plcxd2,12042.759223361201,20082.4248262363
Cplx2,12054.759223361201,20082.4248262363
Pde1a,12118.759223361201,20082.4248262363
Rgs4,12142.759223361201,20082.4248262363
Wfs1,12207.759223361201,20082.4248262363
Cpne5,12232.759223361201,20082.4248262363
Nrn1,12266.759223361201,20082.4248262363
Aldoc,12383.759223361201,20082.4248262363
Aldoc,12441.759223361201,20082.4248262363
Cadps2,12641.759223361201,20082.4248262363
Yjefn3,12848.759223361201,20082.4248262363
Slc17a8,12000.759223361201,20083.4248262363
Lamp5,12300.759223361201,20083.4248262363
Lamp5,12585.759223361201,20084.4248262363
Kit,12607.759223361201,20084.4248262363
Cplx2,12703.759223361201,20084.4248262363
Trp53i11,12841.759223361201,20084.4248262363
Cck,12884.759223361201,20084.4248262363
Snca,12097.759223361201,20085.4248262363
Cryab,12652.759223361201,20085.4248262363
Satb1,12253.759223361201,20086.4248262363
Ntng1,12306.759223361201,20086.4248262363
Cplx2,12532.759223361201,20086.4248262363
Lamp5,12148.759223361201,20087.4248262363
Slc6a1,12239.759223361201,20087.4248262363
Cplx2,12261.759223361201,20087.4248262363
Aldoc,12389.759223361201,20087.4248262363
Pnoc,12403.759223361201,20087.4248262363
Cck,12413.759223361201,20087.4248262363
Aldoc,12437.759223361201,20087.4248262363
Cplx2,12822.759223361201,20087.4248262363
Cck,12022.759223361201,20088.4248262363
Cck,12028.759223361201,20088.4248262363
Trp53i11,12106.759223361201,20088.4248262363
Neurod6,12219.759223361201,20088.4248262363
Cck,12227.759223361201,20088.4248262363
Cxcl14,12456.759223361201,20088.4248262363
Rgs12,12603.759223361201,20088.4248262363
Cxcl14,12719.759223361201,20088.4248262363
Aldoc,12921.759223361201,20088.4248262363
Ntng1,12340.759223361201,20089.4248262363
Plp1,12449.759223361201,20089.4248262363
Trp53i11,12597.759223361201,20089.4248262363
Slc6a1,12752.759223361201,20089.4248262363
Id2,12005.759223361201,20090.4248262363
Sst,12131.759223361201,20090.4248262363
Satb1,12173.759223361201,20090.4248262363
Neurod6,12482.759223361201,20090.4248262363
Aldoc,12732.759223361201,20090.4248262363
Rab3c,12046.759223361201,20091.4248262363
Rgs4,12143.759223361201,20091.4248262363
Neurod6,12187.759223361201,20091.4248262363
Gad1,12211.759223361201,20091.4248262363
Satb1,12306.759223361201,20091.4248262363
Nrn1,12890.759223361201,20091.4248262363
Enpp2,12995.759223361201,20091.4248262363
Trp53i11,12010.759223361201,20092.4248262363
Cdh13,12254.759223361201,20092.4248262363
Nov,12276.759223361201,20092.4248262363
Hapln1,12294.759223361201,20092.4248262363
Pde1a,12313.759223361201,20092.4248262363
Cck,12413.759223361201,20092.4248262363
Cxcl14,12493.759223361201,20092.4248262363
Slc6a1,12504.759223361201,20092.4248262363
Gad1,12782.759223361201,20092.4248262363
Aldoc,12838.759223361201,20092.4248262363
Aldoc,12121.759223361201,20093.4248262363
Neurod6,12283.759223361201,20093.4248262363
Slc6a1,12770.759223361201,20093.4248262363
Cplx2,12948.759223361201,20093.4248262363
Cplx2,12014.759223361201,20094.4248262363
Prkca,12036.759223361201,20094.4248262363
Cdh13,12140.759223361201,20094.4248262363
Satb1,12167.759223361201,20094.4248262363
Slc6a1,12421.759223361201,20094.4248262363
Slc6a1,12650.759223361201,20094.4248262363
Vip,12155.759223361201,20095.4248262363
Cplx2,12256.759223361201,20095.4248262363
Cryab,12319.759223361201,20095.4248262363
Grin3a,12834.759223361201,20095.4248262363
Sst,12888.759223361201,20095.4248262363
Nrn1,12158.759223361201,20096.4248262363
Aldoc,12582.759223361201,20096.4248262363
Cplx2,12994.759223361201,20096.4248262363
Col25a1,12152.759223361201,20097.4248262363
Ndnf,12296.759223361201,20097.4248262363
Pthlh,12403.759223361201,20097.4248262363
Penk,12775.759223361201,20097.4248262363
Neurod6,12897.759223361201,20097.4248262363
Npy,12200.759223361201,20098.4248262363
Gad1,12765.759223361201,20098.4248262363
Pcp4,12813.759223361201,20098.4248262363
Calb1,12409.759223361201,20099.4248262363
Pde1a,12539.759223361201,20099.4248262363
Prkca,12584.759223361201,20099.4248262363
Serpini1,12596.759223361201,20099.4248262363
Neurod6,12778.759223361201,20099.4248262363
Pde1a,12832.759223361201,20099.4248262363
Synpr,12850.759223361201,20099.4248262363
