gene_name,Astro.1,Astro.2,Astro.3,Astro.4,Astro.5,Cacna2d1.Lhx6.Reln,Cacna2d1.Lhx6.Vwa5a,Cacna2d1.Ndnf.Cxcl14,Cacna2d1.Ndnf.Npy,Cacna2d1.Ndnf.Rgs10,Calb2.Cntnap5a.Igfbp6,Calb2.Cntnap5a.Rspo3,Calb2.Cntnap5a.Vip,Calb2.Cryab,Calb2.Vip.Gpd1,Calb2.Vip.Igfbp4,Calb2.Vip.Nos1,Cck.Calca,Cck.Cxcl14.Calb1.Igfbp5,Cck.Cxcl14.Calb1.Kctd12,Cck.Cxcl14.Calb1.Tac2,Cck.Cxcl14.Calb1.Tnfaip8l3,Cck.Cxcl14.Slc17a8,Cck.Cxcl14.Vip,Cck.Lmo1.Npy,Cck.Lmo1.Vip.Crh,Cck.Lmo1.Vip.Fam19a2,Cck.Lmo1.Vip.Tac2,Cck.Lypd1,Cck.Sema5a,Choroid,Endo,Eryth.1,Eryth.2,Microglia.1,Microglia.2,Ntng1.Chrm2,Ntng1.Rgs10,Ntng1.Synpr,Oligo.1,Oligo.2,Oligo.3,Oligo.4,Oligo.5,PC.CA1.1,PC.CA1.2,PC.CA1.3,PC.Other1,PC.Other2,Pvalb.C1ql1.Cpne5,Pvalb.C1ql1.Npy,Pvalb.C1ql1.Pvalb,Pvalb.Tac1.Akr1c18,Pvalb.Tac1.Nr4a2,Pvalb.Tac1.Sst,Pvalb.Tac1.Syt2,Sst.Cryab,Sst.Erbb4.Crh,Sst.Erbb4.Rgs10,Sst.Erbb4.Th,Sst.Nos1,Sst.Npy.Cort,Sst.Npy.Mgat4c,Sst.Npy.Serpine2,Sst.Npy.Zbtb20,Sst.Pnoc.Calb1.Igfbp5,Sst.Pnoc.Calb1.Pvalb,Sst.Pnoc.Pvalb,Vip.Crh.C1ql1,Vip.Crh.Pcp4,Vsmc,Zero,utc,iteration,has_converged
3110035E14Rik,0.11775147928994084,0.10653594771241831,0.10666666666666667,0.10505050505050506,0.10512820512820513,0.10370370370370371,0.12325581395348838,0.12127659574468086,0.12352941176470589,0.10943396226415095,0.1,0.1,0.11960784313725491,0.1,0.12479338842975207,0.1,0.1,0.1,0.1138888888888889,0.12083333333333333,0.1,0.10847457627118645,0.1,0.1,0.11515151515151516,0.13278688524590165,0.1,0.1816326530612245,0.1,0.14225352112676057,0.1,0.1,0.1,0.1,0.1,0.1,0.37027027027027026,0.15555555555555556,0.1,0.30833333333333335,0.1588235294117647,0.1,0.1,0.8727272727272727,0.6813953488372093,2.1,3.5684684684684687,2.3089552238805973,4.766666666666667,0.1,0.1,0.11739130434782609,0.17017543859649123,0.11923076923076924,0.1394736842105263,0.11204819277108434,0.17407407407407408,0.1,0.2111111111111111,0.1,0.1,0.27391304347826084,0.2639344262295082,0.7725146198830409,0.38235294117647056,0.14924242424242423,0.44810126582278487,0.43333333333333335,0.1,0.1,0.11438848920863309,0.1,2022-07-14 21:02:08.150980,153,1
6330403K07Rik,1.419526627218935,0.7993464052287581,4.766666666666667,1.1353535353535353,1.4076923076923078,2.4074074074074074,1.146511627906977,2.695744680851064,1.1588235294117648,2.137735849056604,4.58,4.4399999999999995,3.7666666666666666,3.2,3.38099173553719,3.832673267326733,4.316666666666666,0.9709677419354839,9.697222222222221,5.245833333333333,4.322222222222222,12.261016949152541,2.6126050420168068,5.016666666666667,2.5545454545454547,4.378688524590164,2.1,3.773469387755102,4.570588235294117,1.2267605633802818,0.1,0.1821917808219178,0.1,0.15555555555555556,0.12777777777777777,0.10432900432900434,3.5324324324324325,1.7805555555555557,7.266666666666667,0.14166666666666666,0.12941176470588237,0.1392156862745098,0.11960784313725491,0.12272727272727274,1.1930232558139535,3.002439024390244,4.045945945945946,7.249253731343283,6.896296296296296,1.3388059701492538,2.7551724137931037,0.9869565217391304,0.4157894736842105,5.965384615384615,3.073684210526316,1.063855421686747,5.025925925925925,6.054545454545454,1.5444444444444445,5.1,20.52857142857143,4.868115942028985,9.985245901639344,8.257894736842104,4.58235294117647,10.065909090909091,6.4670886075949365,5.465591397849462,3.3222222222222224,4.046428571428572,0.13597122302158274,0.1,2022-07-14 21:02:08.150980,153,1
Adgrl2,0.1591715976331361,0.15228758169934642,0.16666666666666669,0.16565656565656567,0.12564102564102564,0.10740740740740741,0.11162790697674418,0.1,0.1823529411764706,0.12830188679245283,0.18,0.1,0.1,0.1,0.11652892561983472,0.1099009900990099,0.11666666666666667,0.35806451612903223,0.1138888888888889,0.1,0.1,0.11694915254237288,0.10840336134453782,0.1,0.17575757575757578,0.1,0.1,0.1,0.1,0.2549295774647887,0.1,0.30547945205479454,0.1,0.37777777777777777,0.12777777777777777,0.11731601731601732,0.37027027027027026,0.30833333333333335,0.1625,0.1,0.1,0.1,0.1,0.1,0.30930232558139537,0.35609756097560974,0.6045045045045044,0.3835820895522388,0.7296296296296296,0.30895522388059704,0.20344827586206898,0.17826086956521742,0.27543859649122804,0.2923076923076923,0.4552631578947368,0.5216867469879518,0.2851851851851852,0.4636363636363636,0.1,0.21764705882352942,0.18571428571428572,0.9260869565217391,0.5098360655737705,1.117543859649123,0.8176470588235294,0.4977272727272727,1.068354430379747,0.6053763440860215,0.1,0.1,0.2510791366906475,0.1,2022-07-14 21:02:08.150980,153,1
Aldoc,7.9461538461538455,11.041176470588235,10.893333333333333,15.206060606060605,7.730769230769231,0.20370370370370372,0.15813953488372093,0.1851063829787234,0.37058823529411766,0.2792452830188679,0.30000000000000004,0.58,0.6098039215686274,0.18,0.8190082644628099,1.1693069306930695,1.2166666666666668,0.16451612903225807,0.5027777777777778,0.32916666666666666,0.6,0.5067796610169492,0.40252100840336136,0.8222222222222222,0.3727272727272727,0.41147540983606556,0.7724137931034483,0.8551020408163265,2.2176470588235295,0.39577464788732397,1.1,0.1136986301369863,0.1,0.7666666666666666,0.12777777777777777,0.11731601731601732,0.8972972972972972,0.46111111111111114,0.35,0.6416666666666666,0.21764705882352942,0.14901960784313725,0.18823529411764706,0.28181818181818186,0.1697674418604651,0.16097560975609757,0.13603603603603603,0.1746268656716418,0.24814814814814815,0.12985074626865672,0.27241379310344827,0.6826086956521739,2.310526315789474,0.8307692307692307,0.7052631578947368,1.6421686746987953,1.137037037037037,0.4181818181818182,0.5444444444444444,0.5411764705882353,0.44285714285714284,0.563768115942029,0.13278688524590165,0.5970760233918129,0.4647058823529412,0.1946969696969697,0.14430379746835442,1.0247311827956989,0.6,0.4571428571428572,0.12158273381294965,0.1,2022-07-14 21:02:08.150980,153,1
Arpp21,0.19467455621301777,0.1718954248366013,0.21333333333333332,0.23131313131313133,0.12564102564102564,0.2851851851851852,0.1813953488372093,0.3765957446808511,0.22941176470588237,0.269811320754717,0.14,0.16,0.1392156862745098,0.24000000000000002,0.5132231404958678,0.2584158415841584,0.2833333333333333,0.7129032258064516,0.3916666666666667,0.3916666666666667,0.7666666666666666,0.27796610169491526,0.31848739495798317,0.5861111111111111,0.6,0.36229508196721316,0.20344827586206898,1.0183673469387755,0.1588235294117647,0.5647887323943662,0.1,0.1,0.17142857142857143,0.1,0.1,0.1,0.1945945945945946,0.37777777777777777,0.1625,0.14166666666666666,0.1,0.1,0.1,0.23636363636363636,0.7046511627906976,1.5146341463414634,2.027927927927928,3.6671641791044776,4.155555555555555,0.1,0.1,0.10869565217391305,0.1,0.1,0.11315789473684211,0.1,0.4703703703703703,0.1,0.1,0.12941176470588237,0.15714285714285714,0.15797101449275364,0.11639344262295083,0.10584795321637427,0.12352941176470589,0.11893939393939394,0.10632911392405064,0.11075268817204302,0.26666666666666666,0.35,0.10719424460431655,0.1,2022-07-14 21:02:08.150980,153,1
Bcl11b,0.12958579881656807,0.11960784313725491,0.14666666666666667,0.12020202020202021,0.10512820512820513,2.2222222222222223,1.7511627906976746,1.078723404255319,1.911764705882353,1.618867924528302,0.22,0.1,0.19803921568627453,0.76,0.13305785123966943,0.11980198019801981,0.1,0.16451612903225807,0.1138888888888889,0.12083333333333333,0.1,0.1593220338983051,0.14201680672268907,0.16944444444444445,0.20606060606060606,0.1,0.15172413793103448,0.12040816326530612,0.1588235294117647,0.9591549295774647,0.1,0.1273972602739726,0.1,0.15555555555555556,0.1,0.1,2.1135135135135137,3.2111111111111112,0.32916666666666666,0.1,0.1,0.1,0.1,0.1,0.8674418604651163,1.6121951219512196,2.883783783783784,1.4134328358208956,3.859259259259259,0.5029850746268657,0.6517241379310345,0.5173913043478261,0.31052631578947365,0.1576923076923077,0.5605263157894737,0.2686746987951807,1.7666666666666668,0.14545454545454545,0.24814814814814815,0.4529411764705883,1.8142857142857143,0.1289855072463768,0.4278688524590164,0.1935672514619883,0.28823529411764703,0.2628787878787879,0.3405063291139241,0.12150537634408604,0.37777777777777777,0.1,0.1,0.1,2022-07-14 21:02:08.150980,153,1
Cadps2,0.10591715976331362,0.1130718954248366,0.13333333333333333,0.1101010101010101,0.1,0.12222222222222223,0.12325581395348838,0.16382978723404257,0.1,0.1,0.78,1.2200000000000002,1.0607843137254902,0.58,0.10826446280991736,0.29801980198019806,0.30000000000000004,0.1,9.641666666666666,13.558333333333334,5.766666666666667,8.066101694915254,12.797478991596638,3.5861111111111112,1.8575757575757577,0.36229508196721316,1.9965517241379311,0.936734693877551,3.2176470588235295,0.12816901408450704,0.1,0.1136986301369863,0.1,0.1,0.1,0.10432900432900434,0.1,0.1138888888888889,1.2458333333333333,0.1,0.12941176470588237,0.1392156862745098,0.1,0.1,0.28604651162790695,0.6365853658536585,0.6945945945945946,0.6522388059701493,1.6,0.18955223880597016,0.13448275862068965,0.10869565217391305,0.11754385964912281,0.5230769230769231,0.24473684210526317,0.13614457831325302,0.24814814814814815,0.19090909090909092,0.1,0.33529411764705885,0.18571428571428572,0.1289855072463768,0.1,0.12923976608187135,0.12352941176470589,0.10757575757575757,0.12531645569620253,0.16451612903225807,0.1,0.20714285714285713,0.11438848920863309,0.1,2022-07-14 21:02:08.150980,153,1
Calb1,0.1,0.1,0.11333333333333334,0.10505050505050506,0.1,0.6,0.3558139534883721,0.1,0.12352941176470589,0.1,0.14,0.12000000000000001,0.1,0.1,0.13305785123966943,0.11980198019801981,0.1,0.1,3.3777777777777778,1.8916666666666668,1.3777777777777778,4.396610169491525,0.24285714285714285,0.28055555555555556,0.8878787878787878,0.5918032786885246,0.7551724137931034,1.426530612244898,2.6882352941176473,0.11408450704225352,0.1,0.1136986301369863,0.1,0.1,0.12777777777777777,0.10432900432900434,0.49189189189189186,0.1,0.49583333333333335,0.1,0.1,0.1,0.1,0.1,0.23953488372093024,0.40487804878048783,0.4783783783783784,0.5626865671641791,1.3592592592592594,0.2791044776119403,0.27241379310344827,0.1,0.18771929824561404,0.19615384615384618,2.205263157894737,0.6421686746987951,0.8407407407407407,0.1,0.2851851851851852,0.27647058823529413,0.18571428571428572,4.2449275362318835,4.591803278688524,1.14093567251462,2.7588235294117647,2.1492424242424244,1.9354430379746836,0.21827956989247313,0.1,0.11785714285714285,0.1,0.1,2022-07-14 21:02:08.150980,153,1
Calb2,0.1,0.10653594771241831,0.12666666666666668,0.1,0.10512820512820513,0.11481481481481481,0.1,0.20638297872340428,0.11176470588235295,0.1,3.62,3.48,2.550980392156863,3.18,3.265289256198347,2.6445544554455447,3.0833333333333335,0.1,0.1,0.12083333333333333,0.12777777777777777,0.15084745762711865,0.14201680672268907,0.26666666666666666,0.1,0.3295081967213115,0.15172413793103448,0.22244897959183674,0.1,0.11408450704225352,0.35,0.1,0.1,0.1,0.1,0.10432900432900434,0.1,0.1,0.20416666666666666,0.1,0.12941176470588237,0.1,0.1,0.1,0.1,0.11219512195121951,0.11801801801801802,0.15970149253731344,0.11851851851851852,0.30895522388059704,0.1,0.18695652173913044,0.22280701754385965,0.1,0.2578947368421053,0.1,0.9148148148148147,0.14545454545454545,0.13703703703703704,0.1,0.7571428571428571,0.1289855072463768,0.9032786885245901,0.7374269005847953,0.4529411764705883,0.8803030303030303,0.29620253164556964,0.1,1.1555555555555557,1.35,0.1,0.1,2022-07-14 21:02:08.150980,153,1
Cck,0.30118343195266273,0.1130718954248366,0.29333333333333333,0.13535353535353536,0.19230769230769232,9.844444444444443,15.146511627906976,5.86595744680851,10.252941176470587,2.156603773584906,0.45999999999999996,0.52,0.33529411764705885,3.86,0.1743801652892562,0.26831683168316833,0.3833333333333333,146.3258064516129,30.36388888888889,44.079166666666666,89.65555555555555,42.64237288135593,134.1,52.25277777777778,155.2060606060606,80.13278688524589,111.56551724137931,101.50816326530612,33.923529411764704,59.53661971830986,0.35,0.1273972602739726,0.17142857142857143,0.1,0.12777777777777777,0.11731601731601732,1.3432432432432433,2.5722222222222224,6.35,0.18333333333333335,0.3058823529411765,0.11960784313725491,0.14901960784313725,0.12272727272727274,3.96046511627907,8.85609756097561,13.244144144144144,7.562686567164179,10.72962962962963,11.040298507462687,16.927586206896553,14.656521739130435,3.0122807017543862,0.2730769230769231,2.4947368421052634,1.7867469879518074,8.025925925925925,1.3272727272727274,0.13703703703703704,0.5705882352941176,0.3857142857142857,0.5492753623188406,0.19836065573770492,0.2929824561403509,0.38235294117647056,0.26666666666666666,0.30886075949367087,0.25053763440860216,1.3777777777777778,10.242857142857142,0.1,0.1,2022-07-14 21:02:08.150980,153,1
Cdh13,0.10591715976331362,0.1,0.1,0.10505050505050506,0.11025641025641027,0.12962962962962965,0.1,0.24893617021276596,0.17058823529411765,0.269811320754717,0.1,0.12000000000000001,0.1,0.22,0.4223140495867769,0.13960396039603962,0.16666666666666669,0.2935483870967742,0.475,0.24583333333333335,0.48888888888888893,0.964406779661017,0.1588235294117647,0.15555555555555556,0.23636363636363636,0.1,0.15172413793103448,0.24285714285714285,0.21764705882352942,0.1563380281690141,0.1,0.1273972602739726,0.1,0.1,0.1,0.1,0.23513513513513515,0.19722222222222224,0.5583333333333333,0.26666666666666666,0.18823529411764706,0.11960784313725491,0.1,0.28181818181818186,0.12325581395348838,0.1,0.10900900900900902,0.35373134328358213,0.45185185185185184,0.1,0.1,0.12608695652173912,3.591228070175439,1.6384615384615386,1.0473684210526315,0.8349397590361446,1.3222222222222224,1.7363636363636366,1.5074074074074075,1.2764705882352942,1.0714285714285714,0.6072463768115942,1.1491803278688526,4.515204678362573,1.523529411764706,0.24772727272727274,2.4164556962025316,1.3903225806451613,0.3222222222222222,0.18928571428571428,0.11438848920863309,0.1,2022-07-14 21:02:08.150980,153,1
Chodl,0.1,0.1,0.1,0.1,0.1,0.1,0.1,0.1,0.1,0.1,0.1,0.1,0.1,0.14,0.1,0.1099009900990099,0.1,0.1,0.1,0.1,0.1,0.1,0.10840336134453782,0.1,0.1,0.1,0.1,0.1,0.1,0.1,0.1,0.1,0.1,0.1,0.1,0.1,0.1,0.1,0.1,0.1,0.1,0.1,0.1,0.1,0.1,0.1,0.1,0.11492537313432837,0.1,0.1,0.1,0.1,0.1,0.1,0.1,0.1,0.13703703703703704,0.1,0.1,0.1,2.2142857142857144,0.1,0.1,0.1,0.1,0.1,0.1,0.1,0.1,0.11785714285714285,0.1,0.1,2022-07-14 21:02:08.150980,153,1
Chrm2,0.1,0.1,0.1,0.1,0.1,0.1,0.1,0.1,0.1,0.1,0.1,0.1,0.1,0.1,0.10826446280991736,0.1,0.13333333333333333,0.1,0.1138888888888889,0.14166666666666666,0.1,0.1,0.13361344537815126,0.1,0.1,0.1,0.1,0.1,0.1,0.1,0.1,0.1,0.1,0.1,0.1,0.1,2.072972972972973,0.12777777777777777,0.1,0.1,0.1,0.1,0.1,0.1,0.1,0.1,0.1,0.15970149253731344,0.1,0.15970149253731344,0.20344827586206898,0.4826086956521739,0.27543859649122804,0.19615384615384618,0.23157894736842105,0.3530120481927711,0.17407407407407408,0.32727272727272727,0.1,0.1588235294117647,0.5857142857142857,0.1144927536231884,0.14918032786885246,0.10584795321637427,0.11176470588235295,0.1303030303030303,0.11898734177215191,0.1860215053763441,0.1,0.1,0.1,0.1,2022-07-14 21:02:08.150980,153,1
Cnr1,0.20059171597633135,0.1588235294117647,0.12666666666666668,0.18585858585858586,0.11025641025641027,0.40740740740740744,0.6465116279069767,3.4191489361702128,1.2058823529411766,3.279245283018868,1.6600000000000001,2.7,3.1588235294117646,4.46,1.9099173553719009,3.09009900990099,4.816666666666666,50.745161290322585,44.03055555555556,69.4125,56.18333333333334,28.1,124.15042016806723,15.475,81.72121212121212,26.559016393442626,73.27241379310344,44.69183673469388,22.041176470588237,34.36760563380282,0.35,0.1684931506849315,0.24285714285714285,0.2111111111111111,0.18333333333333335,0.13896103896103895,5.113513513513513,15.141666666666666,19.308333333333334,0.18333333333333335,0.3941176470588236,0.16862745098039217,0.1588235294117647,0.21363636363636362,0.26279069767441865,0.526829268292683,0.6315315315315315,0.9805970149253731,2.0074074074074075,0.35373134328358213,0.44482758620689655,0.4217391304347826,0.46842105263157896,0.5423076923076923,0.7973684210526315,0.5337349397590362,5.729629629629629,0.8727272727272727,1.951851851851852,0.6588235294117647,0.5571428571428572,1.6217391304347828,2.198360655737705,1.357309941520468,1.0058823529411764,2.975,2.8848101265822788,1.3903225806451613,1.8222222222222224,2.492857142857143,0.13597122302158274,0.1,2022-07-14 21:02:08.150980,153,1
Col25a1,0.11775147928994084,0.1,0.13333333333333333,0.10505050505050506,0.1,2.188888888888889,3.588372093023256,0.2276595744680851,0.2529411764705882,0.14716981132075474,0.1,0.22,0.1,0.14,0.11652892561983472,0.1099009900990099,0.1,5.325806451612903,8.488888888888889,9.5375,6.322222222222222,4.074576271186441,9.923529411764706,0.9333333333333333,8.948484848484847,2.4278688524590164,8.858620689655172,5.263265306122449,6.688235294117646,5.043661971830986,0.1,0.1136986301369863,0.1,0.1,0.1,0.10865800865800866,0.7756756756756756,1.9194444444444445,2.3708333333333336,0.1,0.1588235294117647,0.1,0.1,0.12272727272727274,0.1,0.20975609756097563,0.2531531531531531,0.6373134328358209,0.43333333333333335,0.21940298507462686,1.1344827586206898,0.6130434782608696,2.836842105263158,0.1,0.24473684210526317,0.1602409638554217,1.0629629629629629,0.1,3.72962962962963,0.12941176470588237,4.728571428571429,0.18695652173913044,0.1,0.8953216374269005,1.1,0.1340909090909091,0.3405063291139241,1.99247311827957,0.1,0.225,0.1,0.1,2022-07-14 21:02:08.150980,153,1
Cort,0.11183431952662723,0.1,0.11333333333333334,0.1,0.1,0.9777777777777777,0.6697674418604651,0.12127659574468086,0.711764705882353,0.2509433962264151,0.1,0.16,0.1,0.12000000000000001,0.14132231404958678,0.1594059405940594,0.1,0.1,0.18333333333333335,0.14166666666666666,0.1,0.15084745762711865,0.1504201680672269,0.1138888888888889,0.11515151515151516,0.14918032786885246,0.1,0.12040816326530612,0.1,0.1,0.1,0.1,0.1,0.1,0.1,0.1,0.1,0.1,0.12083333333333333,0.14166666666666666,0.1,0.1,0.1,0.14545454545454545,0.12325581395348838,0.1,0.10900900900900902,0.1,0.11851851851851852,0.18955223880597016,0.23793103448275862,0.15217391304347827,1.468421052631579,0.7730769230769231,5.771052631578947,0.9313253012048193,0.6925925925925925,0.6,1.1740740740740743,2.511764705882353,3.9857142857142858,8.128985507246377,1.0344262295081967,0.3573099415204678,0.30000000000000004,0.4446969696969697,0.7708860759493671,0.3365591397849462,0.1,0.35,0.1,0.1,2022-07-14 21:02:08.150980,153,1
Cox6a2,0.1,0.10653594771241831,0.11333333333333334,0.11515151515151516,0.10512820512820513,2.2444444444444445,0.6,0.24893617021276596,1.3588235294117648,0.9679245283018868,0.1,0.1,0.1,0.12000000000000001,0.1578512396694215,0.6445544554455446,0.4833333333333334,0.1,0.1,0.20416666666666666,0.12777777777777777,0.11694915254237288,0.16722689075630254,0.1,0.22121212121212122,0.11639344262295083,0.15172413793103448,0.20204081632653062,0.1588235294117647,0.21267605633802816,0.1,0.1136986301369863,0.1,0.1,0.18333333333333335,0.12164502164502165,0.26216216216216215,0.6694444444444444,0.225,0.1,0.1,0.1,0.10980392156862745,0.1,0.1,0.12439024390243902,0.1,0.12985074626865672,0.1,3.9507462686567165,2.1689655172413795,2.2130434782608694,1.1,1.5615384615384615,2.2315789473684213,4.148192771084337,1.137037037037037,0.4636363636363636,0.4703703703703703,1.8647058823529412,0.1,0.4043478260869565,0.11639344262295083,0.12339181286549708,0.41764705882352937,0.10378787878787879,0.1,0.2935483870967742,0.1,0.26071428571428573,0.1,0.1,2022-07-14 21:02:08.150980,153,1
Cplx2,0.508284023668639,0.2045751633986928,0.4866666666666667,0.3171717171717172,0.2897435897435897,0.5666666666666667,0.6465116279069767,1.9936170212765958,0.6529411764705882,0.6660377358490566,0.7,1.0,1.6686274509803922,2.02,2.1082644628099176,1.3970297029702972,3.2,13.13225806451613,19.544444444444444,26.01666666666667,18.822222222222223,10.86271186440678,28.696638655462188,5.627777777777777,20.372727272727275,10.936065573770492,18.944827586206898,16.793877551020408,9.98235294117647,13.043661971830986,0.1,0.1410958904109589,0.17142857142857143,0.15555555555555556,0.1,0.11731601731601732,4.262162162162162,10.613888888888889,10.225,0.1,0.1588235294117647,0.12941176470588237,0.12941176470588237,0.12272727272727274,1.6116279069767443,1.929268292682927,2.955855855855856,3.5776119402985076,5.637037037037037,0.5477611940298508,0.6172413793103448,0.5869565217391305,0.46842105263157896,0.25384615384615383,0.49473684210526314,0.4373493975903614,3.8777777777777778,0.28181818181818186,1.8037037037037038,0.24705882352941178,6.271428571428571,1.9695652173913045,2.559016393442623,4.895321637426901,3.1,3.35,3.5430379746835445,2.6161290322580646,1.1,1.7964285714285715,0.1431654676258993,0.1,2022-07-14 21:02:08.150980,153,1
Cpne5,0.11183431952662723,0.1,0.10666666666666667,0.10505050505050506,0.10512820512820513,0.17777777777777778,0.1,0.2914893617021277,0.19411764705882353,0.16603773584905662,0.26,0.26,0.3156862745098039,0.38,0.13305785123966943,0.1594059405940594,0.1,0.22903225806451613,7.016666666666667,5.766666666666667,1.3222222222222224,5.167796610169491,1.0915966386554623,0.28055555555555556,0.17575757575757578,0.23114754098360657,0.13448275862068965,0.16122448979591836,0.1588235294117647,0.2549295774647887,0.1,0.1,0.1,0.1,0.1,0.1,0.7081081081081081,0.2388888888888889,0.6208333333333333,0.1,0.1,0.1,0.1,0.1,0.1930232558139535,0.23414634146341465,0.49639639639639643,0.23432835820895523,0.3037037037037037,1.0701492537313433,0.20344827586206898,0.2565217391304348,0.1,0.1,0.16578947368421054,0.1,0.3592592592592593,0.1,0.1,0.1588235294117647,0.8428571428571429,0.27391304347826084,0.739344262295082,0.49766081871345025,0.37058823529411766,0.40681818181818186,0.2645569620253164,0.11075268817204302,0.3222222222222222,0.15357142857142858,0.1,0.1,2022-07-14 21:02:08.150980,153,1
Crh,0.1,0.1,0.1,0.1,0.1,0.11851851851851852,0.1,0.1,0.11176470588235295,0.1,1.54,0.22,0.5705882352941176,0.33999999999999997,0.35619834710743803,0.22871287128712872,0.16666666666666669,0.1,0.2388888888888889,0.12083333333333333,0.2388888888888889,0.16779661016949154,0.10840336134453782,0.475,0.1303030303030303,2.1327868852459018,0.20344827586206898,0.20204081632653062,0.1588235294117647,0.1,0.1,0.1,0.1,0.1,0.1,0.1,0.1,0.1138888888888889,0.1,0.1,0.1,0.1,0.1,0.1,0.1,0.1,0.1,0.14477611940298507,0.1,0.14477611940298507,0.1,0.30000000000000004,0.15263157894736842,0.1,0.17894736842105263,0.1,0.3222222222222222,1.2363636363636366,0.1,0.3058823529411765,0.1,0.1,0.21475409836065573,0.14678362573099416,0.2529411764705882,0.1606060606060606,0.7012658227848101,0.1967741935483871,2.2666666666666666,3.3142857142857145,0.1,0.1,2022-07-14 21:02:08.150980,153,1
Crhbp,0.11775147928994084,0.1,0.1,0.1,0.1,0.10740740740740741,0.13488372093023257,0.12127659574468086,0.11176470588235295,0.1,0.1,0.1,0.1,0.14,0.1,0.1,0.1,0.1,0.1,0.12083333333333333,0.1,0.1423728813559322,0.21764705882352942,0.1,0.1,0.13278688524590165,0.1,0.12040816326530612,0.1588235294117647,0.11408450704225352,0.1,0.1,0.1,0.15555555555555556,0.1,0.1,0.5324324324324324,0.1138888888888889,0.1,0.1,0.1,0.1,0.1,0.1,0.1,0.11219512195121951,0.1,0.1,0.1,0.1,0.1,0.11739130434782609,5.749122807017543,0.35,3.1,2.3289156626506027,0.7666666666666666,0.1,0.4703703703703703,0.24705882352941178,17.52857142857143,5.926086956521739,1.29672131147541,6.97719298245614,1.2764705882352942,0.8045454545454546,2.258227848101266,1.4440860215053763,0.1,0.11785714285714285,0.1,0.1,2022-07-14 21:02:08.150980,153,1
Cryab,0.8041420118343195,0.7209150326797386,1.7066666666666668,1.296969696969697,0.8487179487179487,8.077777777777778,7.681395348837209,5.397872340425532,7.735294117647059,7.590566037735849,1.3800000000000001,0.22,0.49215686274509807,3.62,0.4636363636363636,0.1792079207920792,0.1,4.196774193548387,0.12777777777777777,0.1625,0.46111111111111114,0.2271186440677966,0.2008403361344538,2.5305555555555554,0.7212121212121212,0.9524590163934425,0.18620689655172415,1.0387755102040817,0.1,1.128169014084507,6.1,0.7712328767123288,0.1,1.7111111111111112,0.18333333333333335,0.1303030303030303,0.14054054054054055,0.19722222222222224,0.1625,12.933333333333334,39.57058823529412,30.315686274509805,16.68823529411765,8.759090909090908,0.21627906976744188,0.24634146341463414,0.2711711711711712,0.7417910447761193,1.2851851851851852,0.18955223880597016,1.9965517241379311,0.27391304347826084,0.11754385964912281,0.1,0.19210526315789472,0.18433734939759036,5.47037037037037,0.19090909090909092,0.2111111111111111,0.1,0.1285714285714286,0.1289855072463768,0.13278688524590165,0.19941520467836257,0.1588235294117647,0.11893939393939394,0.12531645569620253,0.13225806451612904,0.8222222222222222,1.1714285714285715,0.6323741007194245,0.1,2022-07-14 21:02:08.150980,153,1
Crym,0.15325443786982249,0.10653594771241831,0.16666666666666669,0.13535353535353536,0.11025641025641027,0.1,0.1,0.1,0.1,0.10943396226415095,0.14,0.1,0.1,0.1,0.10826446280991736,0.1099009900990099,0.1,0.1,0.1,0.1,0.1,0.11694915254237288,0.10840336134453782,0.1,0.11515151515151516,0.11639344262295083,0.11724137931034484,0.1,0.1,0.11408450704225352,0.1,0.1,0.1,0.1,0.1,0.1,0.1,0.1,0.1,0.1,0.1,0.10980392156862745,0.11960784313725491,0.1,0.4720930232558139,1.6975609756097563,1.8387387387387388,1.9507462686567165,4.896296296296296,0.1,0.1,0.1,0.1,0.1,0.1,0.1,0.17407407407407408,0.1,0.1,0.1,0.1,0.1144927536231884,0.1,0.1,0.11176470588235295,0.10378787878787879,0.1,0.1,0.1,0.1,0.1,0.1,2022-07-14 21:02:08.150980,153,1
Cux2,0.10591715976331362,0.10653594771241831,0.12666666666666668,0.1101010101010101,0.11025641025641027,0.42592592592592593,0.5186046511627908,0.1,0.2411764705882353,0.19433962264150945,0.14,0.1,0.1784313725490196,0.1,0.14132231404958678,0.11980198019801981,0.15000000000000002,0.3258064516129032,0.15555555555555556,0.12083333333333333,0.35,0.12542372881355934,0.22605042016806723,0.12777777777777777,0.296969696969697,0.4606557377049181,0.6,0.42653061224489797,0.5117647058823529,0.36760563380281686,0.1,0.1136986301369863,0.1,0.1,0.12777777777777777,0.1,0.3162162162162162,0.2111111111111111,0.2875,0.14166666666666666,0.42352941176470593,0.19803921568627453,0.11960784313725491,0.14545454545454545,0.12325581395348838,0.12439024390243902,0.1,0.14477611940298507,0.1,0.1746268656716418,0.13448275862068965,0.34347826086956523,0.8543859649122807,0.2153846153846154,0.2710526315789474,0.29277108433734944,0.7666666666666666,0.28181818181818186,0.6555555555555556,0.18823529411764706,0.18571428571428572,0.47681159420289854,0.28032786885245903,0.6730994152046783,0.8176470588235294,0.3727272727272727,0.39746835443037976,0.3365591397849462,0.15555555555555556,0.15357142857142858,0.1,0.1,2022-07-14 21:02:08.150980,153,1
Cxcl14,1.3248520710059173,2.224183006535948,1.6066666666666667,2.7262626262626264,0.8025641025641025,0.18888888888888888,0.12325581395348838,21.163829787234043,2.182352941176471,1.4962264150943396,2.38,6.76,3.1980392156862747,11.32,0.2900826446280992,1.9712871287128715,0.4,0.22903225806451613,32.05833333333333,33.329166666666666,18.822222222222223,33.29491525423729,19.61260504201681,22.01666666666667,0.47878787878787876,0.13278688524590165,0.18620689655172415,1.2428571428571429,5.394117647058823,0.14225352112676057,0.1,0.1,0.1,0.15555555555555556,0.1,0.10432900432900434,0.2756756756756757,8.141666666666666,27.745833333333334,0.1,0.18823529411764706,0.14901960784313725,0.14901960784313725,0.1,0.12325581395348838,0.23414634146341465,0.13603603603603603,0.12985074626865672,0.17407407407407408,0.14477611940298507,0.1,0.23043478260869565,0.22280701754385965,0.13846153846153847,0.23157894736842105,0.1,3.9518518518518517,0.1,0.1,0.21764705882352942,0.27142857142857146,0.21594202898550724,0.11639344262295083,0.18187134502923977,0.20588235294117646,0.18712121212121213,0.1569620253164557,0.15376344086021507,5.71111111111111,16.867857142857144,0.11438848920863309,0.1,2022-07-14 21:02:08.150980,153,1
Enc1,0.1,0.1,0.11333333333333334,0.10505050505050506,0.1,0.2777777777777778,0.541860465116279,0.3127659574468085,0.8176470588235294,0.3358490566037736,0.5,0.64,0.5901960784313726,0.4,0.2487603305785124,0.26831683168316833,0.26666666666666666,0.6806451612903226,0.5027777777777778,0.32916666666666666,0.2111111111111111,0.3627118644067797,0.22605042016806723,0.2388888888888889,0.5090909090909091,0.14918032786885246,0.2896551724137931,0.36530612244897964,0.1,0.5366197183098591,0.1,0.27808219178082194,0.1,0.3222222222222222,0.12777777777777777,0.125974025974026,0.5054054054054055,0.4472222222222222,0.5791666666666667,0.1,0.12941176470588237,0.10980392156862745,0.1,0.1,1.1232558139534885,1.8682926829268294,3.118018018018018,3.0701492537313433,5.062962962962962,0.1,0.13448275862068965,0.15217391304347827,0.17017543859649123,0.2730769230769231,0.16578947368421054,0.22048192771084338,0.6925925925925925,0.23636363636363636,0.1,0.1588235294117647,0.5,0.491304347826087,0.6737704918032786,0.4216374269005848,0.711764705882353,0.5280303030303031,0.6,0.22903225806451613,0.43333333333333335,0.24285714285714285,0.18633093525179856,0.1,2022-07-14 21:02:08.150980,153,1
Enpp2,0.1414201183431953,0.1326797385620915,0.16,0.12020202020202021,0.13589743589743591,0.12962962962962965,0.13488372093023257,0.1,0.12352941176470589,0.10943396226415095,0.1,0.14,0.1,0.1,0.1,0.11980198019801981,0.1,3.5516129032258066,0.18333333333333335,0.30833333333333335,0.48888888888888893,0.16779661016949154,0.8983193277310925,0.16944444444444445,2.1454545454545455,1.4934426229508198,1.4965517241379311,1.7938775510204084,0.1,1.4098591549295776,139.85,0.1821917808219178,0.1,0.26666666666666666,0.1,0.1,0.22162162162162163,0.2111111111111111,0.225,2.7666666666666666,3.7176470588235295,2.1686274509803924,1.4431372549019608,0.6909090909090909,0.1697674418604651,0.17317073170731706,0.13603603603603603,0.2044776119402985,0.1925925925925926,0.12985074626865672,0.13448275862068965,0.17826086956521742,0.2578947368421053,0.1,0.1394736842105263,0.11204819277108434,0.2851851851851852,0.1,0.2111111111111111,0.1,0.1285714285714286,0.1289855072463768,0.11639344262295083,0.2111111111111111,0.17058823529411765,0.14166666666666666,0.14430379746835442,0.2075268817204301,0.1,0.1,0.1431654676258993,0.1,2022-07-14 21:02:08.150980,153,1
Fam19a1,0.11183431952662723,0.10653594771241831,0.10666666666666667,0.10505050505050506,0.10512820512820513,0.1,0.1,0.24893617021276596,0.1,0.10943396226415095,0.1,0.18,0.1,0.26,0.12479338842975207,0.1,0.11666666666666667,0.26129032258064516,0.5583333333333333,0.32916666666666666,0.43333333333333335,0.7864406779661016,0.1,0.5166666666666667,0.1,0.13278688524590165,0.11724137931034484,0.20204081632653062,0.1,0.1,0.1,0.1,0.1,0.1,0.1,0.1,0.1,0.1138888888888889,0.30833333333333335,0.1,0.1,0.1,0.1,0.1,1.472093023255814,2.075609756097561,3.8567567567567567,1.0402985074626867,3.1,0.1,0.1,0.10869565217391305,0.1,0.1,0.1,0.1,0.2111111111111111,0.1,0.13703703703703704,0.1,0.1,0.14347826086956522,0.1,0.11169590643274854,0.2647058823529412,0.1,0.1,0.1,0.1,0.11785714285714285,0.1,0.1,2022-07-14 21:02:08.150980,153,1
Fos,0.1,0.1326797385620915,0.23333333333333334,0.12525252525252525,0.13589743589743591,0.14074074074074075,0.14651162790697675,0.1851063829787234,0.17058823529411765,0.2886792452830189,0.18,0.30000000000000004,0.11960784313725491,0.16,0.3727272727272727,0.2188118811881188,0.35,0.16451612903225807,0.16944444444444445,0.1625,0.2388888888888889,0.33728813559322035,0.12521008403361344,0.2388888888888889,0.11515151515151516,0.14918032786885246,0.13448275862068965,0.22244897959183674,0.1588235294117647,0.11408450704225352,2.35,1.4424657534246577,0.1,0.43333333333333335,0.7666666666666666,0.5891774891774891,0.1810810810810811,0.16944444444444445,0.18333333333333335,0.1,0.6,0.9431372549019608,0.3156862745098039,0.19090909090909092,0.14651162790697675,0.13658536585365855,0.14504504504504506,0.2044776119402985,0.34074074074074073,0.2791044776119403,0.16896551724137931,0.24782608695652175,0.24035087719298245,0.17692307692307693,0.3368421052631579,0.20843373493975903,0.5814814814814815,0.19090909090909092,0.2111111111111111,0.33529411764705885,0.5,0.27391304347826084,0.3295081967213115,0.23450292397660819,0.12352941176470589,0.33484848484848484,0.23924050632911392,0.25053763440860216,0.15555555555555556,0.4035714285714286,0.9129496402877698,0.1,2022-07-14 21:02:08.150980,153,1
Gabrd,0.10591715976331362,0.1,0.10666666666666667,0.1,0.1,0.34444444444444444,0.5069767441860465,0.1425531914893617,0.4294117647058824,0.2792452830188679,0.1,0.1,0.1,0.12000000000000001,0.1,0.1,0.1,0.1,0.1138888888888889,0.1,0.1,0.10847457627118645,0.13361344537815126,0.1,0.11515151515151516,0.1,0.1,0.14081632653061224,0.1,0.1563380281690141,0.1,0.1,0.1,0.1,0.1,0.1,0.1,0.19722222222222224,0.1,0.1,0.1,0.11960784313725491,0.1,0.1,0.1,0.14878048780487807,0.16306306306306306,0.18955223880597016,0.15555555555555556,0.5626865671641791,0.41034482758620694,0.7521739130434782,0.7842105263157895,0.4653846153846154,0.2710526315789474,1.1,0.2111111111111111,0.3727272727272727,0.6185185185185185,0.18823529411764706,0.1,0.1289855072463768,0.13278688524590165,0.11169590643274854,0.13529411764705884,0.10378787878787879,0.10632911392405064,0.1752688172043011,0.1,0.15357142857142858,0.10719424460431655,0.1,2022-07-14 21:02:08.150980,153,1
Gad1,0.15325443786982249,0.1130718954248366,0.20666666666666667,0.13535353535353536,0.12051282051282051,10.85925925925926,10.669767441860465,4.929787234042553,10.605882352941176,10.779245283018868,2.74,2.2600000000000002,2.4137254901960787,3.04,1.4636363636363636,1.8326732673267327,2.0666666666666664,11.487096774193548,7.113888888888889,8.558333333333334,6.044444444444444,5.201694915254237,15.63781512605042,2.4194444444444447,11.236363636363636,4.788524590163934,9.686206896551724,6.855102040816326,6.982352941176471,15.170422535211268,0.1,0.1273972602739726,0.1,0.1,0.1,0.10432900432900434,7.667567567567567,8.544444444444444,5.4125,0.1,0.1588235294117647,0.10980392156862745,0.10980392156862745,0.12272727272727274,0.21627906976744188,0.13658536585365855,0.1810810810810811,0.24925373134328357,0.11851851851851852,4.174626865671642,6.2379310344827585,7.369565217391304,14.66140350877193,3.6,4.678947368421052,11.871084337349398,11.544444444444444,1.2363636363636366,4.5814814814814815,2.1,9.185714285714285,5.389855072463768,1.9688524590163936,4.070760233918128,4.664705882352941,1.9674242424242425,2.8848101265822788,2.6591397849462366,1.8222222222222224,2.1357142857142857,0.15035971223021583,0.1,2022-07-14 21:02:08.150980,153,1
Gda,0.11183431952662723,0.10653594771241831,0.10666666666666667,0.1101010101010101,0.1,0.24444444444444444,0.29767441860465116,0.20638297872340428,0.9470588235294117,0.7037735849056603,0.22,0.2,0.1588235294117647,0.24000000000000002,0.10826446280991736,0.13960396039603962,0.1,0.26129032258064516,0.1138888888888889,0.1625,0.12777777777777777,0.1423728813559322,0.2092436974789916,0.1138888888888889,0.19090909090909092,0.24754098360655738,0.20344827586206898,0.2836734693877551,1.4529411764705884,1.2830985915492958,0.35,0.1410958904109589,0.17142857142857143,0.15555555555555556,0.15555555555555556,0.1,4.64054054054054,5.33611111111111,1.6625,0.1,0.12941176470588237,0.11960784313725491,0.1,0.1,1.3325581395348838,1.6487804878048782,1.4153153153153155,2.5925373134328358,3.840740740740741,0.11492537313432837,0.1,0.10869565217391305,0.2578947368421053,0.6384615384615384,0.3894736842105263,0.14819277108433737,2.5444444444444447,0.7363636363636363,2.1,0.7176470588235294,1.1571428571428573,1.2449275362318841,2.1491803278688524,3.2812865497076023,1.1588235294117648,1.7893939393939395,2.758227848101266,1.8204301075268818,0.1,0.1,0.1,0.1,2022-07-14 21:02:08.150980,153,1
Grin3a,0.31301775147928995,0.2568627450980392,0.6133333333333333,0.3929292929292929,0.3615384615384616,0.5407407407407407,0.3558139534883721,0.44042553191489364,0.37058823529411766,0.8547169811320755,1.3800000000000001,0.44000000000000006,0.7862745098039216,0.94,0.3396694214876033,0.38712871287128714,0.4,0.7129032258064516,0.12777777777777777,0.225,0.1,0.1593220338983051,0.5957983193277311,0.1,0.5696969696969697,0.16557377049180327,0.47931034482758617,0.20204081632653062,0.21764705882352942,1.0859154929577466,0.1,0.1136986301369863,0.1,0.15555555555555556,0.1,0.1,0.16756756756756758,0.16944444444444445,0.6,0.1,0.1,0.1,0.10980392156862745,0.14545454545454545,0.28604651162790695,0.673170731707317,0.5234234234234234,0.5626865671641791,1.3037037037037038,0.24925373134328357,0.20344827586206898,0.2217391304347826,0.9947368421052631,0.1576923076923077,0.6263157894736842,0.3048192771084337,2.359259259259259,0.8272727272727273,1.4703703703703705,0.21764705882352942,3.3857142857142857,2.071014492753623,4.247540983606557,3.836842105263158,1.9705882352941178,1.8916666666666668,3.3468354430379748,0.6698924731182796,0.1,0.20714285714285713,0.1,0.1,2022-07-14 21:02:08.150980,153,1
Hapln1,0.2656804733727811,0.4137254901960784,0.4066666666666666,0.43838383838383843,0.13076923076923078,5.21111111111111,4.402325581395348,0.5680851063829787,1.6764705882352942,2.1849056603773587,0.14,0.1,0.1,0.4,0.13305785123966943,0.11980198019801981,0.18333333333333335,4.841935483870968,0.6694444444444444,0.4541666666666667,0.37777777777777777,0.8033898305084746,0.41092436974789914,0.28055555555555556,1.084848484848485,0.14918032786885246,0.4620689655172414,0.5489795918367347,0.9823529411764705,0.19859154929577466,0.1,0.1,0.1,0.1,0.1,0.1,0.1,0.2388888888888889,0.9125,0.1,0.1,0.10980392156862745,0.1,0.12272727272727274,0.1,0.12439024390243902,0.10900900900900902,0.15970149253731344,0.1,0.15970149253731344,0.7551724137931034,0.32608695652173914,2.6789473684210527,0.1,0.40263157894736845,0.5337349397590362,2.0259259259259257,0.14545454545454545,1.2111111111111112,0.12941176470588237,0.1285714285714286,0.20144927536231885,0.11639344262295083,0.9596491228070175,0.19411764705882353,0.23257575757575757,0.25822784810126587,0.45483870967741935,0.1,0.17142857142857143,0.1,0.1,2022-07-14 21:02:08.150980,153,1
Htr3a,0.1,0.1,0.1,0.1,0.1,0.1,0.1,0.5893617021276596,0.14705882352941177,0.14716981132075474,0.45999999999999996,1.6400000000000001,0.8058823529411765,1.04,0.4801652892561984,1.3871287128712873,1.0166666666666666,0.9709677419354839,0.30833333333333335,0.2875,1.85,2.210169491525424,0.25966386554621845,3.3777777777777778,1.1454545454545455,1.1327868852459018,1.4620689655172414,1.4469387755102041,2.276470588235294,1.0295774647887324,0.35,0.1136986301369863,0.1,0.1,0.1,0.1,0.4243243243243243,0.35,0.7666666666666666,0.1,0.1,0.1,0.1,0.12272727272727274,0.1,0.11219512195121951,0.10900900900900902,0.11492537313432837,0.11851851851851852,0.1,0.1,0.10869565217391305,0.1,0.1,0.15263157894736842,0.11204819277108434,0.5814814814814815,0.1,0.13703703703703704,0.1,0.1285714285714286,0.18695652173913044,0.1,0.12339181286549708,0.1823529411764706,0.11136363636363637,0.1,0.1,0.3222222222222222,0.725,0.1,0.1,2022-07-14 21:02:08.150980,153,1
Id2,0.5911242603550296,0.9627450980392157,1.7000000000000002,1.1202020202020202,0.48461538461538467,9.799999999999999,7.669767441860465,2.951063829787234,4.38235294117647,2.7132075471698114,0.30000000000000004,0.2,0.1392156862745098,1.1600000000000001,0.16611570247933885,0.1297029702970297,0.1,5.132258064516129,0.8777777777777778,1.85,1.4055555555555557,0.752542372881356,4.419327731092436,1.4055555555555557,2.887878787878788,1.4114754098360656,1.3413793103448277,1.569387755102041,0.1,2.6774647887323946,2.6,0.4561643835616438,0.1,0.15555555555555556,0.48888888888888893,0.2341991341991342,0.15405405405405406,0.7388888888888888,0.5375,0.1,0.1588235294117647,0.1,0.11960784313725491,0.16818181818181818,0.1,0.23414634146341465,0.1720720720720721,0.7417910447761193,0.8407407407407407,0.4582089552238806,2.893103448275862,0.7086956521739131,0.2578947368421053,0.2730769230769231,0.2578947368421053,0.2686746987951807,3.72962962962963,0.23636363636363636,0.2111111111111111,0.3058823529411765,0.1,0.23043478260869565,0.16557377049180327,0.1584795321637427,0.22941176470588237,0.1606060606060606,0.18227848101265823,0.1967741935483871,0.26666666666666666,0.4392857142857143,0.16474820143884894,0.1,2022-07-14 21:02:08.150980,153,1
Kcnk2,0.6739644970414201,0.8254901960784313,0.9199999999999999,1.0595959595959596,0.7051282051282051,0.674074074074074,0.8093023255813954,0.33404255319148934,0.35882352941176476,0.2320754716981132,0.26,0.28,0.1784313725490196,0.36,0.44710743801652897,0.19900990099009902,0.7833333333333333,0.8096774193548387,0.18333333333333335,0.12083333333333333,0.1,0.3542372881355932,0.18403361344537816,0.16944444444444445,0.14545454545454545,0.24754098360655738,0.13448275862068965,0.22244897959183674,0.27647058823529413,2.071830985915493,0.1,0.1,0.1,0.1,0.1,0.1,0.14054054054054055,0.4194444444444444,0.6208333333333333,0.475,0.1588235294117647,0.10980392156862745,0.11960784313725491,0.14545454545454545,0.5186046511627908,0.8682926829268293,1.4873873873873875,0.8910447761194029,0.48888888888888893,1.7865671641791045,1.1344827586206898,3.5608695652173914,1.5210526315789474,0.2153846153846154,2.126315789473684,1.2084337349397591,0.8037037037037037,0.4181818181818182,1.025925925925926,0.5411764705882353,3.4142857142857146,1.1,1.2147540983606557,0.6146198830409356,0.7705882352941176,0.28181818181818186,0.27721518987341776,0.3473118279569892,0.43333333333333335,0.4392857142857143,0.12158273381294965,0.1,2022-07-14 21:02:08.150980,153,1
Kctd12,0.11775147928994084,0.1130718954248366,0.13333333333333333,0.14545454545454545,0.11025641025641027,0.45925925925925926,0.4255813953488372,0.16382978723404257,0.14705882352941177,0.14716981132075474,0.1,0.24000000000000002,0.21764705882352942,0.38,0.21570247933884298,0.3376237623762376,0.33333333333333337,8.390322580645162,4.002777777777777,20.70416666666667,4.183333333333333,1.3372881355932205,67.52016806722689,0.6972222222222222,6.387878787878788,0.24754098360655738,1.6689655172413793,0.936734693877551,0.1588235294117647,1.6774647887323944,0.1,0.38767123287671235,0.1,0.3222222222222222,0.48888888888888893,0.42467532467532465,0.3162162162162162,2.6277777777777778,0.975,0.14166666666666666,0.1,0.1,0.11960784313725491,0.12272727272727274,0.14651162790697675,0.35609756097560974,0.4153153153153153,0.3985074626865671,0.5814814814814815,0.1746268656716418,0.16896551724137931,0.16086956521739132,0.5035087719298246,0.13846153846153847,0.19210526315789472,0.18433734939759036,0.6925925925925925,0.1,0.8037037037037037,0.1588235294117647,0.1285714285714286,0.4043478260869565,0.41147540983606556,1.316374269005848,0.4882352941176471,0.8045454545454546,0.8341772151898734,0.6913978494623656,0.2111111111111111,0.24285714285714285,0.2079136690647482,0.1,2022-07-14 21:02:08.150980,153,1
Kit,0.11183431952662723,0.1,0.1,0.1101010101010101,0.1,0.11851851851851852,0.20465116279069767,1.078723404255319,4.088235294117647,3.3735849056603775,0.1,0.14,0.1,0.33999999999999997,0.2652892561983471,0.20891089108910893,0.25,0.1,0.2388888888888889,0.475,1.7111111111111112,0.5067796610169492,0.22605042016806723,1.3083333333333333,0.1,0.1,0.1,0.14081632653061224,0.1,0.11408450704225352,0.1,0.1273972602739726,0.1,0.1,0.1,0.1,0.11351351351351352,0.1,0.20416666666666666,0.1,0.1588235294117647,0.10980392156862745,0.10980392156862745,0.1,0.1930232558139535,0.4414634146341464,0.5774774774774775,0.5029850746268657,1.7666666666666668,0.7268656716417911,0.13448275862068965,0.27391304347826084,0.11754385964912281,0.1,0.1,0.12409638554216867,1.2851851851851852,0.1,0.13703703703703704,0.1,0.1285714285714286,0.23043478260869565,0.11639344262295083,0.1,0.11176470588235295,0.12272727272727274,0.11265822784810127,0.1,0.1,0.5642857142857143,0.1,0.1,2022-07-14 21:02:08.150980,153,1
Lamp5,0.10591715976331362,0.1,0.12000000000000001,0.10505050505050506,0.1,3.6703703703703705,5.9255813953488365,2.1851063829787236,6.18235294117647,4.618867924528302,0.1,0.1,0.1,0.2,0.11652892561983472,0.1,0.13333333333333333,0.1,0.1,0.1,0.1,0.1593220338983051,0.1504201680672269,0.1,0.20606060606060606,0.1,0.11724137931034484,0.1,0.1,0.36760563380281686,0.1,0.1136986301369863,0.1,0.1,0.1,0.10432900432900434,3.7216216216216216,0.40555555555555556,0.225,0.1,0.1,0.10980392156862745,0.1,0.1,0.12325581395348838,0.1975609756097561,0.3792792792792793,0.33880597014925373,0.562962962962963,0.1,0.7896551724137931,0.3347826086956522,0.17017543859649123,0.11923076923076924,0.1,0.1,2.4703703703703703,0.1,0.2111111111111111,0.1,0.1,0.1289855072463768,0.1,0.11754385964912281,0.13529411764705884,0.10378787878787879,0.11898734177215191,0.1,0.15555555555555556,0.1,0.1,0.1,2022-07-14 21:02:08.150980,153,1
Lhx6,0.11183431952662723,0.10653594771241831,0.12000000000000001,0.1,0.1,2.859259259259259,2.0186046511627906,0.1,0.13529411764705884,0.1,0.1,0.12000000000000001,0.1,0.14,0.10826446280991736,0.1,0.1,0.1,0.1138888888888889,0.1,0.1,0.1593220338983051,0.2092436974789916,0.1,0.26666666666666666,0.1,0.15172413793103448,0.16122448979591836,0.1,0.11408450704225352,0.1,0.1273972602739726,0.1,0.1,0.1,0.10432900432900434,0.11351351351351352,0.1,0.1,0.14166666666666666,0.12941176470588237,0.1,0.10980392156862745,0.1,0.1,0.1,0.1,0.1,0.1,1.6223880597014926,2.4448275862068964,2.491304347826087,1.6263157894736844,0.4461538461538461,0.9157894736842105,0.7746987951807228,1.3222222222222224,0.6,1.5074074074074075,0.4529411764705883,1.8714285714285714,1.1289855072463768,1.1,1.3690058479532166,1.4411764705882353,0.8272727272727273,1.1379746835443039,0.6698924731182796,0.15555555555555556,0.17142857142857143,0.1,0.1,2022-07-14 21:02:08.150980,153,1
Ndnf,0.11183431952662723,0.1,0.18,0.1,0.10512820512820513,0.12592592592592594,0.1,2.078723404255319,1.5,3.9113207547169813,0.1,0.1,0.1,0.74,0.1,0.13960396039603962,0.1,0.1,0.8916666666666666,0.43333333333333335,0.1,0.8457627118644068,0.2008403361344538,0.1,0.19090909090909092,0.1,0.1,0.1,0.1,0.2971830985915493,0.1,0.4287671232876712,0.1,0.2111111111111111,0.1,0.1,0.1,5.641666666666667,6.620833333333333,0.14166666666666666,0.12941176470588237,0.1,0.1,0.1,0.1,0.1,0.12702702702702703,0.14477611940298507,0.13703703703703704,0.14477611940298507,0.1,0.1,0.1,0.1,0.12631578947368421,0.11204819277108434,2.5074074074074075,0.1,0.17407407407407408,0.1,0.1,0.1,0.21475409836065573,0.8485380116959064,0.12352941176470589,0.14166666666666666,0.49873417721518987,0.14301075268817204,0.1,0.1,0.2079136690647482,0.1,2022-07-14 21:02:08.150980,153,1
Neurod6,0.1,0.10653594771241831,0.1,0.10505050505050506,0.1,0.10370370370370371,0.1,0.12127659574468086,0.1,0.1,0.1,0.1,0.1,0.1,0.1,0.1,0.11666666666666667,0.1,0.1,0.1,0.1,0.1,0.1,0.1,0.1,0.1,0.1,0.1,0.1,0.1,0.1,0.1,0.1,0.15555555555555556,0.1,0.1,0.11351351351351352,0.1,0.1,0.1,0.1,0.1,0.1,0.1,0.7976744186046512,1.9170731707317075,3.838738738738739,1.1597014925373135,1.7666666666666668,0.1,0.1,0.1,0.1,0.1,0.1,0.1,0.13703703703703704,0.1,0.1,0.1,0.1,0.1,0.1,0.10584795321637427,0.1,0.10378787878787879,0.11265822784810127,0.1,0.1,0.1,0.1,0.1,2022-07-14 21:02:08.150980,153,1
Nos1,0.11775147928994084,0.1,0.12000000000000001,0.10505050505050506,0.1,2.677777777777778,3.9720930232558143,0.24893617021276596,0.4529411764705883,0.47735849056603774,0.1,0.22,0.1784313725490196,0.2,0.44710743801652897,0.5158415841584159,2.4,0.1,0.8222222222222222,0.6,0.18333333333333335,0.5406779661016949,0.5957983193277311,0.1138888888888889,0.26666666666666666,0.13278688524590165,0.18620689655172415,0.1816326530612245,1.2764705882352942,0.11408450704225352,0.1,0.1273972602739726,0.1,0.1,0.1,0.1,0.1,0.1138888888888889,0.35,0.14166666666666666,0.1,0.1,0.1,0.1,0.3790697674418605,0.6,0.6585585585585585,0.8164179104477611,3.1925925925925926,0.18955223880597016,0.8241379310344827,0.30869565217391304,0.4859649122807017,1.35,0.49473684210526314,0.9795180722891565,1.988888888888889,0.7818181818181817,0.1,0.3941176470588236,38.81428571428572,0.36086956521739133,0.2967213114754098,0.17017543859649123,0.28823529411764703,0.24393939393939396,0.14430379746835442,0.6161290322580645,0.48888888888888893,0.20714285714285713,0.10719424460431655,0.1,2022-07-14 21:02:08.150980,153,1
Nov,0.1,0.1,0.11333333333333334,0.1,0.1,0.14074074074074075,0.21627906976744188,0.1,0.1588235294117647,0.10943396226415095,0.1,0.1,0.1,0.1,0.11652892561983472,0.1,0.1,1.8419354838709678,0.1,0.12083333333333333,0.2388888888888889,0.10847457627118645,0.7974789915966386,0.12777777777777777,1.0393939393939395,0.21475409836065573,0.27241379310344827,0.32448979591836735,0.33529411764705885,0.11408450704225352,0.1,0.1136986301369863,0.1,0.1,0.1,0.10432900432900434,0.1,0.1,0.12083333333333333,0.1,0.1,0.1,0.1,0.1,0.4255813953488372,0.9414634146341463,0.8837837837837837,0.9805970149253731,2.7111111111111112,0.1,0.1,0.10869565217391305,0.1,0.1,0.1,0.1,0.2111111111111111,0.1,0.1,0.1,0.1285714285714286,0.1,0.1,0.1,0.1,0.10378787878787879,0.1,0.1,0.1,0.11785714285714285,0.1,0.1,2022-07-14 21:02:08.150980,153,1
Npy,0.12958579881656807,0.1392156862745098,0.17333333333333334,0.12020202020202021,0.12051282051282051,11.77037037037037,26.367441860465117,6.589361702127659,83.22941176470587,17.19433962264151,0.30000000000000004,0.22,0.11960784313725491,0.2,0.10826446280991736,0.19900990099009902,0.2,0.48709677419354835,8.35,24.26666666666667,8.683333333333334,1.48135593220339,26.68823529411765,2.1555555555555554,6.1454545454545455,0.5918032786885246,0.32413793103448274,8.059183673469388,0.1588235294117647,5.1,0.35,0.1410958904109589,0.1,0.15555555555555556,0.15555555555555556,0.10865800865800866,2.1,4.044444444444444,2.9125,0.14166666666666666,0.12941176470588237,0.10980392156862745,0.10980392156862745,0.19090909090909092,0.1,0.1,0.13603603603603603,0.2044776119402985,0.15555555555555556,0.7716417910447761,6.548275862068965,1.473913043478261,2.468421052631579,0.1576923076923077,8.152631578947368,0.18433734939759036,6.877777777777777,0.1,14.174074074074074,0.3941176470588236,308.92857142857144,68.11449275362318,10.050819672131148,27.561988304093568,39.182352941176475,0.3424242424242424,0.6443037974683544,1.5301075268817206,0.1,0.35,0.13597122302158274,0.1,2022-07-14 21:02:08.150980,153,1
Npy2r,0.1,0.1,0.1,0.1,0.10512820512820513,0.10370370370370371,0.1,0.3978723404255319,0.1,0.11886792452830189,0.18,0.14,0.1784313725490196,0.36,0.28181818181818186,0.1099009900990099,0.21666666666666667,0.1,0.1138888888888889,0.1,0.26666666666666666,0.7440677966101694,0.1,0.7666666666666666,0.1,0.16557377049180327,0.1,0.1,0.1,0.1,0.1,0.1,0.1,0.1,0.1,0.1,0.1,0.1,0.1,0.1,0.1,0.1,0.1,0.1,0.12325581395348838,0.13658536585365855,0.2801801801801802,0.1746268656716418,0.17407407407407408,0.1,0.1,0.1,0.15263157894736842,0.1,0.12631578947368421,0.1,0.1,0.1,0.1,0.1,0.15714285714285714,0.1,0.1,0.1,0.14705882352941177,0.1,0.10632911392405064,0.1,0.48888888888888893,0.11785714285714285,0.1,0.1,2022-07-14 21:02:08.150980,153,1
Nr4a2,0.12958579881656807,0.11960784313725491,0.13333333333333333,0.10505050505050506,0.11025641025641027,0.10740740740740741,0.1,0.1,0.12352941176470589,0.1,0.1,0.1,0.1,0.1,0.10826446280991736,0.1,0.1,0.1,0.16944444444444445,0.14166666666666666,0.18333333333333335,0.10847457627118645,0.2008403361344538,0.12777777777777777,0.17575757575757578,0.13278688524590165,0.13448275862068965,0.12040816326530612,0.1,0.1,0.1,0.2095890410958904,0.1,0.3222222222222222,0.12777777777777777,0.1,0.1,0.1,0.1,0.1,0.12941176470588237,0.1,0.1,0.14545454545454545,0.14651162790697675,0.40487804878048783,0.4423423423423424,0.7417910447761193,1.414814814814815,0.1,0.1,0.1,0.1,1.2538461538461538,0.2973684210526316,0.3289156626506024,0.2851851851851852,0.19090909090909092,0.1,0.7176470588235294,0.1,0.1,0.11639344262295083,0.1,0.1,0.10378787878787879,0.11265822784810127,0.14301075268817204,0.1,0.11785714285714285,0.1431654676258993,0.1,2022-07-14 21:02:08.150980,153,1
Nrn1,0.14733727810650887,0.18496732026143792,0.18666666666666668,0.5343434343434343,0.12051282051282051,0.10370370370370371,0.1,0.1,0.1,0.1,0.1,0.1,0.1,0.2,0.11652892561983472,0.1099009900990099,0.1,0.1,0.1,0.1,0.1,0.1,0.10840336134453782,0.12777777777777777,0.11515151515151516,0.1,0.1,0.12040816326530612,0.1,0.1,0.1,0.1136986301369863,0.1,0.1,0.1,0.1,0.1,0.1,0.1,0.18333333333333335,0.1,0.10980392156862745,0.1,0.1,0.8674418604651163,2.331707317073171,3.7576576576576577,3.174626865671642,4.433333333333333,0.1,0.1,0.1,0.1,0.1,0.11315789473684211,0.1,0.1,0.1,0.1,0.1,0.1,0.1,0.1,0.11169590643274854,0.11176470588235295,0.1,0.1,0.1,0.1,0.1,0.1,0.1,2022-07-14 21:02:08.150980,153,1
Nrsn1,0.4431952662721893,0.1326797385620915,0.44666666666666666,0.20101010101010103,0.17692307692307693,21.81851851851852,20.32093023255814,4.546808510638297,5.594117647058823,4.071698113207547,3.22,2.7,3.4725490196078432,4.26,1.8603305785123967,3.010891089108911,1.5,0.5193548387096775,10.725,3.7666666666666666,3.5722222222222224,10.820338983050847,2.0327731092436974,4.71111111111111,1.887878787878788,1.3131147540983608,0.496551724137931,2.426530612244898,0.8647058823529411,0.5647887323943662,0.6,0.1410958904109589,0.1,0.2111111111111111,0.18333333333333335,0.1303030303030303,1.4783783783783784,3.488888888888889,12.954166666666666,0.225,0.1588235294117647,0.18823529411764706,0.19803921568627453,0.16818181818181818,0.9372093023255814,2.2707317073170734,2.3882882882882885,5.63731343283582,3.2481481481481485,15.144776119402986,22.134482758620692,17.969565217391306,11.907017543859649,6.503846153846154,9.192105263157895,8.54578313253012,14.47037037037037,6.1,4.951851851851852,5.129411764705882,8.242857142857142,10.172463768115941,9.837704918032786,15.176023391812866,5.888235294117647,22.39166666666667,14.726582278481013,12.110752688172044,3.5444444444444447,3.1892857142857145,0.1431654676258993,0.1,2022-07-14 21:02:08.150980,153,1
Ntng1,0.10591715976331362,0.1,0.13333333333333333,0.1,0.11538461538461539,0.17407407407407408,0.1,0.16382978723404257,0.1,0.10943396226415095,1.6600000000000001,0.48,0.5117647058823529,0.64,0.14132231404958678,0.19900990099009902,0.1,5.841935483870968,0.12777777777777777,0.12083333333333333,0.1,0.19322033898305085,0.19243697478991598,0.1,2.675757575757576,0.1819672131147541,3.1689655172413795,0.3040816326530612,0.5117647058823529,13.719718309859154,0.1,0.1273972602739726,0.1,0.1,0.1,0.10432900432900434,17.62702702702703,16.447222222222223,8.141666666666666,0.1,0.27647058823529413,0.10980392156862745,0.1,0.1,0.4488372093023256,0.8195121951219512,0.4873873873873874,1.6970149253731344,5.007407407407407,0.15970149253731344,0.1,0.10869565217391305,0.15263157894736842,0.1,0.4815789473684211,0.4493975903614458,1.914814814814815,0.8727272727272727,2.5444444444444447,0.1588235294117647,0.24285714285714285,0.15797101449275364,0.19836065573770492,0.30467836257309944,0.711764705882353,0.4484848484848485,0.7139240506329114,0.8956989247311827,0.26666666666666666,0.15357142857142858,0.1,0.1,2022-07-14 21:02:08.150980,153,1
Pax6,0.37218934911242607,0.40065359477124185,0.4,0.3929292929292929,0.2846153846153846,0.10740740740740741,0.1,0.1,0.14705882352941177,0.1,0.1,0.12000000000000001,0.1,0.14,0.1,0.1,0.1,0.1,0.12777777777777777,0.12083333333333333,0.3222222222222222,0.11694915254237288,0.11680672268907563,0.14166666666666666,0.11515151515151516,0.1,0.1,0.1,0.1,0.2267605633802817,0.1,0.1,0.1,0.2111111111111111,0.1,0.10432900432900434,0.1,0.12777777777777777,0.1,0.1,0.1,0.1,0.1,0.12272727272727274,0.12325581395348838,0.1,0.1,0.1,0.1,0.1,0.1,0.1,0.1,0.1,0.1,0.1,0.1,0.1,0.1,0.1,0.1,0.1,0.1,0.10584795321637427,0.11176470588235295,0.1,0.1,0.1,0.1,0.1,0.1,0.1,2022-07-14 21:02:08.150980,153,1
Pcp4,1.011242603550296,0.1392156862745098,0.6933333333333334,0.20606060606060606,0.541025641025641,0.20370370370370372,0.1,0.2276595744680851,0.1823529411764706,0.11886792452830189,0.1,0.2,0.1784313725490196,0.58,0.41404958677685955,0.5257425742574258,0.3833333333333333,0.42258064516129035,0.15555555555555556,0.18333333333333335,2.9333333333333336,1.0576271186440678,0.1588235294117647,6.669444444444444,0.40303030303030307,6.985245901639344,0.7206896551724138,4.1,0.1588235294117647,0.2549295774647887,6.1,0.1684931506849315,0.1,0.1,0.18333333333333335,0.19956709956709956,32.97837837837838,0.8777777777777778,0.24583333333333335,0.14166666666666666,0.21764705882352942,0.1588235294117647,0.1784313725490196,0.12272727272727274,1.6813953488372093,0.4292682926829269,0.21711711711711712,15.637313432835821,7.21111111111111,0.15970149253731344,1.203448275862069,0.16086956521739132,0.13508771929824562,0.19615384615384618,0.11315789473684211,0.3048192771084337,1.5444444444444445,0.28181818181818186,0.1,0.33529411764705885,101.21428571428571,3.1579710144927535,0.23114754098360657,0.1584795321637427,3.182352941176471,0.2590909090909091,0.29620253164556964,0.46559139784946235,0.3222222222222222,4.6535714285714285,0.10719424460431655,0.1,2022-07-14 21:02:08.150980,153,1
Pde1a,0.1,0.1,0.10666666666666667,0.1,0.1,0.1703703703703704,0.1,0.4829787234042553,0.1,0.1849056603773585,0.26,0.16,0.23725490196078433,0.36,0.12479338842975207,0.1099009900990099,0.11666666666666667,0.1,0.7666666666666666,0.32916666666666666,0.85,0.9135593220338983,0.1588235294117647,0.9472222222222222,0.1303030303030303,0.21475409836065573,0.15172413793103448,0.26326530612244897,0.1,0.2267605633802817,0.1,0.1547945205479452,0.1,0.15555555555555556,0.12777777777777777,0.10865800865800866,1.1675675675675676,0.36388888888888893,0.26666666666666666,0.1,0.1,0.10980392156862745,0.11960784313725491,0.12272727272727274,0.541860465116279,1.404878048780488,1.8567567567567569,2.6970149253731344,4.155555555555555,0.1,0.20344827586206898,0.1,0.11754385964912281,0.35,0.12631578947368421,0.13614457831325302,0.6185185185185185,0.14545454545454545,0.24814814814814815,0.18823529411764706,7.471428571428571,0.636231884057971,0.44426229508196724,0.5853801169590643,1.1235294117647059,0.8689393939393939,0.4924050632911392,0.39032258064516134,0.1,0.1,0.1287769784172662,0.1,2022-07-14 21:02:08.150980,153,1
Penk,0.10591715976331362,0.10653594771241831,0.10666666666666667,0.10505050505050506,0.1,0.11111111111111112,0.1,0.1425531914893617,0.1,0.11886792452830189,0.82,0.86,0.7666666666666666,0.48,1.8107438016528927,2.327722772277228,1.35,0.1,0.1,0.1,0.1,0.10847457627118645,0.11680672268907563,0.1,0.1,0.1,0.1,0.12040816326530612,0.1,0.11408450704225352,0.1,0.1136986301369863,0.1,0.1,0.1,0.1,0.11351351351351352,0.1,0.18333333333333335,0.1,0.1,0.1,0.1,0.1,0.1930232558139535,0.17317073170731706,0.2531531531531531,0.14477611940298507,0.13703703703703704,0.1,0.1,0.1,0.1,0.17692307692307693,0.35,0.11204819277108434,0.5444444444444444,0.1,0.1,0.18823529411764706,2.3000000000000003,0.2884057971014493,0.1,0.1409356725146199,0.17058823529411765,0.14166666666666666,0.1,0.11075268817204302,0.8777777777777778,1.2964285714285715,0.1,0.1,2022-07-14 21:02:08.150980,153,1
Plcxd2,0.1,0.1,0.1,0.1,0.1,0.23333333333333334,0.6,0.5042553191489362,0.5705882352941176,0.439622641509434,0.33999999999999997,0.28,0.21764705882352942,0.48,0.21570247933884298,0.3079207920792079,0.30000000000000004,0.26129032258064516,0.36388888888888893,0.5166666666666667,0.43333333333333335,0.3542372881355932,0.5117647058823529,0.36388888888888893,0.32727272727272727,0.2967213114754098,0.5482758620689655,0.5693877551020409,0.5705882352941176,0.1704225352112676,0.1,0.1,0.1,0.1,0.1,0.1,0.24864864864864866,0.16944444444444445,0.24583333333333335,0.18333333333333335,0.1,0.1,0.1,0.14545454545454545,0.1,0.1975609756097561,0.1,0.24925373134328357,0.5814814814814815,0.4880597014925373,0.16896551724137931,0.5782608695652174,0.5561403508771929,0.11923076923076924,0.2578947368421053,0.22048192771084338,0.39629629629629626,0.1,0.1,0.1588235294117647,0.32857142857142857,0.30289855072463767,0.21475409836065573,0.5853801169590643,0.30000000000000004,0.2742424242424243,0.32151898734177214,0.3365591397849462,0.1,0.11785714285714285,0.1,0.1,2022-07-14 21:02:08.150980,153,1
Plp1,0.6502958579881657,0.36797385620915035,0.3866666666666667,0.8626262626262626,1.0538461538461539,0.37777777777777777,0.5069767441860465,0.44042553191489364,0.33529411764705885,0.22264150943396227,0.18,0.22,0.3156862745098039,0.32,0.19090909090909092,0.20891089108910893,0.25,0.5838709677419355,0.26666666666666666,0.4125,0.5722222222222222,0.25254237288135595,0.46974789915966386,0.18333333333333335,0.3727272727272727,0.2967213114754098,0.27241379310344827,0.32448979591836735,0.3941176470588236,0.33943661971830985,0.1,0.6753424657534246,1.6,16.933333333333334,0.6555555555555556,0.5025974025974026,0.6945945945945946,0.26666666666666666,0.30833333333333335,343.43333333333334,582.7470588235294,407.9137254901961,161.54117647058823,88.2590909090909,0.6116279069767442,0.9536585365853658,1.964864864864865,1.01044776119403,2.1,0.30895522388059704,0.23793103448275862,0.4739130434782609,0.5035087719298246,0.17692307692307693,0.4815789473684211,0.41325301204819276,0.3592592592592593,0.28181818181818186,0.24814814814814815,0.3647058823529412,0.27142857142857146,0.4478260869565217,0.21475409836065573,0.643859649122807,0.4764705882352941,0.2515151515151515,0.2645569620253164,0.39032258064516134,0.3222222222222222,0.26071428571428573,0.5748201438848921,0.1,2022-07-14 21:02:08.150980,153,1
Pnoc,0.10591715976331362,0.1,0.10666666666666667,0.1101010101010101,0.1,2.851851851851852,2.948837209302326,0.4829787234042553,3.888235294117647,3.0716981132075474,0.14,0.74,0.1784313725490196,0.52,0.36446280991735536,1.0603960396039604,0.25,0.35806451612903223,2.225,1.5791666666666668,1.3222222222222224,2.464406779661017,0.5789915966386555,1.488888888888889,0.5242424242424243,0.919672131147541,0.8068965517241379,1.2428571428571429,1.7470588235294118,1.0295774647887324,0.35,0.1,0.1,0.1,0.1,0.1,0.23513513513513515,0.6694444444444444,1.6833333333333333,0.18333333333333335,0.1,0.1,0.1,0.1,0.1,0.1,0.10900900900900902,0.2044776119402985,0.11851851851851852,0.12985074626865672,0.30689655172413793,0.1,0.22280701754385965,1.7346153846153847,0.3368421052631579,0.5578313253012048,2.3222222222222224,0.5545454545454546,2.285185185185185,1.2764705882352942,0.18571428571428572,0.4043478260869565,0.19836065573770492,0.4567251461988304,0.5588235294117647,2.5166666666666666,2.2012658227848103,1.8419354838709678,0.3222222222222222,1.4392857142857143,0.1,0.1,2022-07-14 21:02:08.150980,153,1
Prkca,0.18875739644970413,0.22418300653594772,0.3533333333333334,0.2868686868686869,0.4487179487179487,2.6148148148148147,4.332558139534884,0.9297872340425531,1.4176470588235295,0.7132075471698113,0.26,1.02,0.5509803921568628,0.64,0.868595041322314,0.9415841584158415,1.6333333333333335,0.22903225806451613,7.488888888888889,2.9333333333333336,1.6555555555555557,10.07457627118644,0.6966386554621848,1.35,0.28181818181818186,1.0508196721311476,0.2896551724137931,0.6714285714285714,0.33529411764705885,0.5647887323943662,0.35,0.1547945205479452,0.1,0.2111111111111111,0.2388888888888889,0.23852813852813853,2.1135135135135137,0.5444444444444444,3.0791666666666666,0.14166666666666666,0.3647058823529412,0.4137254901960784,0.2568627450980392,0.5090909090909091,0.9604651162790697,1.3195121951219513,2.3882882882882885,1.4432835820895524,1.7481481481481482,1.2044776119402987,2.1689655172413795,2.743478260869565,1.3105263157894738,0.2730769230769231,0.8236842105263158,1.1722891566265061,1.7666666666666668,0.4636363636363636,0.5444444444444444,0.42352941176470593,0.5,0.6507246376811594,0.49344262295081964,0.3339181286549707,0.4882352941176471,0.706060606060606,0.5430379746835443,0.40107526881720434,1.1,0.4571428571428572,0.10719424460431655,0.1,2022-07-14 21:02:08.150980,153,1
Pthlh,0.10591715976331362,0.1,0.1,0.1,0.1,0.10740740740740741,0.1,0.1,0.1,0.1,0.1,0.1,0.1,0.1,0.984297520661157,0.19900990099009902,0.9166666666666666,0.1,0.1,0.1,0.1,0.10847457627118645,0.10840336134453782,0.1138888888888889,0.1,0.13278688524590165,0.1,0.20204081632653062,0.1,0.14225352112676057,0.35,0.1273972602739726,0.1,0.1,0.1,0.1,0.12702702702702703,0.12777777777777777,0.12083333333333333,0.1,0.1,0.1,0.1,0.1,0.1,0.11219512195121951,0.1,0.11492537313432837,0.11851851851851852,3.428358208955224,0.7206896551724138,2.9260869565217393,0.5736842105263158,0.1,0.2710526315789474,0.13614457831325302,0.17407407407407408,0.1,0.24814814814814815,0.1,0.1,0.15797101449275364,0.1,0.10584795321637427,0.1,0.1,0.10632911392405064,0.11075268817204302,0.15555555555555556,0.5821428571428572,0.10719424460431655,0.1,2022-07-14 21:02:08.150980,153,1
Pvalb,0.13550295857988165,0.1,0.18,0.14040404040404042,0.1,0.27037037037037037,0.14651162790697675,0.12127659574468086,0.13529411764705884,0.16603773584905662,0.1,0.16,0.1588235294117647,0.1,0.21570247933884298,0.1,0.13333333333333333,0.22903225806451613,0.30833333333333335,0.18333333333333335,0.2111111111111111,0.2440677966101695,0.3941176470588236,0.14166666666666666,0.23636363636363636,0.21475409836065573,0.30689655172413793,0.4469387755102041,0.1,0.24084507042253522,0.1,0.1,0.1,0.1,0.1,0.10865800865800866,0.14054054054054055,0.3222222222222222,0.18333333333333335,0.18333333333333335,0.1,0.10980392156862745,0.10980392156862745,0.14545454545454545,0.1,0.13658536585365855,0.11801801801801802,0.15970149253731344,0.1925925925925926,5.502985074626865,2.3413793103448275,23.430434782608696,55.257894736842104,2.330769230769231,6.152631578947368,34.943373493975905,0.2851851851851852,0.4181818181818182,2.3962962962962964,0.3941176470588236,0.1,0.8971014492753623,0.19836065573770492,0.7432748538011695,0.6529411764705882,0.17954545454545456,0.6,2.196774193548387,0.1,0.7071428571428571,0.1,0.1,2022-07-14 21:02:08.150980,153,1
Pvrl3,0.18875739644970413,0.1718954248366013,0.23333333333333334,0.23131313131313133,0.16666666666666669,0.1,0.11162790697674418,0.20638297872340428,0.12352941176470589,0.1849056603773585,0.22,0.12000000000000001,0.1,0.16,0.14958677685950414,0.1297029702970297,0.11666666666666667,0.1967741935483871,0.19722222222222224,0.24583333333333335,0.3222222222222222,0.19322033898305085,0.25126050420168067,0.37777777777777777,0.20606060606060606,0.19836065573770492,0.2206896551724138,0.16122448979591836,0.33529411764705885,0.14225352112676057,0.1,0.1,0.1,0.2111111111111111,0.1,0.1,0.11351351351351352,0.1138888888888889,0.14166666666666666,0.18333333333333335,0.12941176470588237,0.20784313725490197,0.11960784313725491,0.16818181818181818,0.12325581395348838,0.1975609756097561,0.16306306306306306,0.1746268656716418,0.15555555555555556,0.2791044776119403,0.1,0.32608695652173914,0.11754385964912281,0.13846153846153847,0.1394736842105263,0.1,0.2111111111111111,0.14545454545454545,0.17407407407407408,0.21764705882352942,0.1,0.1289855072463768,0.11639344262295083,0.13508771929824562,0.13529411764705884,0.11893939393939394,0.18860759493670887,0.13225806451612904,0.1,0.11785714285714285,0.1287769784172662,0.1,2022-07-14 21:02:08.150980,153,1
Qrfpr,0.1,0.1,0.1,0.1,0.1,0.1,0.1,0.1,0.11176470588235295,0.1,0.1,0.1,0.1588235294117647,0.14,0.2735537190082645,0.26831683168316833,0.5666666666666667,0.1,0.1,0.1,0.1,0.1,0.1,0.1,0.1,0.13278688524590165,0.1,0.12040816326530612,0.21764705882352942,0.1,0.1,0.1,0.1,0.1,0.1,0.1,0.1,0.1,0.20416666666666666,0.1,0.1,0.1,0.1,0.1,0.1,0.1,0.1,0.1,0.1,0.1,0.1,0.1,0.15263157894736842,0.1,0.1,0.1,0.24814814814814815,0.1,0.9518518518518518,0.1,0.1,0.14347826086956522,0.1,0.11169590643274854,0.22941176470588237,0.1,0.1,0.14301075268817204,0.3222222222222222,0.11785714285714285,0.1,0.1,2022-07-14 21:02:08.150980,153,1
Rab3c,0.13550295857988165,0.1,0.14,0.1303030303030303,0.12051282051282051,2.3777777777777778,2.96046511627907,3.1425531914893616,2.6294117647058823,2.5716981132075474,1.1400000000000001,1.5,1.8254901960784315,2.3400000000000003,0.8272727272727273,1.3673267326732674,0.7166666666666667,4.583870967741935,2.4333333333333336,2.058333333333333,3.4611111111111112,2.9305084745762713,1.9571428571428573,2.0305555555555554,5.1454545454545455,2.640983606557377,4.410344827586207,4.120408163265306,3.1,5.114084507042254,0.1,0.1273972602739726,0.1,0.1,0.12777777777777777,0.112987012987013,1.8432432432432433,6.544444444444444,5.808333333333333,0.225,0.1588235294117647,0.14901960784313725,0.1,0.1,0.6348837209302325,1.6731707317073172,1.982882882882883,1.2791044776119405,5.748148148148148,0.4880597014925373,0.7896551724137931,0.717391304347826,2.7842105263157895,1.8115384615384615,1.5342105263157895,1.73855421686747,3.3962962962962964,1.190909090909091,2.840740740740741,1.5411764705882354,1.2428571428571429,2.3318840579710147,1.936065573770492,3.3222222222222224,1.6176470588235294,2.6568181818181817,3.511392405063291,1.9387096774193548,0.7666666666666666,0.9928571428571429,0.10719424460431655,0.1,2022-07-14 21:02:08.150980,153,1
Rasgrf2,0.10591715976331362,0.10653594771241831,0.12000000000000001,0.1101010101010101,0.1,1.1740740740740743,2.402325581395349,0.9085106382978723,1.4176470588235295,1.118867924528302,0.22,0.24000000000000002,0.3549019607843137,0.6,0.20743801652892563,0.1891089108910891,0.43333333333333335,3.7451612903225806,4.308333333333333,6.641666666666667,2.2944444444444447,1.7440677966101696,8.293277310924369,0.5166666666666667,5.357575757575757,2.411475409836066,5.289655172413792,3.120408163265306,2.923529411764706,3.395774647887324,0.1,0.1,0.1,0.1,0.1,0.1,1.0594594594594595,1.6694444444444445,2.3083333333333336,0.14166666666666666,0.1,0.10980392156862745,0.10980392156862745,0.16818181818181818,0.1,0.12439024390243902,0.10900900900900902,0.24925373134328357,0.34074074074074073,0.2791044776119403,0.6862068965517241,0.27391304347826084,1.9070175438596493,0.23461538461538461,1.0473684210526315,1.136144578313253,1.6555555555555557,0.6909090909090909,2.2111111111111112,0.3647058823529412,0.44285714285714284,0.9840579710144928,1.4114754098360656,1.924561403508772,1.3705882352941177,1.1113636363636366,1.4164556962025316,1.20752688172043,0.3222222222222222,0.20714285714285713,0.1,0.1,2022-07-14 21:02:08.150980,153,1
Rbp4,0.10591715976331362,0.1,0.12000000000000001,0.1,0.10512820512820513,0.13333333333333333,0.14651162790697675,0.1425531914893617,0.14705882352941177,0.2320754716981132,0.54,0.14,0.21764705882352942,0.22,0.2900826446280992,0.39702970297029705,0.23333333333333334,0.16451612903225807,0.1,0.1,0.1,0.19322033898305085,0.2008403361344538,0.14166666666666666,0.1606060606060606,0.19836065573770492,0.1,0.1816326530612245,0.1,0.1,0.35,0.1,0.1,0.1,0.15555555555555556,0.1,0.11351351351351352,0.16944444444444445,0.24583333333333335,0.1,0.1,0.1,0.1,0.1,0.12325581395348838,0.12439024390243902,0.12702702702702703,0.2044776119402985,0.1,0.1,0.1,0.16086956521739132,0.6614035087719298,9.407692307692308,8.678947368421053,6.509638554216867,1.6555555555555557,6.1909090909090905,0.2111111111111111,10.48235294117647,0.5571428571428572,5.998550724637681,6.559016393442622,1.5970760233918129,0.711764705882353,6.2704545454545455,6.144303797468354,4.66989247311828,0.37777777777777777,0.5464285714285715,0.1,0.1,2022-07-14 21:02:08.150980,153,1
Reln,0.10591715976331362,0.1,0.2533333333333333,0.10505050505050506,0.10512820512820513,1.0481481481481483,0.25116279069767444,3.4404255319148938,2.523529411764706,4.543396226415094,0.38,0.26,0.19803921568627453,2.02,0.13305785123966943,0.19900990099009902,0.15000000000000002,0.16451612903225807,2.0027777777777778,0.85,0.46111111111111114,1.905084745762712,0.5369747899159664,0.5583333333333333,0.20606060606060606,0.13278688524590165,0.11724137931034484,0.1,0.1,0.1563380281690141,0.1,0.1410958904109589,0.1,0.1,0.1,0.1,0.16756756756756758,3.2527777777777778,2.058333333333333,0.14166666666666666,0.1,0.1,0.10980392156862745,0.1,0.1,0.1,0.13603603603603603,0.12985074626865672,0.1925925925925926,0.1,0.3413793103448276,0.15217391304347827,0.2929824561403509,0.13846153846153847,0.19210526315789472,0.1,3.7666666666666666,0.1,1.1740740740740743,0.1,0.1,0.5057971014492754,2.280327868852459,4.1760233918128655,0.5941176470588235,2.065909090909091,3.3341772151898734,0.9924731182795699,0.2111111111111111,0.1,0.10719424460431655,0.1,2022-07-14 21:02:08.150980,153,1
Rgs10,0.12958579881656807,0.10653594771241831,0.16,0.1303030303030303,0.13076923076923078,6.133333333333333,7.902325581395348,0.6531914893617021,2.7,5.562264150943395,1.58,0.64,1.3941176470588237,0.74,4.124793388429752,2.09009900990099,2.4,13.196774193548388,2.0166666666666666,12.6625,5.127777777777777,0.3542372881355932,31.133613445378153,0.46111111111111114,14.190909090909091,2.8049180327868855,9.237931034482758,5.1408163265306115,1.4529411764705884,6.325352112676056,0.1,0.3191780821917808,0.1,0.1,3.988888888888889,4.303463203463203,0.41081081081081083,3.488888888888889,0.6625,0.1,0.1588235294117647,0.10980392156862745,0.1,0.1,0.12325581395348838,0.14878048780487807,0.15405405405405406,0.2791044776119403,0.1925925925925926,1.3686567164179106,3.6862068965517243,3.473913043478261,3.2228070175438597,0.3307692307692308,0.37631578947368427,0.41325301204819276,3.5444444444444447,0.1,4.988888888888889,0.1588235294117647,0.15714285714285714,1.0420289855072464,0.19836065573770492,0.2988304093567251,1.0882352941176472,0.4446969696969697,0.25822784810126587,0.3043010752688172,2.2666666666666666,1.885714285714286,0.179136690647482,0.1,2022-07-14 21:02:08.150980,153,1
Rgs12,0.1591715976331361,0.19803921568627453,0.21333333333333332,0.25656565656565655,0.24871794871794872,0.20370370370370372,0.12325581395348838,1.397872340425532,0.21764705882352942,0.19433962264150945,1.6600000000000001,2.18,1.6098039215686275,2.16,0.25702479338842976,1.6643564356435645,0.95,0.22903225806451613,11.530555555555555,7.5375,6.572222222222222,10.422033898305084,2.041176470588235,5.725,0.5696969696969697,0.4278688524590164,1.6172413793103448,1.2224489795918367,2.4529411764705884,0.18450704225352113,0.85,0.7438356164383562,0.1,0.43333333333333335,0.1,0.112987012987013,0.16756756756756758,1.4055555555555557,8.704166666666666,0.1,0.1,0.1,0.11960784313725491,0.19090909090909092,0.12325581395348838,0.12439024390243902,0.11801801801801802,0.23432835820895523,0.17407407407407408,0.24925373134328357,0.16896551724137931,0.4043478260869565,0.15263157894736842,0.5230769230769231,0.37631578947368427,0.1963855421686747,0.9518518518518518,0.14545454545454545,0.17407407407407408,0.3941176470588236,0.2142857142857143,0.21594202898550724,0.21475409836065573,0.11169590643274854,0.27647058823529413,0.15681818181818183,0.11265822784810127,0.1752688172043011,0.9333333333333333,1.260714285714286,0.48848920863309353,0.1,2022-07-14 21:02:08.150980,153,1
Rgs4,0.11183431952662723,0.1,0.11333333333333334,0.1,0.1,0.7111111111111111,0.541860465116279,0.2702127659574468,0.20588235294117646,0.6094339622641509,0.18,0.18,0.1,0.12000000000000001,0.1578512396694215,0.1891089108910891,0.3666666666666667,0.1,0.16944444444444445,0.1625,0.1,0.1593220338983051,0.14201680672268907,0.1,0.1,0.11639344262295083,0.18620689655172415,0.26326530612244897,0.21764705882352942,0.452112676056338,0.1,0.9904109589041096,0.1,0.48888888888888893,0.1,0.1,5.194594594594594,1.6416666666666668,1.2875,0.1,0.12941176470588237,0.1,0.1,0.1,0.3325581395348837,0.8073170731707316,0.8207207207207207,1.2194029850746269,2.0444444444444443,0.29402985074626864,0.7206896551724138,0.5782608695652174,0.5561403508771929,0.4461538461538461,0.7973684210526315,0.8108433734939758,0.8037037037037037,0.23636363636363636,0.8037037037037037,0.6588235294117647,0.1,0.8246376811594203,0.36229508196721316,0.24035087719298245,0.2647058823529412,0.3651515151515151,0.20759493670886076,0.15376344086021507,0.1,0.11785714285714285,0.560431654676259,0.1,2022-07-14 21:02:08.150980,153,1
Rorb,0.7982248520710059,0.5967320261437908,1.1600000000000001,0.9686868686868687,0.4487179487179487,0.11851851851851852,0.1,0.12127659574468086,0.1,0.14716981132075474,0.1,0.1,0.1,0.1,0.11652892561983472,0.1,0.1,0.1,0.1,0.1,0.12777777777777777,0.12542372881355934,0.11680672268907563,0.1,0.1,0.1,0.1,0.12040816326530612,0.1588235294117647,0.11408450704225352,0.1,0.1136986301369863,0.1,0.1,0.1,0.1,0.1,0.1,0.1,0.1,0.1,0.1,0.10980392156862745,0.1,0.1,0.13658536585365855,0.10900900900900902,0.24925373134328357,0.11851851851851852,0.1,0.1,0.12608695652173912,0.11754385964912281,0.11923076923076924,0.1,0.12409638554216867,0.13703703703703704,0.1,0.1,0.1,0.1285714285714286,0.1,0.1,0.11754385964912281,0.11176470588235295,0.10378787878787879,0.1,0.12150537634408604,0.1,0.1,0.10719424460431655,0.1,2022-07-14 21:02:08.150980,153,1
Rprm,0.11183431952662723,0.1130718954248366,0.10666666666666667,0.12525252525252525,0.10512820512820513,0.10740740740740741,0.1,0.1,0.1,0.1,0.18,0.54,0.37450980392156863,0.16,0.19090909090909092,0.3475247524752475,0.15000000000000002,0.1,0.1,0.1,0.1,0.10847457627118645,0.1,0.1,0.1,0.16557377049180327,0.1,0.1,0.1,0.1,0.1,0.1,0.1,0.1,0.1,0.1,0.12702702702702703,0.1,0.1,0.1,0.1,0.1,0.1,0.12272727272727274,0.1,0.1975609756097561,0.13603603603603603,1.2194029850746269,0.7296296296296296,0.1,0.1,0.1,0.1,0.1,0.1,0.1,0.13703703703703704,0.1,0.1,0.1,0.1285714285714286,0.1,0.1,0.1,0.1,0.11515151515151516,0.1,0.11075268817204302,0.3222222222222222,0.15357142857142858,0.10719424460431655,0.1,2022-07-14 21:02:08.150980,153,1
Satb1,0.1591715976331361,0.1326797385620915,0.18666666666666668,0.17575757575757578,0.16153846153846155,0.11481481481481481,0.12325581395348838,0.1,0.11176470588235295,0.1,0.30000000000000004,0.4,0.43333333333333335,0.32,0.19917355371900827,0.2584158415841584,0.23333333333333334,0.1967741935483871,0.9055555555555556,0.7666666666666666,0.6833333333333333,0.7186440677966102,0.4277310924369748,0.2388888888888889,0.1606060606060606,0.14918032786885246,0.20344827586206898,0.22244897959183674,5.570588235294117,0.11408450704225352,0.35,0.1273972602739726,0.1,0.15555555555555556,0.12777777777777777,0.11731601731601732,0.11351351351351352,0.2111111111111111,2.1208333333333336,0.18333333333333335,0.33529411764705885,0.18823529411764706,0.11960784313725491,0.19090909090909092,0.14651162790697675,0.3195121951219512,0.22612612612612612,0.8164179104477611,0.7666666666666666,0.2044776119402985,0.7206896551724138,0.3173913043478261,3.8017543859649123,3.7923076923076926,2.1526315789473687,4.051807228915663,1.7296296296296296,3.327272727272727,0.9148148148148147,2.2176470588235295,1.042857142857143,2.592753623188406,4.214754098360656,3.8660818713450293,2.923529411764706,3.5242424242424244,5.644303797468354,3.8204301075268816,0.1,0.15357142857142858,0.2079136690647482,0.1,2022-07-14 21:02:08.150980,153,1
Scg2,0.10591715976331362,0.10653594771241831,0.11333333333333334,0.10505050505050506,0.11025641025641027,1.1777777777777778,1.3558139534883722,0.7808510638297872,0.7235294117647059,0.5339622641509434,0.54,0.42000000000000004,0.5509803921568628,0.38,0.49669421487603305,0.49603960396039604,0.6333333333333333,1.6483870967741936,0.475,0.4125,1.0444444444444445,0.38813559322033897,1.0747899159663865,0.475,1.5545454545454547,1.8704918032786886,1.0827586206896551,2.120408163265306,0.6294117647058823,2.240845070422535,0.1,0.1,0.1,0.1,0.1,0.10432900432900434,2.7621621621621624,1.9611111111111112,0.9125,0.1,0.1,0.1,0.1,0.12272727272727274,0.30930232558139537,0.40487804878048783,0.8657657657657657,0.5925373134328358,1.3222222222222224,4.27910447761194,2.7551724137931037,5.07391304347826,1.3456140350877195,0.5615384615384615,1.9421052631578948,1.136144578313253,2.840740740740741,0.5545454545454546,0.6925925925925925,0.8058823529411765,2.5,2.302898550724638,1.3459016393442624,1.9011695906432748,1.4529411764705884,1.9484848484848485,1.7835443037974685,1.4440860215053763,0.5444444444444444,1.0642857142857143,0.11438848920863309,0.1,2022-07-14 21:02:08.150980,153,1
Sema3c,0.1,0.1130718954248366,0.1,0.10505050505050506,0.1,1.414814814814815,2.1697674418604653,0.2702127659574468,0.5823529411764706,0.6471698113207547,0.38,0.2,0.43333333333333335,0.38,0.28181818181818186,0.1297029702970297,0.16666666666666669,4.42258064516129,1.738888888888889,4.704166666666667,5.572222222222222,0.523728813559322,7.881512605042016,1.1416666666666668,6.736363636363636,1.5098360655737706,3.806896551724138,4.508163265306122,0.5705882352941176,2.2267605633802816,0.1,0.8945205479452054,0.1,1.0444444444444445,0.1,0.10432900432900434,0.11351351351351352,0.43333333333333335,0.24583333333333335,0.14166666666666666,0.1588235294117647,0.10980392156862745,0.10980392156862745,0.14545454545454545,0.1,0.11219512195121951,0.12702702702702703,0.11492537313432837,0.1,0.1,0.16896551724137931,0.12608695652173912,0.1,0.11923076923076924,0.1,0.11204819277108434,0.9888888888888888,0.6,0.1,0.1,0.1,0.1144927536231884,0.11639344262295083,0.10584795321637427,0.14705882352941177,0.11136363636363637,0.18227848101265823,0.11075268817204302,0.15555555555555556,0.20714285714285713,0.6539568345323741,0.1,2022-07-14 21:02:08.150980,153,1
Serpini1,0.10591715976331362,0.1130718954248366,0.1,0.10505050505050506,0.1,3.3333333333333335,3.844186046511628,0.5255319148936171,0.8764705882352941,0.6,0.30000000000000004,0.24000000000000002,0.1784313725490196,0.44000000000000006,0.22396694214876034,0.2584158415841584,0.2833333333333333,15.13225806451613,1.1,0.5583333333333333,1.7944444444444445,0.8203389830508474,1.1588235294117648,0.36388888888888893,18.206060606060607,3.231147540983607,15.272413793103448,8.344897959183672,18.80588235294118,12.311267605633802,0.1,0.1273972602739726,0.1,0.1,0.1,0.10432900432900434,0.2756756756756757,3.0444444444444447,1.3083333333333333,0.14166666666666666,0.1588235294117647,0.11960784313725491,0.1,0.12272727272727274,0.1930232558139535,0.5390243902439025,0.6225225225225225,1.592537313432836,1.3222222222222224,0.8761194029850746,1.1344827586206898,1.9956521739130435,4.1,0.4076923076923077,1.7578947368421054,1.1963855421686749,2.359259259259259,2.190909090909091,2.2481481481481485,0.5705882352941176,0.5571428571428572,1.665217391304348,1.1,2.690643274853801,1.1235294117647059,1.3121212121212122,1.7265822784810128,0.9817204301075269,0.1,0.3142857142857143,0.1431654676258993,0.1,2022-07-14 21:02:08.150980,153,1
Slc17a8,0.1,0.1,0.1,0.10505050505050506,0.10512820512820513,0.1,0.1,0.1,0.1,0.1,0.1,0.14,0.1,0.1,0.11652892561983472,0.1,0.1,1.8419354838709678,0.19722222222222224,0.4125,0.18333333333333335,0.1,6.621008403361344,0.1,1.1606060606060606,0.1,0.7551724137931034,0.1,1.2764705882352942,1.0859154929577466,0.1,0.1,0.1,0.1,0.1,0.1,0.1,0.1138888888888889,0.1,0.1,0.1,0.1,0.10980392156862745,0.1,0.1,0.1,0.1,0.1,0.1,0.1,0.13448275862068965,0.11739130434782609,0.13508771929824562,0.1,0.1,0.1,0.1,0.1,0.24814814814814815,0.1,0.1,0.1,0.1,0.10584795321637427,0.1,0.10378787878787879,0.1,0.16451612903225807,0.1,0.1,0.10719424460431655,0.1,2022-07-14 21:02:08.150980,153,1
Slc6a1,0.9816568047337277,1.1130718954248366,1.1800000000000002,1.887878787878788,0.6128205128205128,11.411111111111111,14.506976744186046,3.3340425531914892,8.370588235294118,6.939622641509434,0.86,2.58,2.4529411764705884,1.4200000000000002,1.7611570247933885,2.218811881188119,2.1,4.229032258064516,7.405555555555555,7.808333333333333,6.544444444444444,5.938983050847457,9.587394957983193,2.4194444444444447,8.963636363636363,4.460655737704918,11.686206896551724,5.793877551020408,5.1,8.409859154929578,0.1,0.1410958904109589,0.1,0.15555555555555556,0.15555555555555556,0.11731601731601732,14.005405405405405,9.183333333333334,8.204166666666666,0.3916666666666667,0.33529411764705885,0.42352941176470593,0.3156862745098039,0.4636363636363636,0.1697674418604651,0.12439024390243902,0.1720720720720721,0.30895522388059704,0.3037037037037037,8.74179104477612,10.03103448275862,13.38695652173913,12.608771929824561,3.080769230769231,5.823684210526316,7.292771084337349,11.95185185185185,2.7363636363636363,6.803703703703703,2.6588235294117646,2.0142857142857142,4.447826086956521,3.8049180327868855,6.4450292397660816,4.935294117647058,3.56969696969697,4.669620253164557,3.4118279569892476,1.6,1.4571428571428573,0.10719424460431655,0.1,2022-07-14 21:02:08.150980,153,1
Snca,0.14733727810650887,0.1326797385620915,0.19333333333333336,0.17575757575757578,0.1,6.307407407407407,6.065116279069767,5.036170212765957,3.3000000000000003,3.8264150943396227,4.26,3.88,3.727450980392157,5.0,1.3727272727272728,2.4267326732673267,1.6666666666666667,4.77741935483871,14.975,15.225,10.544444444444444,11.752542372881356,11.310084033613444,8.33611111111111,9.493939393939394,5.198360655737704,6.5137931034482754,7.446938775510204,0.7470588235294118,3.4943661971830986,0.1,0.1,5.242857142857143,3.2111111111111112,0.1,0.112987012987013,5.978378378378378,2.113888888888889,6.6625,0.18333333333333335,0.18823529411764706,0.1392156862745098,0.16862745098039217,0.8954545454545454,2.030232558139535,5.0634146341463415,7.5414414414414415,9.308955223880597,13.618518518518519,28.1,14.168965517241379,22.395652173913046,0.46842105263157896,3.3115384615384618,3.2315789473684213,0.4493975903614458,4.692592592592592,1.3272727272727274,0.7666666666666666,2.423529411764706,3.6142857142857143,3.1144927536231886,2.9524590163934428,1.7608187134502924,2.1470588235294117,1.5053030303030304,1.1949367088607596,0.49784946236559136,1.3777777777777778,1.9928571428571429,0.10719424460431655,0.1,2022-07-14 21:02:08.150980,153,1
Sncg,0.1,0.1,0.13333333333333333,0.10505050505050506,0.1,0.1962962962962963,0.1,0.20638297872340428,0.1823529411764706,0.14716981132075474,0.26,1.04,0.8254901960784313,0.28,0.1743801652892562,0.5257425742574258,0.4666666666666667,2.325806451612903,4.766666666666667,5.5375,7.377777777777777,6.498305084745763,5.469747899159663,4.308333333333333,7.1,3.1163934426229507,3.8758620689655174,5.426530612244898,0.21764705882352942,1.4661971830985916,0.1,0.236986301369863,0.1,0.1,0.1,0.1,0.3162162162162162,2.0722222222222224,0.35,0.1,0.1,0.1,0.10980392156862745,0.1,0.1,0.1,0.10900900900900902,0.11492537313432837,0.1,0.1,0.8931034482758621,0.1,0.11754385964912281,0.1,0.12631578947368421,0.1,0.24814814814814815,0.1,0.1,0.1,0.32857142857142857,0.1144927536231884,0.13278688524590165,0.25204678362573096,0.12352941176470589,0.13787878787878788,0.30886075949367087,0.1,0.1,0.13571428571428573,0.2510791366906475,0.1,2022-07-14 21:02:08.150980,153,1
Sst,0.206508875739645,0.1392156862745098,0.2533333333333333,0.18585858585858586,0.13076923076923078,0.31851851851851853,0.4488372093023256,0.2702127659574468,0.2647058823529412,0.43018867924528303,0.1,0.22,0.1588235294117647,0.30000000000000004,0.19917355371900827,0.2584158415841584,0.25,0.2935483870967742,0.5444444444444444,0.5583333333333333,0.26666666666666666,0.4389830508474576,2.5537815126050423,0.2111111111111111,0.6303030303030303,0.24754098360655738,0.30689655172413793,0.3040816326530612,0.27647058823529413,0.39577464788732397,0.1,0.1410958904109589,0.17142857142857143,0.2111111111111111,0.12777777777777777,0.112987012987013,0.32972972972972975,0.4194444444444444,0.9125,0.14166666666666666,0.12941176470588237,0.14901960784313725,0.11960784313725491,0.1,0.1697674418604651,0.16097560975609757,0.19909909909909912,0.21940298507462686,0.2851851851851852,0.29402985074626864,0.3413793103448276,0.36086956521739133,1.6614035087719299,0.8692307692307693,16.928947368421053,0.3530120481927711,24.87777777777778,26.463636363636365,26.581481481481482,11.423529411764706,120.52857142857142,103.60724637681159,105.0672131147541,139.4157894736842,81.02941176470587,88.1340909090909,151.1759493670886,60.368817204301074,0.26666666666666666,0.2785714285714286,0.12158273381294965,0.1,2022-07-14 21:02:08.150980,153,1
Sulf2,0.10591715976331362,0.10653594771241831,0.26666666666666666,0.12525252525252525,0.14102564102564102,0.15925925925925927,0.21627906976744188,0.33404255319148934,0.2411764705882353,0.2037735849056604,0.1,0.18,0.1,0.26,0.14132231404958678,0.1594059405940594,0.25,0.35806451612903223,0.36388888888888893,0.35,0.6555555555555556,0.4474576271186441,0.7638655462184873,0.36388888888888893,1.1454545454545455,0.3786885245901639,0.5655172413793104,0.8142857142857143,0.6294117647058823,0.24084507042253522,0.1,0.1136986301369863,0.1,0.1,0.26666666666666666,0.11731601731601732,0.5054054054054055,0.2388888888888889,0.30833333333333335,1.3083333333333333,0.3941176470588236,0.37450980392156863,0.1784313725490196,1.1227272727272728,0.12325581395348838,0.3195121951219512,0.28918918918918923,0.8761194029850746,1.0629629629629629,0.30895522388059704,0.16896551724137931,0.2565217391304348,0.5561403508771929,0.19615384615384618,0.4157894736842105,1.2204819277108434,0.6925925925925925,0.3727272727272727,0.5074074074074074,0.3058823529411765,0.5,0.4188405797101449,0.739344262295082,0.9245614035087719,0.28823529411764703,0.6303030303030303,1.2139240506329114,0.6913978494623656,0.15555555555555556,0.13571428571428573,0.1,0.1,2022-07-14 21:02:08.150980,153,1
Synpr,0.10591715976331362,0.1,0.1,0.1,0.10512820512820513,0.13703703703703704,0.11162790697674418,0.4617021276595745,0.11176470588235295,0.14716981132075474,1.4200000000000002,2.42,2.649019607843137,1.4200000000000002,2.7280991735537192,3.7732673267326735,2.533333333333333,0.9709677419354839,2.7527777777777778,2.4958333333333336,2.6555555555555554,3.447457627118644,2.7218487394957984,3.4055555555555554,3.3424242424242423,3.3950819672131147,2.496551724137931,4.426530612244898,3.2176470588235295,0.26901408450704223,0.1,0.1,0.1,0.1,0.1,0.10432900432900434,0.20810810810810812,0.26666666666666666,2.9333333333333336,0.18333333333333335,0.7764705882352941,0.3254901960784314,0.1392156862745098,0.12272727272727274,0.14651162790697675,0.14878048780487807,0.13603603603603603,0.26417910447761195,0.15555555555555556,0.11492537313432837,0.16896551724137931,0.12608695652173912,1.3280701754385966,0.3884615384615384,0.85,0.3168674698795181,2.3962962962962964,1.009090909090909,2.3962962962962964,0.7470588235294118,2.928571428571429,2.302898550724638,3.542622950819672,4.304678362573099,2.3941176470588235,2.9295454545454547,3.79620253164557,2.250537634408602,3.0444444444444447,3.6535714285714285,0.1,0.1,2022-07-14 21:02:08.150980,153,1
Tac1,0.1,0.1,0.10666666666666667,0.1,0.1,0.21851851851851853,0.1,0.1,0.1,0.1,0.1,0.1,0.1,0.1,0.10826446280991736,0.1,0.1,0.1,0.1138888888888889,0.1,0.1,0.12542372881355934,0.1,0.1,0.1,0.1,0.1,0.12040816326530612,0.1,0.1,0.1,0.1136986301369863,0.1,0.1,0.12777777777777777,0.1,0.1,0.1,0.1,0.1,0.27647058823529413,0.12941176470588237,0.10980392156862745,0.1,0.12325581395348838,0.1,0.1,0.18955223880597016,0.17407407407407408,0.11492537313432837,1.0310344827586206,0.4043478260869565,3.3456140350877193,3.7923076923076926,7.652631578947368,4.232530120481927,0.1,0.4181818181818182,3.359259259259259,5.982352941176471,0.1,0.491304347826087,0.1,0.12339181286549708,0.11176470588235295,0.10757575757575757,0.1,0.1752688172043011,0.1,0.1,0.1,0.1,2022-07-14 21:02:08.150980,153,1
Tac2,0.1,0.10653594771241831,0.11333333333333334,0.10505050505050506,0.1,0.10740740740740741,0.1,1.0361702127659576,0.13529411764705884,0.1,1.74,4.5,4.550980392156863,2.2800000000000002,0.7363636363636363,3.892079207920792,1.1,1.4870967741935486,0.16944444444444445,0.12083333333333333,4.155555555555555,0.10847457627118645,3.1588235294117646,6.391666666666667,5.327272727272727,1.2147540983606557,1.9965517241379311,6.079591836734694,3.7470588235294118,0.12816901408450704,0.1,0.1,0.1,0.1,0.1,0.10432900432900434,0.1,0.1,0.12083333333333333,0.1,0.1,0.1,0.1,0.1,0.1,0.11219512195121951,0.10900900900900902,0.1,0.11851851851851852,0.12985074626865672,0.16896551724137931,0.1,0.11754385964912281,0.1,0.1,0.11204819277108434,1.1,0.1,0.1,0.1,0.1285714285714286,0.1144927536231884,1.0672131147540984,0.1584795321637427,0.13529411764705884,0.2628787878787879,0.27721518987341776,0.11075268817204302,4.266666666666667,6.921428571428571,0.1,0.1,2022-07-14 21:02:08.150980,153,1
Th,0.1,0.1,0.1,0.1,0.1,0.1,0.1,0.1,0.1,0.1,0.1,0.1,0.1,0.1,0.1,0.1,0.1,0.1,0.1138888888888889,0.1,0.12777777777777777,0.1,0.10840336134453782,0.1,0.1,0.1,0.1,0.1,0.21764705882352942,0.1,0.1,0.1,0.1,0.1,0.1,0.1,0.1,0.1,0.1,0.1,0.1,0.1,0.1,0.1,0.1,0.11219512195121951,0.10900900900900902,0.1,0.1,0.1,0.1,0.11739130434782609,0.1,1.0230769230769232,0.16578947368421054,0.20843373493975903,0.1,0.4636363636363636,0.1,0.8647058823529411,0.1,0.1144927536231884,0.1,0.1,0.1,0.10378787878787879,0.1,0.13225806451612904,0.1,0.1,0.1,0.1,2022-07-14 21:02:08.150980,153,1
Thsd7a,0.11183431952662723,0.10653594771241831,0.13333333333333333,0.11515151515151516,0.10512820512820513,0.2,0.1697674418604651,0.1425531914893617,0.13529411764705884,0.12830188679245283,1.06,0.7,0.884313725490196,0.28,0.2983471074380165,0.6841584158415841,0.15000000000000002,0.22903225806451613,0.46111111111111114,0.24583333333333335,0.48888888888888893,0.7694915254237288,0.26806722689075635,0.6555555555555556,0.19090909090909092,0.13278688524590165,0.20344827586206898,0.26326530612244897,0.1,0.1563380281690141,0.35,0.1410958904109589,0.17142857142857143,0.15555555555555556,0.1,0.10432900432900434,0.16756756756756758,0.18333333333333335,0.3916666666666667,0.35,0.3058823529411765,0.1588235294117647,0.11960784313725491,0.1,0.1697674418604651,0.14878048780487807,0.1810810810810811,0.14477611940298507,0.15555555555555556,2.174626865671642,1.3413793103448277,3.4043478260869566,1.4508771929824562,0.11923076923076924,0.5078947368421053,0.29277108433734944,0.4703703703703703,0.23636363636363636,1.3222222222222224,0.12941176470588237,0.15714285714285714,0.3463768115942029,0.31311475409836065,0.3923976608187134,0.9470588235294117,0.14166666666666666,0.25822784810126587,0.12150537634408604,0.3222222222222222,0.6178571428571429,0.11438848920863309,0.1,2022-07-14 21:02:08.150980,153,1
Trp53i11,0.11183431952662723,0.10653594771241831,0.11333333333333334,0.13535353535353536,0.10512820512820513,0.15555555555555556,0.1,0.1,0.17058823529411765,0.21320754716981133,0.42000000000000004,0.14,0.27647058823529413,0.24000000000000002,0.587603305785124,0.2485148514851485,0.6333333333333333,1.2290322580645163,14.183333333333334,22.4125,12.294444444444444,3.6847457627118647,25.671428571428574,1.0444444444444445,12.887878787878787,3.5754098360655737,10.03103448275862,7.83469387755102,2.1588235294117646,0.776056338028169,0.1,0.2643835616438356,0.1,0.2111111111111111,0.12777777777777777,0.10432900432900434,0.7081081081081081,0.8638888888888888,5.4125,0.14166666666666666,0.12941176470588237,0.1,0.10980392156862745,0.23636363636363636,0.12325581395348838,0.12439024390243902,0.12702702702702703,0.4432835820895522,0.2111111111111111,0.11492537313432837,0.20344827586206898,0.17826086956521742,0.13508771929824562,0.1,0.15263157894736842,0.20843373493975903,0.7296296296296296,0.32727272727272727,0.5814814814814815,0.1588235294117647,0.30000000000000004,0.36086956521739133,0.559016393442623,0.3865497076023392,0.6058823529411764,0.15303030303030304,0.27721518987341776,0.1967741935483871,0.37777777777777777,0.4571428571428572,0.22949640287769785,0.1,2022-07-14 21:02:08.150980,153,1
Vip,0.11775147928994084,0.1,0.14666666666666667,0.1,0.1,0.14444444444444446,0.1,0.12127659574468086,0.13529411764705884,0.13773584905660377,2.7800000000000002,0.22,6.472549019607842,1.2200000000000002,25.38099173553719,10.278217821782178,25.033333333333335,0.16451612903225807,0.16944444444444445,0.1,2.0722222222222224,0.23559322033898306,0.5621848739495798,21.044444444444444,0.23636363636363636,39.821311475409836,12.910344827586206,13.916326530612244,3.570588235294118,0.4380281690140845,0.1,0.1,0.1,0.1,0.1,0.1,1.1675675675675676,0.4472222222222222,1.6,0.1,0.1,0.1,0.11960784313725491,0.16818181818181818,0.1,0.13658536585365855,0.11801801801801802,0.11492537313432837,0.13703703703703704,0.1,0.20344827586206898,0.14347826086956522,0.17017543859649123,0.1,0.35,0.14819277108433737,3.174074074074074,0.4636363636363636,0.13703703703703704,0.7470588235294118,0.1,0.14347826086956522,0.1,0.14678362573099416,0.17058823529411765,0.1340909090909091,0.14430379746835442,0.1967741935483871,17.822222222222223,34.010714285714286,0.11438848920863309,0.1,2022-07-14 21:02:08.150980,153,1
Wfs1,0.17100591715976332,0.1588235294117647,0.18666666666666668,0.15555555555555556,0.18205128205128207,0.11851851851851852,0.11162790697674418,0.1,0.12352941176470589,0.10943396226415095,0.14,0.1,0.1,0.1,0.10826446280991736,0.1099009900990099,0.11666666666666667,0.13225806451612904,0.16944444444444445,0.1625,0.2111111111111111,0.15084745762711865,0.16722689075630254,0.1138888888888889,0.20606060606060606,0.13278688524590165,0.11724137931034484,0.20204081632653062,0.1,0.11408450704225352,0.1,0.1684931506849315,0.1,0.1,0.12777777777777777,0.10432900432900434,0.16756756756756758,0.18333333333333335,0.12083333333333333,0.1,0.12941176470588237,0.1,0.10980392156862745,0.1,1.7046511627906977,1.7097560975609758,3.136036036036036,0.21940298507462686,0.43333333333333335,0.12985074626865672,0.20344827586206898,0.2043478260869565,0.20526315789473684,0.1576923076923077,0.11315789473684211,0.172289156626506,0.13703703703703704,0.14545454545454545,0.1,0.1,0.1,0.1144927536231884,0.1,0.15263157894736842,0.12352941176470589,0.12651515151515152,0.1379746835443038,0.12150537634408604,0.1,0.1,0.1,0.1,2022-07-14 21:02:08.150980,153,1
Yjefn3,0.12366863905325444,0.1130718954248366,0.12666666666666668,0.12020202020202021,0.13589743589743591,0.34444444444444444,0.3790697674418605,0.2276595744680851,0.34705882352941175,0.2792452830188679,0.26,0.28,0.1588235294117647,0.14,0.20743801652892563,0.2584158415841584,0.18333333333333335,13.487096774193548,3.5861111111111112,14.891666666666666,9.794444444444444,1.0322033898305085,44.503361344537815,0.7111111111111111,14.327272727272726,2.5262295081967214,6.720689655172413,7.426530612244898,2.511764705882353,2.2267605633802816,0.35,0.1,0.1,0.1,0.1,0.11731601731601732,0.2756756756756757,0.3916666666666667,0.5791666666666667,0.14166666666666666,0.1588235294117647,0.10980392156862745,0.11960784313725491,0.12272727272727274,0.14651162790697675,0.18536585365853658,0.1810810810810811,0.1746268656716418,0.37777777777777777,0.2044776119402985,0.6517241379310345,0.37826086956521743,0.2929824561403509,0.2730769230769231,0.24473684210526317,0.18433734939759036,0.4703703703703703,0.4181818181818182,0.39629629629629626,0.21764705882352942,0.5285714285714286,0.2884057971014493,0.16557377049180327,0.24619883040935672,0.2529411764705882,0.23636363636363636,0.359493670886076,0.26129032258064516,0.15555555555555556,0.2785714285714286,0.10719424460431655,0.1,2022-07-14 21:02:08.150980,153,1
Zcchc12,0.10591715976331362,0.10653594771241831,0.12000000000000001,0.1,0.1,0.3555555555555555,0.20465116279069767,0.4617021276595745,0.5823529411764706,0.5433962264150943,1.3800000000000001,0.82,0.884313725490196,0.78,0.7363636363636363,0.7138613861386138,0.6666666666666666,0.7129032258064516,1.3916666666666668,1.1625,1.2111111111111112,1.1847457627118645,0.8142857142857143,0.6555555555555556,0.7515151515151515,0.9688524590163934,0.5482758620689655,0.6714285714285714,0.6882352941176471,0.5647887323943662,0.35,0.1,0.1,0.1,0.1,0.1,1.0864864864864865,0.5583333333333333,1.4333333333333333,0.1,0.1,0.10980392156862745,0.1,0.3727272727272727,0.12325581395348838,0.13658536585365855,0.14504504504504506,0.30895522388059704,0.2111111111111111,0.4582089552238806,0.47931034482758617,0.2043478260869565,0.20526315789473684,1.426923076923077,0.9947368421052631,0.3289156626506024,0.9148148148148147,1.2363636363636366,1.025925925925926,0.9823529411764705,2.1,0.9550724637681159,1.1819672131147543,1.316374269005848,0.8764705882352941,1.2363636363636366,1.289873417721519,1.186021505376344,0.7666666666666666,0.6535714285714286,0.10719424460431655,0.1,2022-07-14 21:02:08.150980,153,1
