cell_id,label,tile_id,area,x,y
0,1,0,743.0,9,4687
1,2,0,944.0,9,4550
2,3,0,300.0,9,4516
3,4,0,1318.0,10,4351
4,5,0,748.0,10,4211
5,6,0,981.0,10,4727
6,7,0,962.0,10,4465
7,8,0,583.0,11,4497
8,9,0,1198.0,16,4301
9,10,0,2679.0,24,4249
10,11,0,544.0,24,4865
11,12,0,592.0,31,4354
12,13,0,1404.0,33,4635
13,14,0,1340.0,38,4729
14,15,0,735.0,41,4283
15,16,0,2182.0,42,4196
16,17,0,322.0,44,4795
17,18,0,273.0,48,4926
18,19,0,1320.0,48,4548
19,20,0,1049.0,50,5034
20,21,0,1246.0,55,4419
21,22,0,1494.0,56,4586
22,23,0,1033.0,59,5101
23,24,0,380.0,61,4685
24,25,0,1134.0,63,4812
25,26,0,752.0,66,5011
26,27,0,787.0,70,4115
27,28,0,1613.0,70,4852
28,29,0,1564.0,72,4948
29,30,0,561.0,72,5070
30,31,0,575.0,74,4160
31,32,0,363.0,76,4683
32,33,0,2471.0,76,4055
33,34,0,737.0,86,5292
34,35,0,712.0,87,5094
35,36,0,1051.0,90,5007
36,37,0,922.0,93,3931
37,38,0,1146.0,97,4772
38,39,0,689.0,97,5355
39,40,0,837.0,99,3904
40,41,0,913.0,99,5071
41,42,0,974.0,101,3959
42,43,0,457.0,101,4068
43,44,0,1157.0,103,5198
44,45,0,1708.0,107,5136
45,46,0,1393.0,108,4004
46,47,0,837.0,110,4486
47,48,0,1228.0,112,4652
48,49,0,917.0,115,5448
49,50,0,1143.0,116,4718
50,51,0,1646.0,118,5413
51,52,0,831.0,124,5383
52,53,0,1544.0,125,3863
53,54,0,1236.0,125,4211
54,55,0,274.0,126,5299
55,56,0,1421.0,127,4296
56,57,0,1157.0,131,3943
57,58,0,1772.0,133,5275
58,59,0,1013.0,133,4174
59,60,0,364.0,133,5118
60,61,0,1129.0,137,4808
61,62,0,495.0,139,5148
62,63,0,1091.0,140,4577
63,64,0,1038.0,142,4142
64,65,0,1765.0,147,4965
65,66,0,2373.0,147,3807
66,67,0,1137.0,153,4606
67,68,0,875.0,155,4332
68,69,0,1218.0,156,4058
69,70,0,1287.0,160,4420
70,71,0,1105.0,160,3993
71,72,0,1222.0,160,5410
72,73,0,1058.0,161,4239
73,74,0,1453.0,161,5235
74,75,0,238.0,166,4769
75,76,0,729.0,168,5208
76,77,0,241.0,170,4758
77,78,0,291.0,172,3952
78,79,0,1160.0,174,4193
79,80,0,1197.0,177,4992
80,81,0,392.0,178,4935
81,82,0,692.0,179,4471
82,83,0,304.0,183,4950
83,84,0,1092.0,185,5369
84,85,0,305.0,185,3935
85,86,0,659.0,185,4039
86,87,0,1903.0,186,3704
87,88,0,1228.0,188,4720
88,89,0,1219.0,188,3975
89,90,0,1085.0,189,5080
90,91,0,983.0,190,4233
91,92,0,1141.0,193,5306
92,93,0,557.0,197,3923
93,94,0,1475.0,197,3661
94,95,0,787.0,204,5347
95,96,0,592.0,212,4750
96,97,0,1001.0,216,3624
97,98,0,777.0,217,5375
98,99,0,1296.0,218,3780
99,100,0,1014.0,218,5326
100,101,0,1195.0,219,3578
101,102,0,1410.0,219,5222
102,103,0,1070.0,220,3837
103,104,0,1173.0,220,4969
104,105,0,305.0,224,5136
105,106,0,1538.0,225,4013
106,107,0,1252.0,227,4879
107,108,0,1050.0,231,5075
108,109,0,876.0,233,4378
109,110,0,302.0,236,5097
110,111,0,807.0,238,3554
111,112,0,1670.0,241,3925
112,113,0,1336.0,245,3601
113,114,0,3116.0,246,3508
114,115,0,1029.0,247,3843
115,116,0,901.0,247,4076
116,117,0,1111.0,253,4121
117,118,0,1202.0,255,3462
118,119,0,1202.0,256,5164
119,120,0,1247.0,256,4329
120,121,0,1646.0,261,3673
121,122,0,776.0,261,3431
122,123,0,1603.0,262,5308
123,124,0,1135.0,267,3985
124,125,0,579.0,269,3532
125,126,0,1297.0,269,5123
126,127,0,229.0,272,3446
127,128,0,1225.0,273,3876
128,129,0,1471.0,274,4901
129,130,0,1368.0,277,4035
130,131,0,443.0,280,3478
131,132,0,1908.0,282,3411
132,133,0,837.0,287,3789
133,134,0,1179.0,288,5051
134,135,0,979.0,301,5137
135,136,0,1239.0,301,4467
136,137,0,510.0,310,3740
137,138,0,778.0,311,3664
138,139,0,1481.0,313,4981
139,140,0,955.0,313,3799
140,141,0,1271.0,315,4719
141,142,0,6441.0,319,3358
142,143,0,879.0,321,4678
143,144,0,1460.0,330,3685
144,145,0,1050.0,334,3268
145,146,0,1148.0,337,5223
146,147,0,767.0,338,3497
147,148,0,644.0,346,3367
148,149,0,969.0,348,3290
149,150,0,802.0,351,3775
150,151,0,1099.0,357,5107
151,152,0,1200.0,358,4150
152,153,0,1320.0,363,3621
153,154,0,1174.0,364,3381
154,155,0,1312.0,373,3944
155,156,0,410.0,380,3871
156,157,0,311.0,382,3153
157,158,0,1402.0,383,4579
158,159,0,1152.0,394,3545
159,160,0,1346.0,397,3804
160,161,0,1389.0,400,4438
161,162,0,420.0,401,3497
162,163,0,888.0,401,3175
163,164,0,322.0,405,3297
164,165,0,1313.0,412,3869
165,166,0,2957.0,413,3136
166,167,0,490.0,414,4311
167,168,0,426.0,418,3829
168,169,0,712.0,420,3282
169,170,0,1377.0,421,4286
170,171,0,1617.0,424,3682
171,172,0,1728.0,427,3089
172,173,0,1145.0,436,5124
173,174,0,1477.0,438,3383
174,175,0,1112.0,444,3060
175,176,0,1007.0,444,3441
176,177,0,948.0,449,4569
177,178,0,2031.0,451,3766
178,179,0,814.0,452,3033
179,180,0,1070.0,454,4807
180,181,0,1399.0,455,5156
181,182,0,707.0,468,4054
182,183,0,1206.0,478,3598
183,184,0,1408.0,480,3268
184,185,0,821.0,481,4672
185,186,0,271.0,485,4117
186,187,0,2685.0,486,2982
187,188,0,784.0,489,4047
188,189,0,484.0,489,4360
189,190,0,597.0,489,3108
190,191,0,305.0,491,4127
191,192,0,1197.0,495,4013
192,193,0,1064.0,497,3148
193,194,0,1140.0,498,3356
194,195,0,906.0,510,3055
195,196,0,361.0,511,3745
196,197,0,1697.0,512,4675
197,198,0,1373.0,512,2927
198,199,0,1043.0,515,3772
199,200,0,1239.0,526,3371
200,201,0,422.0,539,3338
201,202,0,910.0,541,3147
202,203,0,419.0,545,4043
203,204,0,1227.0,548,4943
204,205,0,2382.0,550,2844
205,206,0,471.0,551,2946
206,207,0,1186.0,554,3118
207,208,0,1159.0,561,3734
208,209,0,1192.0,562,4061
209,210,0,906.0,565,3065
210,211,0,1988.0,572,4358
211,212,0,1460.0,581,2797
212,213,0,659.0,583,2841
213,214,0,1727.0,585,3004
214,215,0,478.0,588,2921
215,216,0,1211.0,593,3852
216,217,0,726.0,593,3150
217,218,0,318.0,595,3877
218,219,0,1498.0,596,2744
219,220,0,532.0,600,3760
220,221,0,692.0,603,4410
221,222,0,967.0,606,4469
222,223,0,454.0,608,2684
223,224,0,1221.0,608,4820
224,225,0,737.0,610,2839
225,226,0,1174.0,613,2911
226,227,0,1915.0,618,2709
227,228,0,1001.0,626,3083
228,229,0,1323.0,630,5004
229,230,0,1739.0,637,2659
230,231,0,1201.0,639,3329
231,232,0,775.0,640,4488
232,233,0,1814.0,642,2793
233,234,0,471.0,647,2760
234,235,0,1963.0,647,3425
235,236,0,1939.0,652,3919
236,237,0,1409.0,655,4338
237,238,0,1583.0,661,2629
238,239,0,1294.0,676,3508
239,240,0,1037.0,677,2594
240,241,0,1240.0,677,4670
241,242,0,1214.0,678,2953
242,243,0,1209.0,683,4930
243,244,0,1387.0,690,3772
244,245,0,540.0,693,4221
245,246,0,2003.0,695,4356
246,247,0,823.0,698,4632
247,248,0,2209.0,698,2564
248,249,0,1317.0,700,3333
249,250,0,1082.0,706,4799
250,251,0,1365.0,710,2742
251,252,0,919.0,713,2671
252,253,0,1370.0,714,2698
253,254,0,425.0,715,4074
254,255,0,1249.0,719,4144
255,256,0,1523.0,720,3990
256,257,0,361.0,725,3355
257,258,0,2863.0,726,2501
258,259,0,1783.0,729,4047
259,260,0,827.0,729,4786
260,261,0,1744.0,730,4473
261,262,0,968.0,730,4824
262,263,0,403.0,731,4698
263,264,0,1160.0,731,2886
264,265,0,1748.0,733,3824
265,266,0,1629.0,737,2588
266,267,0,1148.0,737,4340
267,268,0,1438.0,740,3726
268,269,0,1251.0,742,3144
269,270,0,737.0,742,3365
270,271,0,328.0,743,3875
271,272,0,280.0,743,4142
272,273,0,1089.0,745,3519
273,274,0,1284.0,745,4653
274,275,0,1683.0,745,2642
275,276,0,1236.0,745,3622
276,277,0,209.0,746,4688
277,278,0,646.0,747,4709
278,279,0,1345.0,748,4564
279,280,0,346.0,749,3942
280,281,0,1316.0,752,4224
281,282,0,1304.0,753,3916
282,283,0,835.0,753,3858
283,284,0,1275.0,755,2455
284,285,0,1247.0,759,4503
285,286,0,388.0,761,2799
286,287,0,211.0,762,4665
287,288,0,808.0,764,3067
288,289,0,222.0,765,3087
289,290,0,2340.0,768,3786
290,291,0,305.0,769,2751
291,292,0,1423.0,771,4464
292,293,0,960.0,772,3884
293,294,0,1415.0,773,3639
294,295,0,1236.0,773,3832
295,296,0,543.0,774,4789
296,297,0,2083.0,775,4087
297,298,0,1225.0,776,4280
298,299,0,991.0,777,2650
299,300,0,362.0,778,4552
300,301,0,669.0,780,3929
301,302,0,249.0,780,4211
302,303,0,679.0,785,4231
303,304,0,287.0,785,4305
304,305,0,1014.0,786,2569
305,306,0,1247.0,787,2364
306,307,0,265.0,787,3910
307,308,0,903.0,788,3974
308,309,0,703.0,790,4778
309,310,0,1183.0,791,2491
310,311,0,1053.0,791,4701
311,312,0,2056.0,794,4012
312,313,0,416.0,799,4213
313,314,0,1864.0,803,4417
314,315,0,513.0,803,4462
315,316,0,1262.0,805,2887
316,317,0,1038.0,808,4680
317,318,0,2326.0,808,2991
318,319,0,379.0,809,3914
319,320,0,476.0,810,3587
320,321,0,327.0,812,2404
321,322,0,1195.0,812,2379
322,323,0,1048.0,813,3776
323,324,0,302.0,816,4333
324,325,0,444.0,816,4623
325,326,0,209.0,816,4580
326,327,0,1465.0,817,3953
327,328,0,268.0,819,4483
328,329,0,726.0,819,3888
329,330,0,274.0,819,4053
330,331,0,324.0,819,4347
331,332,0,323.0,821,4248
332,333,0,1384.0,822,3816
333,334,0,277.0,822,4468
334,335,0,1887.0,822,3448
335,336,0,390.0,822,4032
336,337,0,1127.0,824,2468
337,338,0,352.0,824,3266
338,339,0,293.0,825,4264
339,340,0,840.0,825,3985
340,341,0,1568.0,826,4152
341,342,0,241.0,826,3637
342,343,0,921.0,826,4702
343,344,0,632.0,826,4567
344,345,0,310.0,828,3577
345,346,0,358.0,829,4501
346,347,0,2008.0,829,3723
347,348,0,1255.0,829,2349
348,349,0,997.0,832,4187
349,350,0,1080.0,832,3616
350,351,0,307.0,834,4044
351,352,0,1026.0,834,2554
352,353,0,1358.0,835,4364
353,354,0,1232.0,835,3204
354,355,0,258.0,836,3903
355,356,0,211.0,836,4583
356,357,0,305.0,837,4226
357,358,0,475.0,838,4775
358,359,0,203.0,838,4272
359,360,0,240.0,840,3883
360,361,0,351.0,841,4020
361,362,0,540.0,841,4537
362,363,0,358.0,841,4250
363,364,0,1904.0,843,3492
364,365,0,249.0,844,3638
365,366,0,787.0,845,2291
366,367,0,404.0,845,4097
367,368,0,624.0,845,3655
368,369,0,1695.0,846,2770
369,370,0,1536.0,848,2320
370,371,0,996.0,849,3578
371,372,0,298.0,852,4415
372,373,0,474.0,853,2362
373,374,0,519.0,854,4755
374,375,0,335.0,855,4777
375,376,0,1267.0,855,4467
376,377,0,1506.0,857,2813
377,378,0,919.0,858,3921
378,379,0,1292.0,858,2455
379,380,0,969.0,859,4261
380,381,0,881.0,859,3443
381,382,0,355.0,860,3712
382,383,0,1040.0,863,2617
383,384,0,220.0,864,3944
384,385,0,1782.0,865,2411
385,386,0,283.0,867,4403
386,387,0,249.0,869,4590
387,388,0,670.0,870,4445
388,389,0,329.0,871,3695
389,390,0,1996.0,872,4137
390,391,0,245.0,872,3593
391,392,0,571.0,873,3572
392,393,0,1547.0,874,2274
393,394,0,483.0,874,2377
394,395,0,579.0,875,3406
395,396,0,910.0,878,2571
396,397,0,235.0,878,3943
397,398,0,285.0,878,4779
398,399,0,1576.0,879,3824
399,400,0,1813.0,880,4030
400,401,0,692.0,880,3720
401,402,0,836.0,881,4379
402,403,0,1531.0,882,2877
403,404,0,258.0,883,4458
404,405,0,366.0,884,3958
405,406,0,1425.0,884,3891
406,407,0,330.0,886,4094
407,408,0,234.0,886,3688
408,409,0,929.0,886,2548
409,410,0,1052.0,886,3501
410,411,0,224.0,889,3586
411,412,0,375.0,890,4480
412,413,0,1039.0,891,4191
413,414,0,372.0,892,4676
414,415,0,250.0,894,4239
415,416,0,346.0,896,3568
416,417,0,1141.0,896,3633
417,418,0,1159.0,896,4783
418,419,0,225.0,897,4174
419,420,0,237.0,899,3678
420,421,0,228.0,902,3961
421,422,0,288.0,902,3656
422,423,0,1768.0,903,4266
423,424,0,1572.0,903,4351
424,425,0,332.0,903,3987
425,426,0,344.0,904,4080
426,427,0,1485.0,904,4624
427,428,0,1164.0,905,4542
428,429,0,300.0,905,3691
429,430,0,1712.0,905,4726
430,431,0,253.0,908,4095
431,432,0,1046.0,910,3324
432,433,0,2167.0,911,4410
433,434,0,1625.0,911,2963
434,435,0,1125.0,911,2582
435,436,0,1554.0,911,3535
436,437,0,212.0,913,4654
437,438,0,1061.0,913,4678
438,439,0,233.0,915,3956
439,440,0,1765.0,917,4219
440,441,0,1584.0,918,3903
441,442,0,375.0,920,4557
442,443,0,345.0,920,4524
443,444,0,1931.0,921,4046
444,445,0,301.0,922,4084
445,446,0,2270.0,924,3742
446,447,0,713.0,925,3975
447,448,0,277.0,926,3636
448,449,0,528.0,927,3459
449,450,0,2218.0,927,4130
450,451,0,1978.0,928,4481
451,452,0,1165.0,928,2204
452,453,0,845.0,929,2171
453,454,0,630.0,930,2449
454,455,0,1281.0,931,3598
455,456,0,260.0,932,3526
456,457,0,1781.0,934,4324
457,458,0,469.0,938,3312
458,459,0,1103.0,939,2636
459,460,0,287.0,941,4576
460,461,0,296.0,941,3334
461,462,0,342.0,941,4591
462,463,0,1551.0,942,2128
463,464,0,571.0,942,3627
464,465,0,1193.0,943,4743
465,466,0,372.0,944,3657
466,467,0,434.0,947,3679
467,468,0,1870.0,948,3819
468,469,0,348.0,949,4034
469,470,0,1059.0,950,4649
470,471,0,2012.0,952,4284
471,472,0,363.0,955,3643
472,473,0,933.0,955,3544
473,474,0,338.0,956,4679
474,475,0,1101.0,957,3954
475,476,0,904.0,957,4565
476,477,0,1417.0,958,2058
477,478,0,1313.0,959,2593
478,479,0,1420.0,960,2232
479,480,0,1246.0,965,2308
480,481,0,1673.0,965,4703
481,482,0,1121.0,968,3333
482,483,0,1098.0,968,3520
483,484,0,356.0,970,3420
484,485,0,1716.0,970,3770
485,486,0,477.0,972,2468
486,487,0,758.0,973,3438
487,488,0,668.0,974,3201
488,489,0,1341.0,976,3471
489,490,0,245.0,977,3791
490,491,0,1320.0,979,2725
491,492,0,233.0,984,2008
492,493,0,1812.0,984,3391
493,494,0,1829.0,985,3621
494,495,0,1741.0,985,4599
495,496,0,1483.0,985,4473
496,497,0,211.0,985,3302
497,498,0,1355.0,988,4145
498,499,0,298.0,994,3425
499,500,0,1467.0,996,2216
500,501,0,353.0,1002,4694
501,502,0,1663.0,1003,3557
502,503,0,1365.0,1004,3322
503,504,0,706.0,1005,3647
504,505,0,2017.0,1005,3734
505,506,0,1344.0,1006,4632
506,507,0,2120.0,1007,3280
507,508,0,478.0,1008,3100
508,509,0,994.0,1009,2291
509,510,0,1155.0,1010,2999
510,511,0,2026.0,1010,3201
511,512,0,705.0,1013,4051
512,513,0,990.0,1013,3586
513,514,0,935.0,1013,3921
514,515,0,278.0,1017,3502
515,516,0,609.0,1018,4679
516,517,0,1921.0,1018,3381
517,518,0,299.0,1020,3692
518,519,0,425.0,1023,3616
519,520,0,358.0,1023,3105
520,521,0,1264.0,1027,4508
521,522,0,1084.0,1028,3067
522,523,0,482.0,1032,3012
523,524,0,1240.0,1033,2787
524,525,0,644.0,1033,3500
525,526,0,400.0,1033,2380
526,527,0,1465.0,1035,2332
527,528,0,655.0,1039,4332
528,529,0,1032.0,1040,3642
529,530,0,1227.0,1041,2245
530,531,0,1072.0,1041,2301
531,532,0,281.0,1041,3462
532,533,0,1434.0,1042,3684
533,534,0,1598.0,1042,3417
534,535,0,571.0,1044,3948
535,536,0,236.0,1044,2995
536,537,0,497.0,1046,4300
537,538,0,231.0,1048,3450
538,539,0,1960.0,1050,4638
539,540,0,1032.0,1051,3110
540,541,0,245.0,1052,3483
541,542,0,1514.0,1052,3349
542,543,0,1745.0,1053,3172
543,544,0,514.0,1056,3525
544,545,0,1161.0,1057,2103
545,546,0,1161.0,1059,3586
546,547,0,1877.0,1060,3220
547,548,0,1184.0,1062,1922
548,549,0,1625.0,1063,3311
549,550,0,1378.0,1064,3617
550,551,0,422.0,1066,3019
551,552,0,1702.0,1066,3258
552,553,0,958.0,1067,3560
553,554,0,1184.0,1067,3500
554,555,0,979.0,1068,3133
555,556,0,1452.0,1069,3042
556,557,0,1501.0,1071,2192
557,558,0,538.0,1073,3766
558,559,0,1513.0,1073,3437
559,560,0,1292.0,1075,3379
560,561,0,522.0,1075,4460
561,562,0,428.0,1076,3475
562,563,0,1353.0,1077,3866
563,564,0,1070.0,1079,4426
564,565,0,1221.0,1080,3948
565,566,0,354.0,1091,2987
566,567,0,353.0,1092,3229
567,568,0,1797.0,1092,1995
568,569,0,1093.0,1092,1965
569,570,0,2374.0,1097,3078
570,571,0,1375.0,1097,2029
571,572,0,1946.0,1098,2945
572,573,0,1591.0,1099,3539
573,574,0,876.0,1102,3414
574,575,0,352.0,1102,2099
575,576,0,1569.0,1103,3323
576,577,0,1306.0,1104,2893
577,578,0,1132.0,1105,1925
578,579,0,840.0,1105,3014
579,580,0,1543.0,1105,3361
580,581,0,1284.0,1106,1859
581,582,0,367.0,1107,3259
582,583,0,758.0,1108,3293
583,584,0,1609.0,1109,3153
584,585,0,1128.0,1109,3118
585,586,0,1354.0,1110,3191
586,587,0,1212.0,1119,4088
587,588,0,215.0,1120,2998
588,589,0,272.0,1120,4578
589,590,0,1882.0,1122,3488
590,591,0,1003.0,1125,1834
591,592,0,1163.0,1125,4553
592,593,0,1180.0,1127,3038
593,594,0,610.0,1130,2120
594,595,0,941.0,1130,2236
595,596,0,202.0,1132,3179
596,597,0,2088.0,1133,3392
597,598,0,1627.0,1135,3261
598,599,0,2945.0,1136,1890
599,600,0,614.0,1137,2494
600,601,0,282.0,1138,2988
601,602,0,538.0,1138,3988
602,603,0,1381.0,1139,4437
603,604,0,241.0,1140,2894
604,605,0,816.0,1140,3071
605,606,0,2258.0,1141,3224
606,607,0,594.0,1144,2425
607,608,0,1992.0,1147,2961
608,609,0,1727.0,1147,3123
609,610,0,476.0,1147,3092
610,611,0,995.0,1148,4285
611,612,0,1409.0,1151,2920
612,613,0,1070.0,1153,3190
613,614,0,441.0,1157,1793
614,615,0,1165.0,1158,3039
615,616,0,1432.0,1165,2884
616,617,0,756.0,1167,3942
617,618,0,1245.0,1169,3402
618,619,0,954.0,1172,3005
619,620,0,923.0,1172,1922
620,621,0,1273.0,1173,3135
621,622,0,228.0,1176,2986
622,623,0,1536.0,1178,2810
623,624,0,1454.0,1179,1847
624,625,0,1056.0,1182,3188
625,626,0,492.0,1182,3229
626,627,0,1423.0,1186,3049
627,628,0,839.0,1186,4172
628,629,0,1483.0,1187,2947
629,630,0,242.0,1188,3208
630,631,0,335.0,1189,4092
631,632,0,1209.0,1189,2097
632,633,0,933.0,1192,1790
633,634,0,1187.0,1195,2049
634,635,0,404.0,1197,1971
635,636,0,1694.0,1197,2901
636,637,0,301.0,1198,1956
637,638,0,1160.0,1199,3162
638,639,0,1067.0,1200,4075
639,640,0,248.0,1200,2774
640,641,0,1642.0,1201,3084
641,642,0,1397.0,1202,2153
642,643,0,2024.0,1202,2846
643,644,0,407.0,1204,1752
644,645,0,904.0,1204,4151
645,646,0,511.0,1205,1815
646,647,0,896.0,1208,2793
647,648,0,1069.0,1209,3133
648,649,0,1116.0,1210,2743
649,650,0,1648.0,1211,3005
650,651,0,203.0,1211,1741
651,652,0,354.0,1211,3634
652,653,0,242.0,1213,3112
653,654,0,1405.0,1216,2692
654,655,0,705.0,1217,3612
655,656,0,1675.0,1219,2959
656,657,0,964.0,1219,1785
657,658,0,1971.0,1220,4197
658,659,0,1323.0,1220,3198
659,660,0,1128.0,1227,1869
660,661,0,1417.0,1228,3332
661,662,0,503.0,1229,1681
662,663,0,1027.0,1232,2807
663,664,0,1173.0,1235,2858
664,665,0,1938.0,1235,3040
665,666,0,937.0,1238,2766
666,667,0,1163.0,1238,2656
667,668,0,249.0,1240,1790
668,669,0,971.0,1240,1932
669,670,0,1410.0,1240,2130
670,671,0,1130.0,1241,2886
671,672,0,1093.0,1242,2078
672,673,0,1274.0,1243,2731
673,674,0,1025.0,1246,2972
674,675,0,1157.0,1251,2829
675,676,0,1558.0,1251,2919
676,677,0,1424.0,1253,1659
677,678,0,1263.0,1254,2999
678,679,0,2943.0,1257,1742
679,680,0,1646.0,1258,1814
680,681,0,1162.0,1265,2702
681,682,0,1296.0,1267,2010
682,683,0,1445.0,1267,3169
683,684,0,1037.0,1267,2674
684,685,0,210.0,1267,2867
685,686,0,1117.0,1271,3697
686,687,0,2201.0,1271,2764
687,688,0,1828.0,1272,3098
688,689,0,1314.0,1275,2950
689,690,0,1485.0,1277,2617
690,691,0,354.0,1278,3039
691,692,0,784.0,1279,3011
692,693,0,1034.0,1285,2651
693,694,0,2159.0,1286,2904
694,695,0,1109.0,1286,1845
695,696,0,2603.0,1286,2831
696,697,0,267.0,1287,2982
697,698,0,1452.0,1288,3139
698,699,0,642.0,1290,3236
699,700,0,1193.0,1292,1632
700,701,0,861.0,1292,1981
701,702,0,354.0,1298,1737
702,703,0,1502.0,1301,1689
703,704,0,1331.0,1303,2575
704,705,0,411.0,1303,3221
705,706,0,861.0,1304,3007
706,707,0,2091.0,1305,2751
707,708,0,258.0,1306,1711
708,709,0,1092.0,1306,2677
709,710,0,1180.0,1309,2535
710,711,0,1308.0,1309,2706
711,712,0,228.0,1310,1730
712,713,0,762.0,1311,2887
713,714,0,281.0,1311,2822
714,715,0,1453.0,1313,3427
715,716,0,1220.0,1314,2606
716,717,0,306.0,1315,1746
717,718,0,257.0,1316,2837
718,719,0,744.0,1318,1616
719,720,0,1176.0,1318,3251
720,721,0,1024.0,1319,1665
721,722,0,1373.0,1320,2638
722,723,0,987.0,1323,3279
723,724,0,354.0,1323,2457
724,725,0,311.0,1325,2787
725,726,0,226.0,1332,2799
726,727,0,744.0,1332,1939
727,728,0,1167.0,1339,2519
728,729,0,779.0,1339,2719
729,730,0,284.0,1341,1681
730,731,0,1155.0,1342,2751
731,732,0,1631.0,1342,1647
732,733,0,1434.0,1342,1998
733,734,0,1030.0,1343,2655
734,735,0,1903.0,1343,2558
735,736,0,395.0,1345,1792
736,737,0,904.0,1346,4160
737,738,0,1691.0,1351,2140
738,739,0,371.0,1352,1810
739,740,0,1059.0,1352,2423
740,741,0,227.0,1356,2584
741,742,0,936.0,1358,1624
742,743,0,1636.0,1361,2614
743,744,0,3115.0,1361,1589
744,745,0,1229.0,1362,2832
745,746,0,221.0,1362,1515
746,747,0,1002.0,1363,2267
747,748,0,1135.0,1364,1708
748,749,0,420.0,1365,4253
749,750,0,417.0,1366,1501
750,751,0,1952.0,1366,2488
751,752,0,536.0,1366,1733
752,753,0,1128.0,1367,2669
753,754,0,422.0,1368,4158
754,755,0,1493.0,1368,2764
755,756,0,833.0,1368,3222
756,757,0,929.0,1373,1674
757,758,0,591.0,1373,1844
758,759,0,1785.0,1376,2704
759,760,0,1692.0,1376,3024
760,761,0,279.0,1377,1924
761,762,0,792.0,1378,1479
762,763,0,1088.0,1378,2532
763,764,0,977.0,1379,2443
764,765,0,335.0,1382,2400
765,766,0,1048.0,1383,2566
766,767,0,802.0,1386,2597
767,768,0,1701.0,1390,1558
768,769,0,1503.0,1393,2632
769,770,0,921.0,1393,3202
770,771,0,1467.0,1394,4258
771,772,0,1226.0,1395,1862
772,773,0,872.0,1395,2498
773,774,0,273.0,1400,2405
774,775,0,1288.0,1401,3556
775,776,0,1823.0,1402,1523
776,777,0,333.0,1404,2661
777,778,0,982.0,1412,2565
778,779,0,204.0,1412,2675
779,780,0,869.0,1414,2598
780,781,0,2055.0,1417,2481
781,782,0,1318.0,1418,3804
782,783,0,1235.0,1421,1716
783,784,0,1466.0,1422,2402
784,785,0,781.0,1423,2444
785,786,0,453.0,1424,3440
786,787,0,1356.0,1424,2530
787,788,0,1307.0,1425,2731
788,789,0,1020.0,1425,2645
789,790,0,1098.0,1426,1804
790,791,0,886.0,1429,2818
791,792,0,1797.0,1431,2875
792,793,0,1504.0,1432,4173
793,794,0,1305.0,1435,3641
794,795,0,501.0,1436,1633
795,796,0,1276.0,1438,3464
796,797,0,390.0,1438,1831
797,798,0,202.0,1438,2388
798,799,0,233.0,1439,3021
799,800,0,961.0,1439,2563
800,801,0,1085.0,1441,2365
801,802,0,1516.0,1442,2613
802,803,0,327.0,1442,3008
803,804,0,637.0,1444,2435
804,805,0,574.0,1444,2785
805,806,0,3382.0,1445,1527
806,807,0,1562.0,1448,3957
807,808,0,1177.0,1453,2470
808,809,0,1213.0,1453,2839
809,810,0,898.0,1453,2512
810,811,0,997.0,1456,3926
811,812,0,364.0,1457,4112
812,813,0,1799.0,1457,3417
813,814,0,429.0,1458,2336
814,815,0,700.0,1459,1633
815,816,0,279.0,1459,3443
816,817,0,1033.0,1461,2586
817,818,0,315.0,1462,2373
818,819,0,243.0,1463,2353
819,820,0,458.0,1464,2532
820,821,0,357.0,1464,1657
821,822,0,395.0,1466,1560
822,823,0,218.0,1466,2408
823,824,0,869.0,1467,2426
824,825,0,1344.0,1467,2654
825,826,0,254.0,1471,4103
826,827,0,1148.0,1472,2556
827,828,0,223.0,1474,2396
828,829,0,2072.0,1474,2084
829,830,0,1697.0,1476,4054
830,831,0,336.0,1476,2381
831,832,0,1661.0,1480,4125
832,833,0,238.0,1482,2503
833,834,0,3038.0,1483,1473
834,835,0,1623.0,1486,2450
835,836,0,989.0,1487,2156
836,837,0,1285.0,1491,2314
837,838,0,1158.0,1492,2527
838,839,0,1067.0,1493,3593
839,840,0,826.0,1496,2256
840,841,0,1292.0,1496,2488
841,842,0,899.0,1497,1552
842,843,0,411.0,1497,1658
843,844,0,1293.0,1498,2365
844,845,0,1206.0,1499,2408
845,846,0,634.0,1501,2565
846,847,0,1353.0,1503,3324
847,848,0,209.0,1504,2337
848,849,0,1976.0,1507,3246
849,850,0,759.0,1508,1641
850,851,0,1138.0,1512,3396
851,852,0,1347.0,1513,2288
852,853,0,1778.0,1518,1582
853,854,0,2044.0,1519,1436
854,855,0,976.0,1525,2437
855,856,0,942.0,1525,2404
856,857,0,1187.0,1527,2698
857,858,0,897.0,1528,2331
858,859,0,1657.0,1529,1722
859,860,0,1308.0,1529,2468
860,861,0,215.0,1530,2267
861,862,0,1428.0,1533,2234
862,863,0,1184.0,1533,2134
863,864,0,1172.0,1535,2499
864,865,0,1050.0,1537,3035
865,866,0,470.0,1537,1488
866,867,0,2001.0,1541,2369
867,868,0,885.0,1542,2299
868,869,0,1463.0,1545,2025
869,870,0,204.0,1547,2339
870,871,0,1180.0,1549,3083
871,872,0,1709.0,1553,1411
872,873,0,298.0,1556,1836
873,874,0,1395.0,1557,2407
874,875,0,2032.0,1560,2195
875,876,0,1319.0,1560,2447
876,877,0,1480.0,1564,1489
877,878,0,922.0,1567,2299
878,879,0,683.0,1571,1739
879,880,0,1126.0,1571,1368
880,881,0,796.0,1571,2273
881,882,0,1138.0,1575,1850
882,883,0,1218.0,1576,2336
883,884,0,1818.0,1579,2243
884,885,0,1393.0,1580,3649
885,886,0,1071.0,1583,2370
886,887,0,249.0,1586,1350
887,888,0,796.0,1588,2402
888,889,0,1218.0,1590,1402
889,890,0,451.0,1590,4102
890,891,0,225.0,1595,1538
891,892,0,1088.0,1597,2313
892,893,0,1081.0,1601,1633
893,894,0,230.0,1604,1523
894,895,0,973.0,1605,3445
895,896,0,1810.0,1605,4143
896,897,0,1261.0,1606,2216
897,898,0,1083.0,1606,3937
898,899,0,202.0,1609,1536
899,900,0,1093.0,1609,2125
900,901,0,1078.0,1610,3248
901,902,0,1648.0,1613,1438
902,903,0,1798.0,1614,2284
903,904,0,1173.0,1615,2348
904,905,0,2342.0,1616,1333
905,906,0,1373.0,1616,2414
906,907,0,1586.0,1616,1499
907,908,0,861.0,1618,2378
908,909,0,3079.0,1619,2177
909,910,0,1769.0,1623,3742
910,911,0,1775.0,1625,2056
911,912,0,293.0,1628,2245
912,913,0,1116.0,1628,2882
913,914,0,256.0,1630,1301
914,915,0,829.0,1632,2138
915,916,0,629.0,1634,2213
916,917,0,1565.0,1638,1707
917,918,0,347.0,1639,1254
918,919,0,1273.0,1641,2443
919,920,0,1054.0,1641,1459
920,921,0,1348.0,1642,2102
921,922,0,1170.0,1647,2323
922,923,0,224.0,1648,1277
923,924,0,928.0,1650,2902
924,925,0,1015.0,1651,1297
925,926,0,1581.0,1652,2240
926,927,0,1697.0,1653,2287
927,928,0,404.0,1655,2869
928,929,0,1142.0,1655,2934
929,930,0,325.0,1659,2202
930,931,0,1074.0,1660,1228
931,932,0,2475.0,1664,3240
932,933,0,742.0,1665,2118
933,934,0,343.0,1668,3836
934,935,0,809.0,1669,2685
935,936,0,1302.0,1672,1638
936,937,0,1279.0,1673,2188
937,938,0,2053.0,1673,2075
938,939,0,1043.0,1677,1411
939,940,0,250.0,1677,1489
940,941,0,322.0,1680,2704
941,942,0,205.0,1683,1204
942,943,0,420.0,1683,3857
943,944,0,1276.0,1684,2150
944,945,0,1515.0,1684,2258
945,946,0,424.0,1687,2410
946,947,0,1375.0,1688,2762
947,948,0,1365.0,1688,3908
948,949,0,270.0,1689,1489
949,950,0,276.0,1691,2005
950,951,0,2768.0,1694,1251
951,952,0,1229.0,1695,1319
952,953,0,1583.0,1695,2038
953,954,0,1589.0,1696,2220
954,955,0,619.0,1698,1196
955,956,0,1163.0,1707,2178
956,957,0,2144.0,1708,2130
957,958,0,1264.0,1710,3098
958,959,0,2825.0,1714,1360
959,960,0,1402.0,1714,1825
960,961,0,1574.0,1715,2087
961,962,0,428.0,1716,3184
962,963,0,1083.0,1722,2776
963,964,0,1824.0,1726,2012
964,965,0,1158.0,1727,2327
965,966,0,1399.0,1729,1945
966,967,0,1208.0,1730,2203
967,968,0,1286.0,1734,1870
968,969,0,1585.0,1734,1225
969,970,0,1146.0,1734,1396
970,971,0,1088.0,1738,1284
971,972,0,1518.0,1746,2071
972,973,0,1509.0,1748,2160
973,974,0,1319.0,1749,2110
974,975,0,733.0,1750,2634
975,976,0,1747.0,1754,1194
976,977,0,677.0,1754,1992
977,978,0,1338.0,1756,2042
978,979,0,1193.0,1757,3668
979,980,0,435.0,1760,4000
980,981,0,1789.0,1767,1955
981,982,0,1272.0,1770,3387
982,983,0,250.0,1772,1991
983,984,0,1357.0,1774,1921
984,985,0,429.0,1775,2174
985,986,0,588.0,1777,1230
986,987,0,808.0,1779,3065
987,988,0,343.0,1781,4015
988,989,0,1218.0,1781,2023
989,990,0,1669.0,1781,2125
990,991,0,637.0,1782,1207
991,992,0,230.0,1784,1990
992,993,0,504.0,1785,1153
993,994,0,411.0,1785,3347
994,995,0,1341.0,1789,2063
995,996,0,305.0,1793,1239
996,997,0,2366.0,1797,3222
997,998,0,1300.0,1800,3763
998,999,0,680.0,1801,1605
999,1000,0,925.0,1801,1189
1000,1001,0,352.0,1803,2585
1001,1002,0,1208.0,1804,1873
1002,1003,0,895.0,1804,1950
1003,1004,0,1077.0,1805,1980
1004,1005,0,1261.0,1806,2505
1005,1006,0,1234.0,1806,2103
1006,1007,0,1220.0,1807,2294
1007,1008,0,1010.0,1808,1133
1008,1009,0,1187.0,1811,3563
1009,1010,0,1236.0,1812,3407
1010,1011,0,524.0,1812,3963
1011,1012,0,2020.0,1815,2609
1012,1013,0,772.0,1816,2077
1013,1014,0,1553.0,1817,2016
1014,1015,0,1305.0,1820,1904
1015,1016,0,883.0,1825,1853
1016,1017,0,719.0,1827,1546
1017,1018,0,995.0,1828,2056
1018,1019,0,1997.0,1828,3870
1019,1020,0,243.0,1830,3560
1020,1021,0,690.0,1836,1800
1021,1022,0,2044.0,1840,1099
1022,1023,0,1690.0,1840,1942
1023,1024,0,1431.0,1848,1989
1024,1025,0,997.0,1849,3261
1025,1026,0,1189.0,1851,2584
1026,1027,0,896.0,1852,2367
1027,1028,0,864.0,1853,1866
1028,1029,0,1554.0,1854,1905
1029,1030,0,1316.0,1855,2079
1030,1031,0,1187.0,1856,1837
1031,1032,0,267.0,1856,2050
1032,1033,0,1084.0,1856,1565
1033,1034,0,1160.0,1857,3602
1034,1035,0,1263.0,1859,1200
1035,1036,0,210.0,1859,1959
1036,1037,0,1082.0,1863,1069
1037,1038,0,1095.0,1871,3078
1038,1039,0,247.0,1874,1942
1039,1040,0,1447.0,1875,2018
1040,1041,0,1279.0,1878,2183
1041,1042,0,1182.0,1883,1888
1042,1043,0,240.0,1884,3489
1043,1044,0,1397.0,1884,2059
1044,1045,0,658.0,1888,3678
1045,1046,0,846.0,1891,1846
1046,1047,0,343.0,1891,3652
1047,1048,0,1142.0,1893,1924
1048,1049,0,1457.0,1896,3134
1049,1050,0,1470.0,1899,1961
1050,1051,0,1565.0,1902,1047
1051,1052,0,1072.0,1902,2002
1052,1053,0,494.0,1903,1104
1053,1054,0,1049.0,1905,1870
1054,1055,0,324.0,1906,3701
1055,1056,0,276.0,1910,1910
1056,1057,0,2291.0,1912,1799
1057,1058,0,1230.0,1914,2460
1058,1059,0,254.0,1918,3417
1059,1060,0,1198.0,1919,2936
1060,1061,0,217.0,1919,3398
1061,1062,0,559.0,1920,2093
1062,1063,0,784.0,1927,2011
1063,1064,0,1099.0,1927,1844
1064,1065,0,1415.0,1928,2218
1065,1066,0,1234.0,1928,3091
1066,1067,0,665.0,1929,1127
1067,1068,0,1018.0,1930,2640
1068,1069,0,364.0,1931,3116
1069,1070,0,412.0,1931,2967
1070,1071,0,397.0,1933,3410
1071,1072,0,1192.0,1935,1917
1072,1073,0,485.0,1935,1758
1073,1074,0,1254.0,1936,1884
1074,1075,0,1644.0,1937,1957
1075,1076,0,1151.0,1937,1032
1076,1077,0,560.0,1941,1662
1077,1078,0,204.0,1941,2912
1078,1079,0,1143.0,1941,1990
1079,1080,0,2169.0,1944,2256
1080,1081,0,1043.0,1944,2461
1081,1082,0,998.0,1946,1739
1082,1083,0,510.0,1947,2892
1083,1084,0,885.0,1948,3264
1084,1085,0,926.0,1952,3708
1085,1086,0,364.0,1952,2916
1086,1087,0,1399.0,1955,3852
1087,1088,0,217.0,1955,1930
1088,1089,0,1309.0,1956,1116
1089,1090,0,1259.0,1960,1503
1090,1091,0,1831.0,1960,1831
1091,1092,0,800.0,1963,3437
1092,1093,0,1272.0,1965,1879
1093,1094,0,1065.0,1970,3563
1094,1095,0,1433.0,1970,3484
1095,1096,0,3485.0,1972,1004
1096,1097,0,1044.0,1973,3533
1097,1098,0,1184.0,1974,3351
1098,1099,0,1077.0,1974,2894
1099,1100,0,293.0,1975,1813
1100,1101,0,531.0,1978,2923
1101,1102,0,1521.0,1979,1729
1102,1103,0,832.0,1982,1061
1103,1104,0,1968.0,1984,1928
1104,1105,0,396.0,1984,1364
1105,1106,0,992.0,1987,1341
1106,1107,0,1267.0,1994,1871
1107,1108,0,1120.0,1999,1784
1108,1109,0,1273.0,2003,3228
1109,1110,0,713.0,2003,966
1110,1111,0,1700.0,2004,1669
1111,1112,0,1220.0,2005,1840
1112,1113,0,868.0,2006,1757
1113,1114,0,1424.0,2015,2041
1114,1115,0,2182.0,2021,1901
1115,1116,0,1314.0,2022,3574
1116,1117,0,1482.0,2024,1083
1117,1118,0,1294.0,2025,1817
1118,1119,0,1264.0,2027,1147
1119,1120,0,1007.0,2031,1738
1120,1121,0,1015.0,2033,1652
1121,1122,0,1247.0,2036,2295
1122,1123,0,1459.0,2037,2606
1123,1124,0,1446.0,2037,1780
1124,1125,0,1255.0,2038,3630
1125,1126,0,1316.0,2040,1857
1126,1127,0,1520.0,2041,1700
1127,1128,0,1372.0,2042,2887
1128,1129,0,319.0,2044,3273
1129,1130,0,832.0,2049,1042
1130,1131,0,272.0,2052,1760
1131,1132,0,567.0,2056,1889
1132,1133,0,1013.0,2056,3523
1133,1134,0,983.0,2057,1070
1134,1135,0,1173.0,2058,1917
1135,1136,0,392.0,2059,3264
1136,1137,0,1160.0,2059,3385
1137,1138,0,1070.0,2060,1661
1138,1139,0,374.0,2063,2357
1139,1140,0,1325.0,2065,1736
1140,1141,0,558.0,2067,1790
1141,1142,0,1167.0,2072,916
1142,1143,0,690.0,2072,1637
1143,1144,0,1246.0,2073,1856
1144,1145,0,1743.0,2074,3113
1145,1146,0,246.0,2074,1676
1146,1147,0,1745.0,2075,1824
1147,1148,0,931.0,2079,3617
1148,1149,0,805.0,2079,1771
1149,1150,0,328.0,2081,3017
1150,1151,0,263.0,2083,3035
1151,1152,0,283.0,2086,1727
1152,1153,0,1755.0,2086,1592
1153,1154,0,1086.0,2089,3084
1154,1155,0,1183.0,2089,1071
1155,1156,0,257.0,2091,1637
1156,1157,0,1036.0,2092,3554
1157,1158,0,351.0,2094,3600
1158,1159,0,279.0,2095,3022
1159,1160,0,1368.0,2099,3274
1160,1161,0,718.0,2100,1698
1161,1162,0,1372.0,2102,2196
1162,1163,0,1435.0,2102,1806
1163,1164,0,1417.0,2105,1759
1164,1165,0,1244.0,2108,1665
1165,1166,0,636.0,2108,2439
1166,1167,0,2392.0,2109,3644
1167,1168,0,1214.0,2110,3181
1168,1169,0,1270.0,2119,2805
1169,1170,0,1171.0,2120,962
1170,1171,0,1021.0,2121,1497
1171,1172,0,1197.0,2122,1719
1172,1173,0,1570.0,2127,1596
1173,1174,0,1282.0,2127,893
1174,1175,0,1167.0,2128,3694
1175,1176,0,948.0,2128,1787
1176,1177,0,1416.0,2132,1633
1177,1178,0,1324.0,2132,2561
1178,1179,0,1314.0,2136,1676
1179,1180,0,1139.0,2137,1087
1180,1181,0,1560.0,2139,1524
1181,1182,0,1107.0,2146,2630
1182,1183,0,201.0,2146,3479
1183,1184,0,975.0,2148,1289
1184,1185,0,972.0,2149,2415
1185,1186,0,1054.0,2152,1714
1186,1187,0,2182.0,2155,1758
1187,1188,0,214.0,2155,1590
1188,1189,0,1757.0,2156,3454
1189,1190,0,723.0,2158,3150
1190,1191,0,1408.0,2164,1044
1191,1192,0,285.0,2166,1633
1192,1193,0,1077.0,2167,1258
1193,1194,0,202.0,2167,1698
1194,1195,0,1185.0,2170,1608
1195,1196,0,1497.0,2171,3026
1196,1197,0,1850.0,2174,1657
1197,1198,0,393.0,2174,3681
1198,1199,0,1233.0,2176,2474
1199,1200,0,433.0,2178,2570
1200,1201,0,276.0,2178,1709
1201,1202,0,960.0,2179,822
1202,1203,0,1174.0,2182,1807
1203,1204,0,1427.0,2186,1737
1204,1205,0,1157.0,2188,924
1205,1206,0,287.0,2189,3669
1206,1207,0,1217.0,2192,1685
1207,1208,0,1051.0,2192,794
1208,1209,0,877.0,2193,1554
1209,1210,0,1395.0,2194,1600
1210,1211,0,1105.0,2195,3430
1211,1212,0,1047.0,2199,3330
1212,1213,0,1323.0,2202,1228
1213,1214,0,635.0,2204,3095
1214,1215,0,235.0,2211,1661
1215,1216,0,1230.0,2211,973
1216,1217,0,1476.0,2217,1716
1217,1218,0,1597.0,2217,851
1218,1219,0,1412.0,2218,1874
1219,1220,0,233.0,2219,3085
1220,1221,0,1574.0,2221,1628
1221,1222,0,1863.0,2223,1577
1222,1223,0,1498.0,2225,3123
1223,1224,0,1280.0,2228,1824
1224,1225,0,453.0,2230,1674
1225,1226,0,1150.0,2232,1180
1226,1227,0,1569.0,2234,1497
1227,1228,0,920.0,2244,3093
1228,1229,0,1261.0,2246,1706
1229,1230,0,1188.0,2248,3288
1230,1231,0,1066.0,2248,1537
1231,1232,0,1153.0,2249,1892
1232,1233,0,1477.0,2252,1436
1233,1234,0,1050.0,2256,755
1234,1235,0,1271.0,2258,1585
1235,1236,0,899.0,2260,2169
1236,1237,0,1239.0,2263,3005
1237,1238,0,1371.0,2264,1622
1238,1239,0,277.0,2266,1457
1239,1240,0,1370.0,2266,894
1240,1241,0,1127.0,2273,1555
1241,1242,0,2396.0,2276,1690
1242,1243,0,516.0,2276,3372
1243,1244,0,950.0,2277,2310
1244,1245,0,1067.0,2278,2891
1245,1246,0,1316.0,2280,3435
1246,1247,0,538.0,2280,1496
1247,1248,0,1225.0,2283,1652
1248,1249,0,1163.0,2292,819
1249,1250,0,2012.0,2294,738
1250,1251,0,1226.0,2296,3151
1251,1252,0,505.0,2297,849
1252,1253,0,1799.0,2297,1603
1253,1254,0,1402.0,2298,1542
1254,1255,0,1403.0,2299,1416
1255,1256,0,839.0,2300,2768
1256,1257,0,2894.0,2307,1472
1257,1258,0,346.0,2307,1657
1258,1259,0,873.0,2312,1745
1259,1260,0,252.0,2316,1440
1260,1261,0,722.0,2318,1631
1261,1262,0,839.0,2320,2627
1262,1263,0,1277.0,2323,2895
1263,1264,0,316.0,2323,1656
1264,1265,0,1443.0,2324,1537
1265,1266,0,1057.0,2333,733
1266,1267,0,954.0,2333,785
1267,1268,0,1511.0,2334,1393
1268,1269,0,355.0,2336,2610
1269,1270,0,1077.0,2336,2713
1270,1271,0,1314.0,2339,1611
1271,1272,0,1261.0,2341,1437
1272,1273,0,1336.0,2343,2968
1273,1274,0,257.0,2344,2891
1274,1275,0,1239.0,2346,3179
1275,1276,0,1043.0,2347,1475
1276,1277,0,363.0,2348,3532
1277,1278,0,433.0,2349,2875
1278,1279,0,305.0,2350,3470
1279,1280,0,1310.0,2351,1512
1280,1281,0,2611.0,2354,1567
1281,1282,0,1065.0,2357,3291
1282,1283,0,366.0,2358,3440
1283,1284,0,1427.0,2361,1364
1284,1285,0,978.0,2362,1728
1285,1286,0,1497.0,2373,3321
1286,1287,0,984.0,2374,2450
1287,1288,0,216.0,2377,1397
1288,1289,0,1348.0,2377,1473
1289,1290,0,1695.0,2378,1429
1290,1291,0,305.0,2380,2497
1291,1292,0,1368.0,2381,770
1292,1293,0,1323.0,2386,1519
1293,1294,0,3790.0,2386,686
1294,1295,0,1287.0,2388,2360
1295,1296,0,1073.0,2395,1357
1296,1297,0,1751.0,2395,1565
1297,1298,0,1154.0,2397,1327
1298,1299,0,1199.0,2400,1247
1299,1300,0,921.0,2406,1466
1300,1301,0,227.0,2406,1431
1301,1302,0,328.0,2406,738
1302,1303,0,1125.0,2411,2497
1303,1304,0,1904.0,2411,1027
1304,1305,0,1391.0,2411,1386
1305,1306,0,1236.0,2417,1115
1306,1307,0,418.0,2419,1554
1307,1308,0,283.0,2419,1425
1308,1309,0,660.0,2420,879
1309,1310,0,293.0,2421,1284
1310,1311,0,2455.0,2422,1515
1311,1312,0,1001.0,2427,2839
1312,1313,0,984.0,2431,1474
1313,1314,0,2009.0,2432,2394
1314,1315,0,1120.0,2433,729
1315,1316,0,396.0,2439,3068
1316,1317,0,245.0,2439,888
1317,1318,0,1085.0,2439,1143
1318,1319,0,1357.0,2440,766
1319,1320,0,421.0,2441,870
1320,1321,0,1218.0,2441,3416
1321,1322,0,1026.0,2442,2333
1322,1323,0,1312.0,2443,1445
1323,1324,0,1552.0,2445,1381
1324,1325,0,2038.0,2446,1316
1325,1326,0,2095.0,2448,649
1326,1327,0,1457.0,2448,1748
1327,1328,0,360.0,2452,2367
1328,1329,0,1936.0,2461,3176
1329,1330,0,334.0,2462,2679
1330,1331,0,1232.0,2462,2785
1331,1332,0,1221.0,2463,1594
1332,1333,0,1356.0,2465,1488
1333,1334,0,729.0,2467,876
1334,1335,0,665.0,2470,929
1335,1336,0,636.0,2470,2633
1336,1337,0,774.0,2471,1887
1337,1338,0,1268.0,2474,1450
1338,1339,0,960.0,2477,3282
1339,1340,0,1428.0,2478,1764
1340,1341,0,705.0,2481,3318
1341,1342,0,2005.0,2482,1280
1342,1343,0,1559.0,2482,1346
1343,1344,0,392.0,2486,1215
1344,1345,0,352.0,2486,3370
1345,1346,0,1312.0,2486,1654
1346,1347,0,1272.0,2489,1185
1347,1348,0,286.0,2493,1383
1348,1349,0,624.0,2497,860
1349,1350,0,1145.0,2497,693
1350,1351,0,258.0,2498,1397
1351,1352,0,1221.0,2498,2625
1352,1353,0,1479.0,2499,1789
1353,1354,0,1429.0,2500,922
1354,1355,0,1798.0,2502,1451
1355,1356,0,1040.0,2503,2877
1356,1357,0,3359.0,2503,621
1357,1358,0,225.0,2503,1234
1358,1359,0,350.0,2508,880
1359,1360,0,1084.0,2511,1319
1360,1361,0,582.0,2512,1214
1361,1362,0,1122.0,2513,1895
1362,1363,0,516.0,2514,2424
1363,1364,0,1490.0,2519,2985
1364,1365,0,1629.0,2521,1374
1365,1366,0,1554.0,2522,2451
1366,1367,0,337.0,2523,1233
1367,1368,0,2039.0,2526,1550
1368,1369,0,1546.0,2527,1277
1369,1370,0,404.0,2528,1985
1370,1371,0,1026.0,2528,855
1371,1372,0,1224.0,2529,3060
1372,1373,0,2453.0,2530,1421
1373,1374,0,1377.0,2531,1505
1374,1375,0,344.0,2534,1907
1375,1376,0,334.0,2536,1453
1376,1377,0,1448.0,2538,1343
1377,1378,0,979.0,2539,3009
1378,1379,0,534.0,2540,1958
1379,1380,0,1402.0,2543,759
1380,1381,0,1593.0,2544,1846
1381,1382,0,233.0,2550,1312
1382,1383,0,211.0,2552,2536
1383,1384,0,1156.0,2553,712
1384,1385,0,1877.0,2553,814
1385,1386,0,846.0,2555,1290
1386,1387,0,532.0,2556,2516
1387,1388,0,500.0,2556,1201
1388,1389,0,1176.0,2557,2721
1389,1390,0,760.0,2562,1462
1390,1391,0,2351.0,2562,586
1391,1392,0,1737.0,2563,1243
1392,1393,0,2246.0,2570,1399
1393,1394,0,647.0,2570,671
1394,1395,0,254.0,2575,1212
1395,1396,0,1600.0,2575,1324
1396,1397,0,833.0,2577,3306
1397,1398,0,1009.0,2578,2781
1398,1399,0,746.0,2579,3064
1399,1400,0,290.0,2579,1278
1400,1401,0,1057.0,2583,857
1401,1402,0,1084.0,2585,2642
1402,1403,0,1322.0,2587,1185
1403,1404,0,1181.0,2588,3197
1404,1405,0,1371.0,2588,628
1405,1406,0,981.0,2589,1373
1406,1407,0,1054.0,2591,2896
1407,1408,0,758.0,2594,3287
1408,1409,0,1133.0,2597,730
1409,1410,0,1187.0,2600,694
1410,1411,0,267.0,2600,2115
1411,1412,0,1466.0,2601,1227
1412,1413,0,541.0,2603,2620
1413,1414,0,562.0,2603,2095
1414,1415,0,1292.0,2605,1263
1415,1416,0,1693.0,2608,1035
1416,1417,0,2175.0,2610,559
1417,1418,0,1196.0,2613,1398
1418,1419,0,1257.0,2614,1294
1419,1420,0,1210.0,2615,3048
1420,1421,0,2684.0,2616,1346
1421,1422,0,715.0,2625,1153
1422,1423,0,226.0,2627,587
1423,1424,0,343.0,2628,1411
1424,1425,0,449.0,2637,3205
1425,1426,0,814.0,2640,3120
1426,1427,0,2380.0,2640,1198
1427,1428,0,936.0,2641,3176
1428,1429,0,1057.0,2641,2143
1429,1430,0,555.0,2642,2642
1430,1431,0,934.0,2643,2944
1431,1432,0,415.0,2645,1876
1432,1433,0,1379.0,2645,1320
1433,1434,0,1252.0,2645,2704
1434,1435,0,402.0,2646,1147
1435,1436,0,2321.0,2648,550
1436,1437,0,1015.0,2654,672
1437,1438,0,619.0,2657,1498
1438,1439,0,2496.0,2658,1267
1439,1440,0,1317.0,2663,2535
1440,1441,0,900.0,2664,2409
1441,1442,0,542.0,2666,2656
1442,1443,0,1160.0,2673,1222
1443,1444,0,1673.0,2674,1323
1444,1445,0,1201.0,2675,712
1445,1446,0,297.0,2676,521
1446,1447,0,2319.0,2679,1138
1447,1448,0,1607.0,2680,2614
1448,1449,0,866.0,2683,542
1449,1450,0,1612.0,2683,1182
1450,1451,0,1238.0,2689,592
1451,1452,0,1185.0,2689,2163
1452,1453,0,1356.0,2695,1267
1453,1454,0,661.0,2695,510
1454,1455,0,316.0,2698,1080
1455,1456,0,444.0,2701,1065
1456,1457,0,1765.0,2702,2996
1457,1458,0,539.0,2703,2714
1458,1459,0,1370.0,2703,1313
1459,1460,0,1576.0,2705,695
1460,1461,0,913.0,2708,1229
1461,1462,0,840.0,2709,2757
1462,1463,0,345.0,2711,558
1463,1464,0,803.0,2713,1190
1464,1465,0,1362.0,2714,2541
1465,1466,0,954.0,2714,535
1466,1467,0,1192.0,2719,2959
1467,1468,0,1176.0,2720,2626
1468,1469,0,1164.0,2720,499
1469,1470,0,1999.0,2720,1119
1470,1471,0,900.0,2728,1912
1471,1472,0,1064.0,2731,644
1472,1473,0,704.0,2733,2096
1473,1474,0,690.0,2733,3106
1474,1475,0,1049.0,2735,566
1475,1476,0,1339.0,2736,2033
1476,1477,0,1418.0,2736,1212
1477,1478,0,1693.0,2736,1261
1478,1479,0,213.0,2740,541
1479,1480,0,634.0,2741,1936
1480,1481,0,703.0,2742,2118
1481,1482,0,868.0,2743,2069
1482,1483,0,490.0,2743,3028
1483,1484,0,978.0,2746,2783
1484,1485,0,1272.0,2746,1298
1485,1486,0,1233.0,2746,2706
1486,1487,0,1282.0,2747,1634
1487,1488,0,689.0,2748,524
1488,1489,0,1185.0,2750,606
1489,1490,0,273.0,2751,656
1490,1491,0,2082.0,2752,485
1491,1492,0,1357.0,2753,2488
1492,1493,0,1330.0,2754,1078
1493,1494,0,213.0,2757,1224
1494,1495,0,2305.0,2758,1159
1495,1496,0,1397.0,2759,1114
1496,1497,0,463.0,2760,2418
1497,1498,0,319.0,2760,2102
1498,1499,0,715.0,2762,2054
1499,1500,0,1004.0,2767,791
1500,1501,0,1285.0,2769,3122
1501,1502,0,1247.0,2771,1204
1502,1503,0,1450.0,2771,2442
1503,1504,0,859.0,2773,1684
1504,1505,0,1425.0,2775,2604
1505,1506,0,900.0,2776,1347
1506,1507,0,638.0,2777,2101
1507,1508,0,761.0,2779,1725
1508,1509,0,2986.0,2783,1258
1509,1510,0,1062.0,2785,510
1510,1511,0,313.0,2787,2011
1511,1512,0,357.0,2788,1453
1512,1513,0,999.0,2789,976
1513,1514,0,1028.0,2790,1427
1514,1515,0,975.0,2797,2412
1515,1516,0,1257.0,2798,1195
1516,1517,0,1598.0,2801,1150
1517,1518,0,1292.0,2802,3039
1518,1519,0,1280.0,2804,857
1519,1520,0,1685.0,2804,1087
1520,1521,0,1176.0,2805,2840
1521,1522,0,603.0,2805,2706
1522,1523,0,1618.0,2806,2363
1523,1524,0,4190.0,2807,466
1524,1525,0,1148.0,2814,715
1525,1526,0,1079.0,2816,554
1526,1527,0,1204.0,2819,1227
1527,1528,0,681.0,2823,3108
1528,1529,0,866.0,2823,2734
1529,1530,0,960.0,2826,2157
1530,1531,0,1534.0,2829,2489
1531,1532,0,840.0,2830,2910
1532,1533,0,1231.0,2831,1172
1533,1534,0,1491.0,2832,1113
1534,1535,0,1161.0,2837,2650
1535,1536,0,934.0,2838,3027
1536,1537,0,1140.0,2839,591
1537,1538,0,1152.0,2842,2553
1538,1539,0,1150.0,2843,1201
1539,1540,0,1171.0,2845,1078
1540,1541,0,1524.0,2846,2372
1541,1542,0,224.0,2848,658
1542,1543,0,1003.0,2849,483
1543,1544,0,1632.0,2850,1022
1544,1545,0,347.0,2851,644
1545,1546,0,422.0,2853,554
1546,1547,0,2255.0,2855,437
1547,1548,0,1244.0,2858,522
1548,1549,0,424.0,2858,1283
1549,1550,0,1354.0,2858,1247
1550,1551,0,390.0,2859,2256
1551,1552,0,228.0,2862,1096
1552,1553,0,789.0,2867,1214
1553,1554,0,629.0,2870,1914
1554,1555,0,578.0,2871,2468
1555,1556,0,965.0,2871,1118
1556,1557,0,1076.0,2871,1057
1557,1558,0,987.0,2875,2863
1558,1559,0,327.0,2877,467
1559,1560,0,1922.0,2882,1185
1560,1561,0,1678.0,2883,1148
1561,1562,0,910.0,2885,2824
1562,1563,0,1493.0,2885,1784
1563,1564,0,473.0,2889,2474
1564,1565,0,969.0,2891,3011
1565,1566,0,1112.0,2899,2562
1566,1567,0,1264.0,2899,1934
1567,1568,0,1462.0,2902,1066
1568,1569,0,722.0,2902,460
1569,1570,0,2595.0,2902,424
1570,1571,0,981.0,2903,1221
1571,1572,0,1306.0,2903,1109
1572,1573,0,204.0,2906,995
1573,1574,0,1557.0,2908,1026
1574,1575,0,234.0,2909,494
1575,1576,0,486.0,2914,1283
1576,1577,0,343.0,2918,2757
1577,1578,0,1221.0,2918,635
1578,1579,0,902.0,2919,974
1579,1580,0,995.0,2928,377
1580,1581,0,1571.0,2929,473
1581,1582,0,1098.0,2930,1105
1582,1583,0,2295.0,2930,1160
1583,1584,0,1086.0,2931,999
1584,1585,0,1296.0,2934,2330
1585,1586,0,1242.0,2934,2285
1586,1587,0,1182.0,2939,420
1587,1588,0,664.0,2943,2588
1588,1589,0,359.0,2948,1194
1589,1590,0,2425.0,2950,1050
1590,1591,0,1098.0,2955,1121
1591,1592,0,515.0,2957,2302
1592,1593,0,1401.0,2959,2949
1593,1594,0,1440.0,2960,998
1594,1595,0,1494.0,2960,2781
1595,1596,0,1168.0,2960,1297
1596,1597,0,683.0,2960,2847
1597,1598,0,305.0,2964,503
1598,1599,0,964.0,2965,451
1599,1600,0,1021.0,2966,1089
1600,1601,0,2450.0,2967,1970
1601,1602,0,1295.0,2970,1159
1602,1603,0,1992.0,2974,1852
1603,1604,0,895.0,2978,2509
1604,1605,0,1617.0,2980,753
1605,1606,0,3415.0,2984,403
1606,1607,0,800.0,2988,2477
1607,1608,0,1409.0,2988,1123
1608,1609,0,1376.0,2989,356
1609,1610,0,1284.0,2992,1064
1610,1611,0,1043.0,2992,1429
1611,1612,0,1384.0,2993,2218
1612,1613,0,871.0,2993,1004
1613,1614,0,852.0,2994,439
1614,1615,0,410.0,3002,1097
1615,1616,0,1275.0,3003,2861
1616,1617,0,864.0,3004,1461
1617,1618,0,533.0,3005,1483
1618,1619,0,822.0,3009,485
1619,1620,0,524.0,3011,512
1620,1621,0,347.0,3013,457
1621,1622,0,656.0,3014,1016
1622,1623,0,1335.0,3016,1136
1623,1624,0,792.0,3022,1085
1624,1625,0,815.0,3022,429
1625,1626,0,342.0,3022,2288
1626,1627,0,1124.0,3025,2669
1627,1628,0,931.0,3027,2265
1628,1629,0,486.0,3027,973
1629,1630,0,1590.0,3029,1052
1630,1631,0,207.0,3034,996
1631,1632,0,830.0,3037,1192
1632,1633,0,1455.0,3037,885
1633,1634,0,611.0,3039,2608
1634,1635,0,233.0,3042,1089
1635,1636,0,223.0,3044,970
1636,1637,0,1257.0,3044,2731
1637,1638,0,276.0,3046,775
1638,1639,0,1169.0,3046,2163
1639,1640,0,2946.0,3046,376
1640,1641,0,1274.0,3047,1480
1641,1642,0,1149.0,3048,2515
1642,1643,0,1032.0,3049,752
1643,1644,0,1381.0,3050,1115
1644,1645,0,381.0,3051,636
1645,1646,0,1282.0,3055,1559
1646,1647,0,324.0,3056,1145
1647,1648,0,1804.0,3057,1025
1648,1649,0,722.0,3057,2704
1649,1650,0,1167.0,3058,414
1650,1651,0,982.0,3060,1213
1651,1652,0,1227.0,3063,1745
1652,1653,0,593.0,3072,2546
1653,1654,0,1085.0,3074,483
1654,1655,0,2006.0,3080,1078
1655,1656,0,969.0,3081,2032
1656,1657,0,788.0,3081,2693
1657,1658,0,1819.0,3083,983
1658,1659,0,1129.0,3084,2568
1659,1660,0,1489.0,3086,455
1660,1661,0,259.0,3087,1049
1661,1662,0,1122.0,3090,2349
1662,1663,0,1148.0,3090,397
1663,1664,0,1615.0,3091,913
1664,1665,0,305.0,3092,1902
1665,1666,0,336.0,3093,1015
1666,1667,0,1369.0,3095,360
1667,1668,0,713.0,3096,431
1668,1669,0,336.0,3100,1038
1669,1670,0,949.0,3106,2535
1670,1671,0,1344.0,3107,2182
1671,1672,0,337.0,3110,969
1672,1673,0,1042.0,3110,2647
1673,1674,0,256.0,3112,1057
1674,1675,0,386.0,3114,2436
1675,1676,0,532.0,3117,404
1676,1677,0,1330.0,3117,2733
1677,1678,0,1785.0,3121,1846
1678,1679,0,389.0,3122,1080
1679,1680,0,508.0,3123,2421
1680,1681,0,332.0,3124,421
1681,1682,0,1915.0,3125,1017
1682,1683,0,239.0,3128,959
1683,1684,0,589.0,3130,2157
1684,1685,0,850.0,3132,386
1685,1686,0,259.0,3132,2373
1686,1687,0,1311.0,3133,584
1687,1688,0,395.0,3134,979
1688,1689,0,2097.0,3135,350
1689,1690,0,2156.0,3136,938
1690,1691,0,968.0,3137,863
1691,1692,0,1448.0,3139,895
1692,1693,0,488.0,3140,2357
1693,1694,0,1328.0,3144,1477
1694,1695,0,1562.0,3147,706
1695,1696,0,1192.0,3153,427
1696,1697,0,1117.0,3154,1209
1697,1698,0,1584.0,3156,1249
1698,1699,0,707.0,3156,1060
1699,1700,0,1211.0,3157,986
1700,1701,0,1586.0,3158,1089
1701,1702,0,763.0,3161,1040
1702,1703,0,1584.0,3162,2709
1703,1704,0,910.0,3162,380
1704,1705,0,299.0,3171,954
1705,1706,0,1079.0,3174,343
1706,1707,0,1426.0,3177,2244
1707,1708,0,1223.0,3180,1781
1708,1709,0,1275.0,3182,1016
1709,1710,0,569.0,3185,370
1710,1711,0,738.0,3193,938
1711,1712,0,1769.0,3195,2132
1712,1713,0,1239.0,3198,2199
1713,1714,0,1112.0,3198,2540
1714,1715,0,1985.0,3199,327
1715,1716,0,1094.0,3200,2099
1716,1717,0,1302.0,3201,803
1717,1718,0,1472.0,3203,976
1718,1719,0,1507.0,3206,908
1719,1720,0,427.0,3206,1066
1720,1721,0,1249.0,3206,1933
1721,1722,0,318.0,3206,879
1722,1723,0,723.0,3206,372
1723,1724,0,1220.0,3210,1751
1724,1725,0,1439.0,3215,1022
1725,1726,0,696.0,3217,947
1726,1727,0,369.0,3219,1081
1727,1728,0,243.0,3221,1062
1728,1729,0,366.0,3222,2479
1729,1730,0,396.0,3223,2566
1730,1731,0,232.0,3228,1004
1731,1732,0,1344.0,3232,2456
1732,1733,0,1515.0,3233,320
1733,1734,0,460.0,3234,2549
1734,1735,0,583.0,3236,367
1735,1736,0,226.0,3238,942
1736,1737,0,299.0,3239,1002
1737,1738,0,1421.0,3240,878
1738,1739,0,1090.0,3244,2327
1739,1740,0,1548.0,3246,1057
1740,1741,0,1188.0,3249,1955
1741,1742,0,1251.0,3249,399
1742,1743,0,1216.0,3251,2612
1743,1744,0,1176.0,3252,985
1744,1745,0,497.0,3253,919
1745,1746,0,201.0,3256,932
1746,1747,0,1544.0,3260,2707
1747,1748,0,736.0,3264,1018
1748,1749,0,799.0,3270,2319
1749,1750,0,3765.0,3271,329
1750,1751,0,1427.0,3272,959
1751,1752,0,1322.0,3273,895
1752,1753,0,1170.0,3277,1518
1753,1754,0,1363.0,3277,1652
1754,1755,0,546.0,3278,1605
1755,1756,0,1931.0,3279,2466
1756,1757,0,1841.0,3279,858
1757,1758,0,1145.0,3280,582
1758,1759,0,607.0,3281,2022
1759,1760,0,493.0,3282,761
1760,1761,0,1472.0,3283,1045
1761,1762,0,1022.0,3290,1277
1762,1763,0,2078.0,3293,2243
1763,1764,0,1179.0,3296,381
1764,1765,0,652.0,3298,294
1765,1766,0,580.0,3298,2381
1766,1767,0,581.0,3300,1859
1767,1768,0,382.0,3301,2404
1768,1769,0,709.0,3301,425
1769,1770,0,1397.0,3302,1005
1770,1771,0,1125.0,3305,1458
1771,1772,0,1562.0,3307,918
1772,1773,0,436.0,3309,2150
1773,1774,0,938.0,3309,2121
1774,1775,0,1042.0,3309,2022
1775,1776,0,1797.0,3309,1570
1776,1777,0,710.0,3310,844
1777,1778,0,1237.0,3311,2058
1778,1779,0,1948.0,3321,961
1779,1780,0,559.0,3323,1974
1780,1781,0,1391.0,3324,2188
1781,1782,0,528.0,3328,2134
1782,1783,0,1347.0,3329,887
1783,1784,0,1031.0,3329,381
1784,1785,0,3067.0,3334,313
1785,1786,0,852.0,3334,1010
1786,1787,0,569.0,3336,2430
1787,1788,0,297.0,3339,2067
1788,1789,0,864.0,3342,1847
1789,1790,0,1381.0,3349,2488
1790,1791,0,315.0,3350,2189
1791,1792,0,1320.0,3351,862
1792,1793,0,1265.0,3352,941
1793,1794,0,394.0,3353,2070
1794,1795,0,1652.0,3360,982
1795,1796,0,1045.0,3361,901
1796,1797,0,385.0,3362,1203
1797,1798,0,1171.0,3362,1955
1798,1799,0,1139.0,3365,388
1799,1800,0,1389.0,3366,793
1800,1801,0,1027.0,3367,2409
1801,1802,0,403.0,3368,1649
1802,1803,0,1773.0,3368,280
1803,1804,0,1165.0,3370,2028
1804,1805,0,1011.0,3372,1856
1805,1806,0,1194.0,3375,1081
1806,1807,0,1663.0,3378,1723
1807,1808,0,813.0,3379,2078
1808,1809,0,1089.0,3383,2107
1809,1810,0,844.0,3383,946
1810,1811,0,910.0,3390,897
1811,1812,0,1398.0,3393,825
1812,1813,0,705.0,3395,2231
1813,1814,0,661.0,3397,285
1814,1815,0,1328.0,3400,1582
1815,1816,0,1404.0,3402,973
1816,1817,0,393.0,3403,856
1817,1818,0,437.0,3403,1752
1818,1819,0,453.0,3409,1778
1819,1820,0,1447.0,3410,343
1820,1821,0,1503.0,3412,920
1821,1822,0,645.0,3423,779
1822,1823,0,1142.0,3425,806
1823,1824,0,575.0,3425,2183
1824,1825,0,439.0,3429,2207
1825,1826,0,1441.0,3430,2270
1826,1827,0,1588.0,3431,843
1827,1828,0,1469.0,3435,1393
1828,1829,0,968.0,3436,1080
1829,1830,0,1252.0,3437,1237
1830,1831,0,1651.0,3438,969
1831,1832,0,1001.0,3439,505
1832,1833,0,1127.0,3439,373
1833,1834,0,1796.0,3439,893
1834,1835,0,426.0,3440,401
1835,1836,0,4115.0,3443,262
1836,1837,0,1167.0,3444,549
1837,1838,0,1205.0,3455,1843
1838,1839,0,1627.0,3461,765
1839,1840,0,1205.0,3465,2326
1840,1841,0,766.0,3469,2513
1841,1842,0,1291.0,3471,887
1842,1843,0,882.0,3478,843
1843,1844,0,1533.0,3479,1680
1844,1845,0,1182.0,3482,2134
1845,1846,0,1023.0,3482,2357
1846,1847,0,375.0,3483,2105
1847,1848,0,1231.0,3485,1879
1848,1849,0,1801.0,3487,806
1849,1850,0,1025.0,3489,1830
1850,1851,0,737.0,3491,260
1851,1852,0,1025.0,3491,2457
1852,1853,0,1815.0,3494,950
1853,1854,0,1486.0,3495,916
1854,1855,0,1163.0,3495,337
1855,1856,0,527.0,3498,2212
1856,1857,0,1236.0,3500,866
1857,1858,0,1709.0,3503,289
1858,1859,0,880.0,3506,737
1859,1860,0,235.0,3510,724
1860,1861,0,276.0,3511,840
1861,1862,0,540.0,3513,1947
1862,1863,0,278.0,3516,800
1863,1864,0,450.0,3519,904
1864,1865,0,1214.0,3521,1672
1865,1866,0,1288.0,3523,1294
1866,1867,0,1520.0,3526,763
1867,1868,0,2309.0,3529,242
1868,1869,0,1263.0,3531,868
1869,1870,0,407.0,3532,1961
1870,1871,0,1022.0,3538,343
1871,1872,0,1053.0,3539,1872
1872,1873,0,1295.0,3543,791
1873,1874,0,1002.0,3545,1842
1874,1875,0,245.0,3547,733
1875,1876,0,1182.0,3548,1631
1876,1877,0,1361.0,3550,305
1877,1878,0,1533.0,3550,924
1878,1879,0,208.0,3551,1607
1879,1880,0,512.0,3553,1890
1880,1881,0,1279.0,3555,1776
1881,1882,0,1514.0,3556,1056
1882,1883,0,1237.0,3556,2436
1883,1884,0,1301.0,3557,879
1884,1885,0,996.0,3558,371
1885,1886,0,654.0,3561,1448
1886,1887,0,1113.0,3567,231
1887,1888,0,1179.0,3570,404
1888,1889,0,1241.0,3570,1371
1889,1890,0,1714.0,3573,759
1890,1891,0,1225.0,3573,1585
1891,1892,0,1713.0,3577,821
1892,1893,0,1232.0,3578,1814
1893,1894,0,1637.0,3579,338
1894,1895,0,4058.0,3582,2302
1895,1896,0,1574.0,3586,885
1896,1897,0,254.0,3586,916
1897,1898,0,714.0,3593,221
1898,1899,0,1603.0,3593,700
1899,1900,0,689.0,3593,1901
1900,1901,0,248.0,3596,743
1901,1902,0,1225.0,3603,793
1902,1903,0,1034.0,3603,421
1903,1904,0,1326.0,3607,841
1904,1905,0,1192.0,3608,1728
1905,1906,0,1246.0,3610,2212
1906,1907,0,874.0,3612,753
1907,1908,0,1000.0,3613,886
1908,1909,0,1562.0,3614,954
1909,1910,0,1034.0,3617,280
1910,1911,0,1383.0,3617,1860
1911,1912,0,533.0,3620,2334
1912,1913,0,230.0,3621,814
1913,1914,0,1222.0,3628,2075
1914,1915,0,1987.0,3628,224
1915,1916,0,737.0,3629,785
1916,1917,0,1229.0,3637,753
1917,1918,0,303.0,3638,1892
1918,1919,0,1343.0,3638,1929
1919,1920,0,2008.0,3640,868
1920,1921,0,303.0,3641,1877
1921,1922,0,1344.0,3647,304
1922,1923,0,2006.0,3652,2263
1923,1924,0,1239.0,3652,1432
1924,1925,0,331.0,3654,205
1925,1926,0,425.0,3656,1837
1926,1927,0,1194.0,3659,1978
1927,1928,0,932.0,3659,785
1928,1929,0,262.0,3663,688
1929,1930,0,807.0,3664,944
1930,1931,0,857.0,3668,825
1931,1932,0,834.0,3668,976
1932,1933,0,1407.0,3675,396
1933,1934,0,1346.0,3675,858
1934,1935,0,322.0,3676,1827
1935,1936,0,225.0,3677,807
1936,1937,0,2081.0,3678,1595
1937,1938,0,1235.0,3681,673
1938,1939,0,1436.0,3682,2014
1939,1940,0,1365.0,3685,777
1940,1941,0,1361.0,3688,735
1941,1942,0,1654.0,3691,200
1942,1943,0,1094.0,3691,1524
1943,1944,0,1277.0,3691,294
1944,1945,0,283.0,3699,361
1945,1946,0,319.0,3699,1550
1946,1947,0,1080.0,3699,834
1947,1948,0,310.0,3699,347
1948,1949,0,272.0,3702,811
1949,1950,0,1357.0,3705,703
1950,1951,0,1469.0,3711,635
1951,1952,0,885.0,3712,665
1952,1953,0,1308.0,3715,762
1953,1954,0,208.0,3719,812
1954,1955,0,956.0,3720,279
1955,1956,0,284.0,3727,188
1956,1957,0,708.0,3733,1684
1957,1958,0,1299.0,3734,831
1958,1959,0,1135.0,3736,678
1959,1960,0,1045.0,3741,2098
1960,1961,0,1088.0,3742,776
1961,1962,0,1248.0,3743,919
1962,1963,0,266.0,3743,702
1963,1964,0,215.0,3743,795
1964,1965,0,367.0,3745,1389
1965,1966,0,430.0,3747,1805
1966,1967,0,340.0,3750,807
1967,1968,0,1268.0,3754,238
1968,1969,0,316.0,3758,1375
1969,1970,0,1143.0,3758,747
1970,1971,0,879.0,3760,1429
1971,1972,0,327.0,3763,815
1972,1973,0,523.0,3763,883
1973,1974,0,368.0,3766,868
1974,1975,0,1280.0,3773,1173
1975,1976,0,1654.0,3774,184
1976,1977,0,1202.0,3774,453
1977,1978,0,1830.0,3776,1479
1978,1979,0,1193.0,3776,391
1979,1980,0,1815.0,3776,721
1980,1981,0,785.0,3777,212
1981,1982,0,1540.0,3779,780
1982,1983,0,2630.0,3784,2077
1983,1984,0,380.0,3788,686
1984,1985,0,591.0,3789,656
1985,1986,0,1146.0,3790,1786
1986,1987,0,551.0,3792,831
1987,1988,0,1503.0,3795,2021
1988,1989,0,2441.0,3796,2120
1989,1990,0,1362.0,3799,1102
1990,1991,0,1225.0,3800,804
1991,1992,0,973.0,3801,1689
1992,1993,0,229.0,3803,697
1993,1994,0,404.0,3805,666
1994,1995,0,1151.0,3811,727
1995,1996,0,409.0,3814,376
1996,1997,0,1315.0,3823,898
1997,1998,0,1412.0,3825,780
1998,1999,0,301.0,3826,371
1999,2000,0,1870.0,3827,1703
2000,2001,0,1053.0,3829,324
2001,2002,0,1156.0,3830,644
2002,2003,0,1607.0,3836,1950
2003,2004,0,1364.0,3838,747
2004,2005,0,305.0,3839,1748
2005,2006,0,2456.0,3839,692
2006,2007,0,845.0,3840,288
2007,2008,0,2852.0,3840,2019
2008,2009,0,1766.0,3850,1121
2009,2010,0,1323.0,3850,2058
2010,2011,0,274.0,3857,762
2011,2012,0,909.0,3857,2274
2012,2013,0,805.0,3858,331
2013,2014,0,1460.0,3858,228
2014,2015,0,849.0,3859,1604
2015,2016,0,929.0,3862,1715
2016,2017,0,1127.0,3864,453
2017,2018,0,874.0,3865,2085
2018,2019,0,1542.0,3869,797
2019,2020,0,942.0,3871,700
2020,2021,0,2199.0,3872,161
2021,2022,0,1218.0,3873,2191
2022,2023,0,723.0,3874,536
2023,2024,0,325.0,3879,2266
2024,2025,0,1211.0,3882,1196
2025,2026,0,1544.0,3883,604
2026,2027,0,1169.0,3884,1787
2027,2028,0,346.0,3885,679
2028,2029,0,1625.0,3890,730
2029,2030,0,1336.0,3891,769
2030,2031,0,238.0,3896,676
2031,2032,0,886.0,3905,906
2032,2033,0,1280.0,3905,220
2033,2034,0,408.0,3908,937
2034,2035,0,1276.0,3908,307
2035,2036,0,1009.0,3911,657
2036,2037,0,874.0,3917,2092
2037,2038,0,1476.0,3917,607
2038,2039,0,269.0,3920,160
2039,2040,0,1812.0,3924,699
2040,2041,0,261.0,3927,732
2041,2042,0,1172.0,3930,834
2042,2043,0,1104.0,3935,641
2043,2044,0,274.0,3937,784
2044,2045,0,1094.0,3942,1667
2045,2046,0,924.0,3948,143
2046,2047,0,2628.0,3950,756
2047,2048,0,616.0,3953,1498
2048,2049,0,1042.0,3953,170
2049,2050,0,1373.0,3954,672
2050,2051,0,1351.0,3956,615
2051,2052,0,1578.0,3957,2187
2052,2053,0,653.0,3960,1686
2053,2054,0,1189.0,3963,1870
2054,2055,0,1578.0,3966,579
2055,2056,0,1138.0,3969,216
2056,2057,0,1884.0,3973,1563
2057,2058,0,818.0,3974,645
2058,2059,0,1758.0,3975,713
2059,2060,0,624.0,3985,830
2060,2061,0,201.0,3985,683
2061,2062,0,1327.0,3986,869
2062,2063,0,1106.0,3990,1615
2063,2064,0,961.0,3991,135
2064,2065,0,829.0,3991,1901
2065,2066,0,1182.0,3991,1822
2066,2067,0,1315.0,3996,613
2067,2068,0,1289.0,3997,760
2068,2069,0,1182.0,4001,660
2069,2070,0,1223.0,4002,1667
2070,2071,0,932.0,4004,806
2071,2072,0,841.0,4005,1310
2072,2073,0,1725.0,4006,254
2073,2074,0,1618.0,4011,515
2074,2075,0,1505.0,4013,1916
2075,2076,0,1103.0,4013,1093
2076,2077,0,1869.0,4017,701
2077,2078,0,1209.0,4018,587
2078,2079,0,1224.0,4025,747
2079,2080,0,1624.0,4032,1761
2080,2081,0,410.0,4036,646
2081,2082,0,547.0,4036,1604
2082,2083,0,1181.0,4040,562
2083,2084,0,494.0,4042,1630
2084,2085,0,1224.0,4048,683
2085,2086,0,1414.0,4049,617
2086,2087,0,1171.0,4052,515
2087,2088,0,1304.0,4053,724
2088,2089,0,276.0,4055,1608
2089,2090,0,816.0,4060,587
2090,2091,0,1294.0,4061,2045
2091,2092,0,1168.0,4061,1199
2092,2093,0,1142.0,4063,180
2093,2094,0,1249.0,4068,1131
2094,2095,0,589.0,4069,121
2095,2096,0,1407.0,4073,652
2096,2097,0,1169.0,4079,701
2097,2098,0,1130.0,4079,1991
2098,2099,0,320.0,4082,908
2099,2100,0,1348.0,4082,742
2100,2101,0,265.0,4083,977
2101,2102,0,409.0,4086,992
2102,2103,0,1494.0,4091,619
2103,2104,0,515.0,4093,495
2104,2105,0,1146.0,4094,1935
2105,2106,0,518.0,4095,1163
2106,2107,0,1118.0,4096,2034
2107,2108,0,1203.0,4098,1650
2108,2109,0,1362.0,4098,1786
2109,2110,0,326.0,4098,186
2110,2111,0,1124.0,4099,154
2111,2112,0,1274.0,4101,1731
2112,2113,0,1329.0,4103,1438
2113,2114,0,201.0,4105,2016
2114,2115,0,251.0,4108,740
2115,2116,0,1397.0,4108,123
2116,2117,0,1282.0,4109,1847
2117,2118,0,925.0,4110,658
2118,2119,0,268.0,4110,178
2119,2120,0,1265.0,4111,686
2120,2121,0,1173.0,4114,209
2121,2122,0,1305.0,4119,719
2122,2123,0,1202.0,4121,1676
2123,2124,0,588.0,4122,636
2124,2125,0,442.0,4125,1786
2125,2126,0,2233.0,4130,569
2126,2127,0,955.0,4133,1100
2127,2128,0,270.0,4135,1121
2128,2129,0,895.0,4139,154
2129,2130,0,224.0,4141,625
2130,2131,0,416.0,4142,650
2131,2132,0,236.0,4146,663
2132,2133,0,980.0,4147,475
2133,2134,0,1427.0,4149,688
2134,2135,0,473.0,4150,213
2135,2136,0,1900.0,4153,116
2136,2137,0,837.0,4154,1411
2137,2138,0,234.0,4155,619
2138,2139,0,804.0,4157,1008
2139,2140,0,291.0,4159,636
2140,2141,0,561.0,4162,817
2141,2142,0,1171.0,4169,1519
2142,2143,0,599.0,4169,1600
2143,2144,0,1492.0,4170,560
2144,2145,0,434.0,4171,1496
2145,2146,0,224.0,4171,477
2146,2147,0,1264.0,4171,1570
2147,2148,0,223.0,4173,648
2148,2149,0,1728.0,4178,1877
2149,2150,0,1451.0,4179,607
2150,2151,0,1195.0,4179,1952
2151,2152,0,269.0,4181,1911
2152,2153,0,1061.0,4185,2013
2153,2154,0,1627.0,4186,679
2154,2155,0,1016.0,4194,635
2155,2156,0,1099.0,4198,113
2156,2157,0,1021.0,4208,1614
2157,2158,0,1352.0,4209,562
2158,2159,0,906.0,4211,664
2159,2160,0,886.0,4211,1587
2160,2161,0,802.0,4215,594
2161,2162,0,1422.0,4215,530
2162,2163,0,1250.0,4216,1195
2163,2164,0,1284.0,4223,1345
2164,2165,0,221.0,4224,1546
2165,2166,0,565.0,4224,1712
2166,2167,0,2177.0,4225,884
2167,2168,0,1187.0,4229,635
2168,2169,0,1151.0,4230,1802
2169,2170,0,1465.0,4232,105
2170,2171,0,986.0,4234,508
2171,2172,0,2202.0,4236,428
2172,2173,0,1875.0,4237,363
2173,2174,0,1365.0,4239,674
2174,2175,0,852.0,4240,1152
2175,2176,0,1204.0,4241,1470
2176,2177,0,1256.0,4246,996
2177,2178,0,1200.0,4247,1113
2178,2179,0,1226.0,4248,1946
2179,2180,0,1583.0,4252,600
2180,2181,0,890.0,4259,121
2181,2182,0,1616.0,4263,1504
2182,2183,0,1501.0,4266,1542
2183,2184,0,1180.0,4266,540
2184,2185,0,319.0,4269,657
2185,2186,0,758.0,4272,1395
2186,2187,0,762.0,4275,1429
2187,2188,0,1219.0,4276,463
2188,2189,0,1259.0,4280,1931
2189,2190,0,1226.0,4280,632
2190,2191,0,1451.0,4284,584
2191,2192,0,1534.0,4286,498
2192,2193,0,334.0,4287,734
2193,2194,0,978.0,4288,756
2194,2195,0,683.0,4292,88
2195,2196,0,994.0,4294,273
2196,2197,0,278.0,4299,523
2197,2198,0,1378.0,4301,659
2198,2199,0,1185.0,4303,1574
2199,2200,0,624.0,4307,547
2200,2201,0,912.0,4308,612
2201,2202,0,1035.0,4312,166
2202,2203,0,1490.0,4312,1527
2203,2204,0,659.0,4316,87
2204,2205,0,251.0,4317,1780
2205,2206,0,1086.0,4321,1717
2206,2207,0,1618.0,4323,1802
2207,2208,0,710.0,4325,529
2208,2209,0,713.0,4329,565
2209,2210,0,1039.0,4336,1827
2210,2211,0,1627.0,4338,1388
2211,2212,0,1847.0,4338,630
2212,2213,0,306.0,4341,516
2213,2214,0,237.0,4343,105
2214,2215,0,912.0,4344,1738
2215,2216,0,1198.0,4346,1925
2216,2217,0,989.0,4352,1882
2217,2218,0,1227.0,4353,87
2218,2219,0,1198.0,4354,573
2219,2220,0,1036.0,4354,1550
2220,2221,0,869.0,4358,1950
2221,2222,0,1204.0,4358,1678
2222,2223,0,293.0,4363,167
2223,2224,0,1244.0,4367,536
2224,2225,0,1342.0,4375,603
2225,2226,0,1143.0,4377,1908
2226,2227,0,317.0,4377,131
2227,2228,0,1564.0,4380,642
2228,2229,0,941.0,4381,156
2229,2230,0,717.0,4383,478
2230,2231,0,1184.0,4384,1451
2231,2232,0,1226.0,4391,1661
2232,2233,0,1297.0,4391,572
2233,2234,0,1447.0,4400,507
2234,2235,0,889.0,4400,1538
2235,2236,0,220.0,4403,638
2236,2237,0,1311.0,4403,320
2237,2238,0,1191.0,4403,687
2238,2239,0,1020.0,4406,1902
2239,2240,0,1617.0,4407,87
2240,2241,0,1361.0,4417,472
2241,2242,0,1849.0,4428,573
2242,2243,0,619.0,4433,509
2243,2244,0,1846.0,4434,632
2244,2245,0,1168.0,4437,975
2245,2246,0,479.0,4438,1369
2246,2247,0,507.0,4439,943
2247,2248,0,1092.0,4442,1005
2248,2249,0,836.0,4447,485
2249,2250,0,815.0,4447,1813
2250,2251,0,1579.0,4449,535
2251,2252,0,1525.0,4451,77
2252,2253,0,1055.0,4451,770
2253,2254,0,1246.0,4452,1042
2254,2255,0,1108.0,4459,810
2255,2256,0,1492.0,4460,588
2256,2257,0,581.0,4467,867
2257,2258,0,1034.0,4470,433
2258,2259,0,1129.0,4470,115
2259,2260,0,352.0,4471,897
2260,2261,0,1687.0,4473,1784
2261,2262,0,1340.0,4476,509
2262,2263,0,1056.0,4478,1451
2263,2264,0,418.0,4478,1471
2264,2265,0,2346.0,4483,269
2265,2266,0,2030.0,4485,624
2266,2267,0,737.0,4486,83
2267,2268,0,2144.0,4492,1880
2268,2269,0,1277.0,4492,476
2269,2270,0,1452.0,4501,1650
2270,2271,0,1600.0,4502,578
2271,2272,0,508.0,4505,235
2272,2273,0,337.0,4514,1900
2273,2274,0,354.0,4515,412
2274,2275,0,1256.0,4515,536
2275,2276,0,1086.0,4518,186
2276,2277,0,1263.0,4521,327
2277,2278,0,1859.0,4523,498
2278,2279,0,1582.0,4524,625
2279,2280,0,1241.0,4528,63
2280,2281,0,418.0,4532,1678
2281,2282,0,1350.0,4538,582
2282,2283,0,1080.0,4542,127
2283,2284,0,1171.0,4544,1549
2284,2285,0,1183.0,4547,231
2285,2286,0,564.0,4549,80
2286,2287,0,863.0,4552,1321
2287,2288,0,1576.0,4554,543
2288,2289,0,1467.0,4562,616
2289,2290,0,870.0,4564,514
2290,2291,0,407.0,4567,578
2291,2292,0,278.0,4567,88
2292,2293,0,1102.0,4570,49
2293,2294,0,1154.0,4573,286
2294,2295,0,318.0,4580,590
2295,2296,0,1174.0,4584,238
2296,2297,0,774.0,4585,108
2297,2298,0,385.0,4586,550
2298,2299,0,1210.0,4587,1961
2299,2300,0,1056.0,4587,319
2300,2301,0,965.0,4590,628
2301,2302,0,1195.0,4591,510
2302,2303,0,336.0,4597,49
2303,2304,0,989.0,4597,1227
2304,2305,0,1166.0,4598,1542
2305,2306,0,1205.0,4602,157
2306,2307,0,1509.0,4605,425
2307,2308,0,1320.0,4608,1621
2308,2309,0,2561.0,4609,79
2309,2310,0,1807.0,4611,1936
2310,2311,0,600.0,4615,51
2311,2312,0,1586.0,4615,592
2312,2313,0,1373.0,4624,630
2313,2314,0,2471.0,4624,510
2314,2315,0,688.0,4635,1412
2315,2316,0,918.0,4640,564
2316,2317,0,1264.0,4647,1538
2317,2318,0,1645.0,4650,456
2318,2319,0,987.0,4651,1847
2319,2320,0,1307.0,4654,613
2320,2321,0,265.0,4655,131
2321,2322,0,1122.0,4655,1486
2322,2323,0,1108.0,4660,864
2323,2324,0,805.0,4661,112
2324,2325,0,1160.0,4662,913
2325,2326,0,374.0,4663,496
2326,2327,0,482.0,4666,1142
2327,2328,0,2040.0,4667,567
2328,2329,0,1128.0,4673,1800
2329,2330,0,1065.0,4681,1465
2330,2331,0,1039.0,4682,1848
2331,2332,0,867.0,4685,1603
2332,2333,0,1222.0,4686,1209
2333,2334,0,1172.0,4688,619
2334,2335,0,1098.0,4689,501
2335,2336,0,1057.0,4690,925
2336,2337,0,1594.0,4691,235
2337,2338,0,500.0,4692,1639
2338,2339,0,1216.0,4693,1246
2339,2340,0,1906.0,4698,789
2340,2341,0,1024.0,4698,561
2341,2342,0,1744.0,4705,1557
2342,2343,0,1530.0,4705,452
2343,2344,0,997.0,4708,414
2344,2345,0,1561.0,4711,596
2345,2346,0,1068.0,4715,485
2346,2347,0,527.0,4715,1334
2347,2348,0,1350.0,4721,522
2348,2349,0,448.0,4722,1666
2349,2350,0,249.0,4723,627
2350,2351,0,1157.0,4728,165
2351,2352,0,1136.0,4732,1480
2352,2353,0,1401.0,4735,551
2353,2354,0,1076.0,4737,1850
2354,2355,0,322.0,4744,123
2355,2356,0,1198.0,4745,608
2356,2357,0,832.0,4751,1766
2357,2358,0,1428.0,4753,489
2358,2359,0,1316.0,4756,274
2359,2360,0,391.0,4757,1453
2360,2361,0,967.0,4758,643
2361,2362,0,776.0,4760,1636
2362,2363,0,962.0,4762,1835
2363,2364,0,939.0,4763,567
2364,2365,0,647.0,4763,591
2365,2366,0,716.0,4764,124
2366,2367,0,1433.0,4773,524
2367,2368,0,740.0,4774,461
2368,2369,0,662.0,4775,620
2369,2370,0,1614.0,4779,1494
2370,2371,0,622.0,4785,124
2371,2372,0,1172.0,4787,158
2372,2373,0,249.0,4791,627
2373,2374,0,1389.0,4795,551
2374,2375,0,1519.0,4798,593
2375,2376,0,1189.0,4807,264
2376,2377,0,302.0,4807,516
2377,2378,0,433.0,4810,483
2378,2379,0,1125.0,4810,126
2379,2380,0,354.0,4817,1649
2380,2381,0,219.0,4820,573
2381,2382,0,1264.0,4822,61
2382,2383,0,1195.0,4824,615
2383,2384,0,297.0,4825,472
2384,2385,0,598.0,4825,1742
2385,2386,0,728.0,4829,1614
2386,2387,0,1206.0,4830,508
2387,2388,0,1181.0,4841,730
2388,2389,0,1369.0,4845,581
2389,2390,0,209.0,4849,506
2390,2391,0,1456.0,4851,133
2391,2392,0,1272.0,4852,536
2392,2393,0,1121.0,4852,1557
2393,2394,0,1449.0,4853,475
2394,2395,0,392.0,4854,1095
2395,2396,0,1265.0,4856,1755
2396,2397,0,359.0,4857,66
2397,2398,0,905.0,4863,1424
2398,2399,0,1969.0,4867,610
2399,2400,0,391.0,4868,211
2400,2401,0,1099.0,4872,1313
2401,2402,0,453.0,4873,66
2402,2403,0,1171.0,4874,331
2403,2404,0,922.0,4875,184
2404,2405,0,1386.0,4876,1106
2405,2406,0,1603.0,4877,741
2406,2407,0,1279.0,4879,501
2407,2408,0,979.0,4879,1524
2408,2409,0,852.0,4882,1717
2409,2410,0,1495.0,4885,545
2410,2411,0,936.0,4888,146
2411,2412,0,493.0,4896,1506
2412,2413,0,315.0,4898,1490
2413,2414,0,1344.0,4899,462
2414,2415,0,926.0,4900,575
2415,2416,0,555.0,4901,1803
2416,2417,0,2153.0,4905,618
2417,2418,0,385.0,4912,502
2418,2419,0,1322.0,4914,71
2419,2420,0,433.0,4916,433
2420,2421,0,1299.0,4918,1694
2421,2422,0,2824.0,4921,1836
2422,2423,0,720.0,4925,484
2423,2424,0,1984.0,4933,551
2424,2425,0,1047.0,4944,590
2425,2426,0,295.0,4945,520
2426,2427,0,1215.0,4946,1575
2427,2428,0,1999.0,4949,630
2428,2429,0,1323.0,4949,81
2429,2430,0,1169.0,4950,43
2430,2431,0,362.0,4951,1595
2431,2432,0,1101.0,4953,198
2432,2433,0,1273.0,4956,352
2433,2434,0,294.0,4959,659
2434,2435,0,622.0,4961,1681
2435,2436,0,1047.0,4967,1447
2436,2437,0,951.0,4969,141
2437,2438,0,736.0,4969,511
2438,2439,0,343.0,4972,164
2439,2440,0,1203.0,4974,545
2440,2441,0,1114.0,4974,574
2441,2442,0,1411.0,4977,1847
2442,2443,0,1217.0,4978,1192
2443,2444,0,305.0,4981,1889
2444,2445,0,1183.0,4984,605
2445,2446,0,1844.0,4986,1267
2446,2447,0,647.0,4989,1498
2447,2448,0,1367.0,4989,785
2448,2449,0,1237.0,4991,47
2449,2450,0,1869.0,4991,197
2450,2451,0,1115.0,4993,1472
2451,2452,0,1941.0,4995,91
2452,2453,0,1285.0,4998,520
2453,2454,0,1136.0,5000,1082
2454,2455,0,2323.0,5002,634
2455,2456,0,216.0,5004,1837
2456,2457,0,921.0,5010,572
2457,2458,0,1238.0,5015,1863
2458,2459,0,1267.0,5023,665
2459,2460,0,2092.0,5030,1536
2460,2461,0,349.0,5031,504
2461,2462,0,382.0,5035,1489
2462,2463,0,1158.0,5036,1009
2463,2464,0,1247.0,5037,1834
2464,2465,0,1472.0,5042,566
2465,2466,0,208.0,5043,1499
2466,2467,0,282.0,5049,922
2467,2468,0,1323.0,5051,898
2468,2469,0,1053.0,5055,663
2469,2470,0,2246.0,5055,618
2470,2471,0,235.0,5059,587
2471,2472,0,2120.0,5063,515
2472,2473,0,1324.0,5066,363
2473,2474,0,734.0,5068,88
2474,2475,0,1263.0,5069,1542
2475,2476,0,2198.0,5071,245
2476,2477,0,562.0,5071,198
2477,2478,0,1093.0,5072,63
2478,2479,0,1463.0,5078,677
2479,2480,0,1429.0,5080,824
2480,2481,0,986.0,5082,1946
2481,2482,0,286.0,5084,605
2482,2483,0,1534.0,5085,576
2483,2484,0,394.0,5090,1968
2484,2485,0,1166.0,5102,631
2485,2486,0,950.0,5102,1545
2486,2487,0,1067.0,5105,1031
2487,2488,0,1040.0,5106,1798
2488,2489,0,760.0,5106,669
2489,2490,0,250.0,5106,1056
2490,2491,0,279.0,5107,708
2491,2492,0,1126.0,5116,601
2492,2493,0,2547.0,5121,79
2493,2494,0,791.0,5122,1120
2494,2495,0,1244.0,5129,699
2495,2496,0,1323.0,5129,1527
2496,2497,0,1199.0,5129,653
2497,2498,0,1519.0,5132,565
2498,2499,0,1101.0,5133,1050
2499,2500,0,1611.0,5134,524
2500,2501,0,998.0,5137,1211
2501,2502,0,1163.0,5141,178
2502,2503,0,437.0,5144,1500
2503,2504,0,219.0,5146,616
2504,2505,0,1142.0,5150,593
2505,2506,0,312.0,5152,111
2506,2507,0,2134.0,5153,1947
2507,2508,0,1137.0,5156,279
2508,2509,0,1146.0,5157,1154
2509,2510,0,1424.0,5159,933
2510,2511,0,879.0,5163,2000
2511,2512,0,1609.0,5164,660
2512,2513,0,1785.0,5164,705
2513,2514,0,801.0,5166,1506
2514,2515,0,918.0,5166,78
2515,2516,0,1321.0,5170,1643
2516,2517,0,1109.0,5175,111
2517,2518,0,361.0,5177,1016
2518,2519,0,1245.0,5181,611
2519,2520,0,1023.0,5185,986
2520,2521,0,1848.0,5185,1557
2521,2522,0,988.0,5186,1844
2522,2523,0,1523.0,5186,343
2523,2524,0,1161.0,5192,642
2524,2525,0,1223.0,5192,1905
2525,2526,0,384.0,5194,1470
2526,2527,0,1252.0,5200,681
2527,2528,0,2440.0,5202,424
2528,2529,0,1120.0,5205,2002
2529,2530,0,1258.0,5205,892
2530,2531,0,2530.0,5208,740
2531,2532,0,1618.0,5208,594
2532,2533,0,1466.0,5210,220
2533,2534,0,1488.0,5212,125
2534,2535,0,1136.0,5216,512
2535,2536,0,1342.0,5217,556
2536,2537,0,1017.0,5220,1494
2537,2538,0,1139.0,5227,195
2538,2539,0,1269.0,5231,1748
2539,2540,0,1597.0,5233,686
2540,2541,0,2203.0,5237,1578
2541,2542,0,390.0,5239,644
2542,2543,0,682.0,5241,733
2543,2544,0,1537.0,5245,491
2544,2545,0,939.0,5246,122
2545,2546,0,1381.0,5247,1678
2546,2547,0,951.0,5249,603
2547,2548,0,2659.0,5251,320
2548,2549,0,1027.0,5255,209
2549,2550,0,1055.0,5255,172
2550,2551,0,388.0,5263,773
2551,2552,0,1314.0,5266,630
2552,2553,0,1219.0,5268,712
2553,2554,0,2121.0,5269,937
2554,2555,0,1174.0,5270,677
2555,2556,0,1190.0,5276,1354
2556,2557,0,205.0,5278,738
2557,2558,0,723.0,5278,113
2558,2559,0,567.0,5284,968
2559,2560,0,305.0,5290,1713
2560,2561,0,337.0,5293,1804
2561,2562,0,378.0,5296,760
2562,2563,0,882.0,5296,2056
2563,2564,0,1214.0,5296,639
2564,2565,0,519.0,5297,697
2565,2566,0,244.0,5299,1731
2566,2567,0,1030.0,5299,202
2567,2568,0,1422.0,5302,730
2568,2569,0,1774.0,5304,1947
2569,2570,0,1407.0,5311,670
2570,2571,0,1165.0,5312,1819
2571,2572,0,1089.0,5312,1474
2572,2573,0,295.0,5313,1734
2573,2574,0,321.0,5318,708
2574,2575,0,1771.0,5318,490
2575,2576,0,1939.0,5324,1370
2576,2577,0,1054.0,5326,856
2577,2578,0,1593.0,5332,1020
2578,2579,0,1239.0,5333,749
2579,2580,0,3163.0,5334,120
2580,2581,0,508.0,5334,257
2581,2582,0,237.0,5337,677
2582,2583,0,235.0,5338,235
2583,2584,0,1401.0,5340,1604
2584,2585,0,1680.0,5340,612
2585,2586,0,261.0,5344,225
2586,2587,0,586.0,5344,838
2587,2588,0,1207.0,5344,646
2588,2589,0,879.0,5347,278
2589,2590,0,915.0,5348,1293
2590,2591,0,1257.0,5352,724
2591,2592,0,574.0,5352,693
2592,2593,0,229.0,5354,678
2593,2594,0,1212.0,5358,539
2594,2595,0,1190.0,5359,2018
2595,2596,0,1267.0,5361,1497
2596,2597,0,1301.0,5363,1097
2597,2598,0,1413.0,5367,778
2598,2599,0,1215.0,5370,822
2599,2600,0,886.0,5371,664
2600,2601,0,1550.0,5379,376
2601,2602,0,1100.0,5382,749
2602,2603,0,1587.0,5382,190
2603,2604,0,1051.0,5389,122
2604,2605,0,1188.0,5392,722
2605,2606,0,701.0,5393,1637
2606,2607,0,1327.0,5394,688
2607,2608,0,1275.0,5395,2022
2608,2609,0,1323.0,5397,261
2609,2610,0,441.0,5398,770
2610,2611,0,1526.0,5398,1320
2611,2612,0,1562.0,5400,1977
2612,2613,0,659.0,5407,100
2613,2614,0,1473.0,5412,655
2614,2615,0,984.0,5413,806
2615,2616,0,406.0,5413,758
2616,2617,0,848.0,5417,1191
2617,2618,0,441.0,5417,127
2618,2619,0,1502.0,5424,1650
2619,2620,0,359.0,5424,1220
2620,2621,0,932.0,5429,736
2621,2622,0,1143.0,5432,231
2622,2623,0,435.0,5434,130
2623,2624,0,664.0,5435,1697
2624,2625,0,1135.0,5435,1133
2625,2626,0,519.0,5437,1757
2626,2627,0,1473.0,5438,876
2627,2628,0,766.0,5438,806
2628,2629,0,1043.0,5440,1256
2629,2630,0,1234.0,5440,692
2630,2631,0,1603.0,5442,768
2631,2632,0,234.0,5448,828
2632,2633,0,1250.0,5453,1580
2633,2634,0,1310.0,5454,651
2634,2635,0,985.0,5456,722
2635,2636,0,1158.0,5456,1463
2636,2637,0,484.0,5458,354
2637,2638,0,999.0,5462,142
2638,2639,0,924.0,5462,805
2639,2640,0,1254.0,5463,1669
2640,2641,0,904.0,5463,220
2641,2642,0,1411.0,5463,326
2642,2643,0,1446.0,5467,1806
2643,2644,0,325.0,5470,1441
2644,2645,0,1310.0,5473,427
2645,2646,0,1288.0,5476,681
2646,2647,0,221.0,5476,597
2647,2648,0,1027.0,5477,246
2648,2649,0,1284.0,5480,776
2649,2650,0,1206.0,5480,1249
2650,2651,0,1232.0,5481,2018
2651,2652,0,1206.0,5485,197
2652,2653,0,296.0,5487,1212
2653,2654,0,1166.0,5491,1390
2654,2655,0,1071.0,5491,613
2655,2656,0,1200.0,5492,149
2656,2657,0,868.0,5493,702
2657,2658,0,846.0,5495,1678
2658,2659,0,236.0,5496,1219
2659,2660,0,2513.0,5496,816
2660,2661,0,267.0,5507,640
2661,2662,0,1462.0,5509,724
2662,2663,0,1298.0,5514,758
2663,2664,0,758.0,5516,1955
2664,2665,0,236.0,5522,1537
2665,2666,0,599.0,5522,513
2666,2667,0,554.0,5524,2001
2667,2668,0,1333.0,5527,1787
2668,2669,0,1330.0,5529,838
2669,2670,0,1351.0,5529,1870
2670,2671,0,295.0,5534,1501
2671,2672,0,1812.0,5536,651
2672,2673,0,1187.0,5536,788
2673,2674,0,362.0,5542,878
2674,2675,0,1054.0,5543,153
2675,2676,0,1163.0,5545,1525
2676,2677,0,272.0,5546,1596
2677,2678,0,1452.0,5547,1433
2678,2679,0,1361.0,5549,698
2679,2680,0,1905.0,5551,1974
2680,2681,0,339.0,5551,1609
2681,2682,0,527.0,5552,325
2682,2683,0,755.0,5553,223
2683,2684,0,1740.0,5554,740
2684,2685,0,850.0,5554,123
2685,2686,0,1004.0,5557,255
2686,2687,0,1992.0,5562,843
2687,2688,0,1054.0,5562,2051
2688,2689,0,438.0,5568,1596
2689,2690,0,1417.0,5573,780
2690,2691,0,305.0,5580,1629
2691,2692,0,442.0,5583,1607
2692,2693,0,796.0,5592,1736
2693,2694,0,1364.0,5594,858
2694,2695,0,1285.0,5596,689
2695,2696,0,1631.0,5596,809
2696,2697,0,1083.0,5596,337
2697,2698,0,404.0,5605,494
2698,2699,0,1195.0,5605,2073
2699,2700,0,1240.0,5607,757
2700,2701,0,828.0,5608,1264
2701,2702,0,333.0,5613,1739
2702,2703,0,570.0,5613,512
2703,2704,0,857.0,5615,723
2704,2705,0,1196.0,5619,453
2705,2706,0,511.0,5624,599
2706,2707,0,1434.0,5626,842
2707,2708,0,999.0,5627,1236
2708,2709,0,838.0,5631,1626
2709,2710,0,1454.0,5632,782
2710,2711,0,1209.0,5634,653
2711,2712,0,1039.0,5635,310
2712,2713,0,850.0,5637,2077
2713,2714,0,1653.0,5639,1814
2714,2715,0,672.0,5643,2103
2715,2716,0,1376.0,5645,1466
2716,2717,0,1209.0,5647,745
2717,2718,0,1336.0,5649,1962
2718,2719,0,1535.0,5651,1582
2719,2720,0,3679.0,5653,182
2720,2721,0,2178.0,5656,874
2721,2722,0,882.0,5659,822
2722,2723,0,1826.0,5663,377
2723,2724,0,1179.0,5668,794
2724,2725,0,492.0,5671,1914
2725,2726,0,272.0,5673,909
2726,2727,0,1389.0,5676,476
2727,2728,0,818.0,5679,444
2728,2729,0,1119.0,5681,1783
2729,2730,0,402.0,5681,854
2730,2731,0,1566.0,5681,281
2731,2732,0,426.0,5682,1715
2732,2733,0,1567.0,5682,725
2733,2734,0,990.0,5692,783
2734,2735,0,1097.0,5694,893
2735,2736,0,580.0,5694,1415
2736,2737,0,682.0,5695,193
2737,2738,0,1076.0,5707,763
2738,2739,0,860.0,5710,1796
2739,2740,0,1399.0,5713,869
2740,2741,0,1917.0,5715,820
2741,2742,0,1091.0,5715,1605
2742,2743,0,1822.0,5718,260
2743,2744,0,1145.0,5719,601
2744,2745,0,524.0,5722,1828
2745,2746,0,812.0,5727,1859
2746,2747,0,1465.0,5728,1762
2747,2748,0,1396.0,5731,299
2748,2749,0,313.0,5735,1878
2749,2750,0,1544.0,5738,2147
2750,2751,0,1441.0,5741,914
2751,2752,0,1306.0,5743,972
2752,2753,0,1107.0,5747,344
2753,2754,0,1538.0,5748,758
2754,2755,0,927.0,5749,1610
2755,2756,0,2086.0,5752,858
2756,2757,0,1065.0,5752,1848
2757,2758,0,1110.0,5754,797
2758,2759,0,1184.0,5755,1091
2759,2760,0,1064.0,5758,2177
2760,2761,0,1390.0,5762,205
2761,2762,0,964.0,5766,1170
2762,2763,0,1115.0,5770,894
2763,2764,0,958.0,5771,828
2764,2765,0,985.0,5777,1775
2765,2766,0,1434.0,5777,930
2766,2767,0,1087.0,5780,1303
2767,2768,0,921.0,5781,350
2768,2769,0,1260.0,5783,158
2769,2770,0,1167.0,5785,2010
2770,2771,0,934.0,5789,2184
2771,2772,0,1553.0,5789,466
2772,2773,0,634.0,5792,1723
2773,2774,0,781.0,5795,1171
2774,2775,0,512.0,5800,821
2775,2776,0,1121.0,5800,1753
2776,2777,0,1032.0,5801,1874
2777,2778,0,1708.0,5804,876
2778,2779,0,1167.0,5805,1387
2779,2780,0,1438.0,5808,943
2780,2781,0,1395.0,5809,1265
2781,2782,0,1307.0,5811,799
2782,2783,0,951.0,5812,1322
2783,2784,0,959.0,5815,903
2784,2785,0,1228.0,5823,306
2785,2786,0,1238.0,5825,2079
2786,2787,0,4653.0,5827,205
2787,2788,0,1031.0,5829,1932
2788,2789,0,1535.0,5829,845
2789,2790,0,1970.0,5835,969
2790,2791,0,1500.0,5839,1178
2791,2792,0,575.0,5841,2187
2792,2793,0,773.0,5842,1010
2793,2794,0,1341.0,5846,811
2794,2795,0,301.0,5848,763
2795,2796,0,1128.0,5851,883
2796,2797,0,1192.0,5852,2211
2797,2798,0,1236.0,5853,349
2798,2799,0,1335.0,5853,240
2799,2800,0,518.0,5857,777
2800,2801,0,211.0,5858,1017
2801,2802,0,1052.0,5858,2132
2802,2803,0,627.0,5860,943
2803,2804,0,227.0,5863,756
2804,2805,0,1217.0,5865,2000
2805,2806,0,1122.0,5867,983
2806,2807,0,1050.0,5869,2108
2807,2808,0,896.0,5871,1658
2808,2809,0,239.0,5871,1015
2809,2810,0,427.0,5872,1696
2810,2811,0,831.0,5872,2323
2811,2812,0,1401.0,5876,906
2812,2813,0,581.0,5878,1884
2813,2814,0,298.0,5879,941
2814,2815,0,789.0,5880,1396
2815,2816,0,991.0,5880,523
2816,2817,0,515.0,5881,305
2817,2818,0,204.0,5883,1499
2818,2819,0,203.0,5884,2016
2819,2820,0,233.0,5885,820
2820,2821,0,1400.0,5886,1439
2821,2822,0,2118.0,5888,862
2822,2823,0,250.0,5889,1008
2823,2824,0,253.0,5891,995
2824,2825,0,487.0,5894,1995
2825,2826,0,346.0,5895,1502
2826,2827,0,2180.0,5899,245
2827,2828,0,453.0,5900,2019
2828,2829,0,949.0,5900,390
2829,2830,0,1639.0,5901,550
2830,2831,0,1221.0,5903,976
2831,2832,0,1525.0,5905,937
2832,2833,0,1233.0,5906,1025
2833,2834,0,422.0,5906,2071
2834,2835,0,1241.0,5915,1838
2835,2836,0,654.0,5916,648
2836,2837,0,493.0,5917,2159
2837,2838,0,953.0,5919,2106
2838,2839,0,440.0,5920,2179
2839,2840,0,341.0,5921,2196
2840,2841,0,391.0,5923,674
2841,2842,0,1155.0,5928,910
2842,2843,0,374.0,5928,1007
2843,2844,0,1077.0,5930,726
2844,2845,0,881.0,5932,1042
2845,2846,0,1723.0,5933,292
2846,2847,0,1164.0,5935,970
2847,2848,0,339.0,5944,946
2848,2849,0,1158.0,5946,2089
2849,2850,0,1452.0,5948,257
2850,2851,0,428.0,5948,892
2851,2852,0,1206.0,5949,1458
2852,2853,0,1329.0,5949,338
2853,2854,0,305.0,5951,2377
2854,2855,0,487.0,5951,227
2855,2856,0,206.0,5951,1124
2856,2857,0,211.0,5953,1104
2857,2858,0,357.0,5954,780
2858,2859,0,1821.0,5954,1075
2859,2860,0,1039.0,5957,1916
2860,2861,0,747.0,5958,846
2861,2862,0,663.0,5958,2165
2862,2863,0,1402.0,5959,990
2863,2864,0,1744.0,5959,580
2864,2865,0,508.0,5960,2342
2865,2866,0,1776.0,5960,495
2866,2867,0,1544.0,5963,1033
2867,2868,0,267.0,5964,1134
2868,2869,0,489.0,5965,1113
2869,2870,0,1485.0,5967,397
2870,2871,0,631.0,5971,2407
2871,2872,0,1362.0,5973,2279
2872,2873,0,881.0,5978,1355
2873,2874,0,974.0,5985,1794
2874,2875,0,756.0,5986,1102
2875,2876,0,1574.0,5988,950
2876,2877,0,591.0,5992,1759
2877,2878,0,1575.0,5994,856
2878,2879,0,317.0,5994,2242
2879,2880,0,1734.0,5995,1018
2880,2881,0,1573.0,5997,1066
2881,2882,0,1080.0,5997,1332
2882,2883,0,1227.0,6000,1926
2883,2884,0,2141.0,6004,249
2884,2885,0,291.0,6007,2255
2885,2886,0,822.0,6010,1225
2886,2887,0,792.0,6014,996
2887,2888,0,1076.0,6015,1108
2888,2889,0,935.0,6016,972
2889,2890,0,643.0,6018,2310
2890,2891,0,1491.0,6026,888
2891,2892,0,1142.0,6032,2066
2892,2893,0,1343.0,6032,1067
2893,2894,0,1317.0,6034,1608
2894,2895,0,448.0,6034,1255
2895,2896,0,1150.0,6034,1023
2896,2897,0,2582.0,6035,628
2897,2898,0,677.0,6035,1232
2898,2899,0,1414.0,6036,1294
2899,2900,0,1055.0,6043,333
2900,2901,0,1098.0,6043,476
2901,2902,0,1229.0,6044,2033
2902,2903,0,922.0,6048,1115
2903,2904,0,1810.0,6049,812
2904,2905,0,1573.0,6052,981
2905,2906,0,397.0,6052,265
2906,2907,0,305.0,6053,380
2907,2908,0,1286.0,6056,1088
2908,2909,0,1342.0,6057,1197
2909,2910,0,2354.0,6058,1142
2910,2911,0,901.0,6058,501
2911,2912,0,321.0,6060,1166
2912,2913,0,1342.0,6061,909
2913,2914,0,990.0,6061,1023
2914,2915,0,1189.0,6063,876
2915,2916,0,1113.0,6073,1054
2916,2917,0,1054.0,6074,2244
2917,2918,0,1464.0,6074,764
2918,2919,0,2318.0,6076,291
2919,2920,0,557.0,6077,2000
2920,2921,0,1022.0,6078,1975
2921,2922,0,293.0,6080,1179
2922,2923,0,1206.0,6081,2065
2923,2924,0,1297.0,6084,2153
2924,2925,0,2062.0,6088,527
2925,2926,0,357.0,6091,1010
2926,2927,0,1105.0,6095,1405
2927,2928,0,1228.0,6097,578
2928,2929,0,236.0,6099,1115
2929,2930,0,1508.0,6099,1495
2930,2931,0,1835.0,6100,1082
2931,2932,0,1493.0,6106,1034
2932,2933,0,390.0,6106,1711
2933,2934,0,1852.0,6107,1163
2934,2935,0,1635.0,6112,1295
2935,2936,0,1167.0,6113,1208
2936,2937,0,1302.0,6115,2176
2937,2938,0,920.0,6115,722
2938,2939,0,2089.0,6117,1912
2939,2940,0,1157.0,6117,352
2940,2941,0,1792.0,6119,427
2941,2942,0,883.0,6123,650
2942,2943,0,1487.0,6126,983
2943,2944,0,1474.0,6131,2048
2944,2945,0,2134.0,6135,1117
2945,2946,0,233.0,6136,1006
2946,2947,0,363.0,6139,2377
2947,2948,0,1593.0,6142,1248
2948,2949,0,1308.0,6144,1162
2949,2950,0,603.0,6144,2112
2950,2951,0,1040.0,6144,1964
2951,2952,0,1487.0,6146,1212
2952,2953,0,1790.0,6148,740
2953,2954,0,626.0,6151,442
2954,2955,0,943.0,6152,672
2955,2956,0,453.0,6152,1787
2956,2957,0,1615.0,6158,921
2957,2958,0,680.0,6160,1011
2958,2959,0,1429.0,6160,376
2959,2960,0,760.0,6161,1810
2960,2961,0,1799.0,6162,1309
2961,2962,0,1344.0,6162,2389
2962,2963,0,1273.0,6167,486
2963,2964,0,301.0,6169,1457
2964,2965,0,1318.0,6172,1941
2965,2966,0,666.0,6172,2146
2966,2967,0,245.0,6173,1035
2967,2968,0,1551.0,6173,1064
2968,2969,0,206.0,6174,1023
2969,2970,0,1432.0,6175,1183
2970,2971,0,2372.0,6180,1260
2971,2972,0,295.0,6180,1465
2972,2973,0,1447.0,6182,2099
2973,2974,0,1083.0,6182,858
2974,2975,0,775.0,6185,1212
2975,2976,0,1208.0,6189,1149
2976,2977,0,1244.0,6190,1112
2977,2978,0,349.0,6194,1635
2978,2979,0,377.0,6196,2381
2979,2980,0,522.0,6197,2458
2980,2981,0,1105.0,6201,518
2981,2982,0,1259.0,6204,825
2982,2983,0,1424.0,6208,727
2983,2984,0,1242.0,6210,2059
2984,2985,0,254.0,6213,1267
2985,2986,0,1580.0,6213,2425
2986,2987,0,1670.0,6216,1299
2987,2988,0,399.0,6217,1249
2988,2989,0,1422.0,6219,1013
2989,2990,0,374.0,6219,2537
2990,2991,0,1900.0,6221,1183
2991,2992,0,2456.0,6225,2505
2992,2993,0,343.0,6225,2123
2993,2994,0,356.0,6227,805
2994,2995,0,1451.0,6227,392
2995,2996,0,205.0,6227,1271
2996,2997,0,260.0,6228,2451
2997,2998,0,1865.0,6228,1133
2998,2999,0,376.0,6232,1358
2999,3000,0,2060.0,6233,2145
3000,3001,0,1001.0,6233,1212
3001,3002,0,819.0,6236,1240
3002,3003,0,1115.0,6236,589
3003,3004,0,1153.0,6237,482
3004,3005,0,1443.0,6241,2234
3005,3006,0,1239.0,6242,643
3006,3007,0,1116.0,6243,1337
3007,3008,0,1203.0,6245,948
3008,3009,0,1113.0,6250,1475
3009,3010,0,1368.0,6251,1302
3010,3011,0,1654.0,6253,760
3011,3012,0,233.0,6254,1359
3012,3013,0,1454.0,6255,1525
3013,3014,0,2310.0,6259,1393
3014,3015,0,573.0,6259,1196
3015,3016,0,763.0,6261,1006
3016,3017,0,278.0,6262,1798
3017,3018,0,1416.0,6265,2277
3018,3019,0,1628.0,6265,2539
3019,3020,0,269.0,6271,1342
3020,3021,0,1618.0,6271,1067
3021,3022,0,1138.0,6284,446
3022,3023,0,1172.0,6284,1366
3023,3024,0,1779.0,6284,1307
3024,3025,0,1816.0,6286,675
3025,3026,0,1627.0,6291,1166
3026,3027,0,1760.0,6292,413
3027,3028,0,3577.0,6294,1244
3028,3029,0,1031.0,6297,777
3029,3030,0,1392.0,6299,1540
3030,3031,0,804.0,6300,2291
3031,3032,0,279.0,6300,1221
3032,3033,0,789.0,6303,2630
3033,3034,0,834.0,6306,1418
3034,3035,0,1057.0,6307,2462
3035,3036,0,1115.0,6309,611
3036,3037,0,632.0,6317,1400
3037,3038,0,850.0,6318,1378
3038,3039,0,1722.0,6319,1462
3039,3040,0,203.0,6321,1433
3040,3041,0,1212.0,6324,2555
3041,3042,0,447.0,6326,857
3042,3043,0,1211.0,6328,767
3043,3044,0,344.0,6328,1330
3044,3045,0,1117.0,6329,2392
3045,3046,0,406.0,6330,1269
3046,3047,0,1320.0,6332,2079
3047,3048,0,326.0,6337,1641
3048,3049,0,1206.0,6339,1305
3049,3050,0,1107.0,6341,653
3050,3051,0,640.0,6342,1416
3051,3052,0,1359.0,6342,1363
3052,3053,0,1615.0,6342,1496
3053,3054,0,1289.0,6346,837
3054,3055,0,305.0,6348,679
3055,3056,0,983.0,6350,2267
3056,3057,0,1429.0,6350,476
3057,3058,0,746.0,6352,1459
3058,3059,0,335.0,6352,1398
3059,3060,0,1777.0,6352,2598
3060,3061,0,1084.0,6353,712
3061,3062,0,1051.0,6361,868
3062,3063,0,1160.0,6362,1525
3063,3064,0,2065.0,6364,1964
3064,3065,0,530.0,6367,2303
3065,3066,0,1292.0,6370,1434
3066,3067,0,897.0,6376,543
3067,3068,0,1245.0,6376,1396
3068,3069,0,460.0,6377,1783
3069,3070,0,1787.0,6378,1354
3070,3071,0,1611.0,6382,1286
3071,3072,0,1472.0,6382,1473
3072,3073,0,1492.0,6385,653
3073,3074,0,423.0,6386,2378
3074,3075,0,1129.0,6395,791
3075,3076,0,2156.0,6398,2627
3076,3077,0,610.0,6402,444
3077,3078,0,1168.0,6404,746
3078,3079,0,769.0,6407,1445
3079,3080,0,289.0,6408,1222
3080,3081,0,478.0,6408,464
3081,3082,0,1064.0,6411,1535
3082,3083,0,1564.0,6411,2400
3083,3084,0,1647.0,6414,1114
3084,3085,0,1011.0,6415,676
3085,3086,0,1801.0,6415,953
3086,3087,0,2525.0,6417,1384
3087,3088,0,401.0,6418,1479
3088,3089,0,908.0,6419,1202
3089,3090,0,795.0,6422,2537
3090,3091,0,1086.0,6423,644
3091,3092,0,339.0,6423,785
3092,3093,0,326.0,6423,1570
3093,3094,0,318.0,6425,758
3094,3095,0,354.0,6428,1550
3095,3096,0,1589.0,6429,1242
3096,3097,0,1200.0,6430,1747
3097,3098,0,1391.0,6436,2159
3098,3099,0,351.0,6437,1518
3099,3100,0,255.0,6438,1559
3100,3101,0,510.0,6438,1280
3101,3102,0,744.0,6438,2323
3102,3103,0,1667.0,6444,1459
3103,3104,0,1140.0,6445,2035
3104,3105,0,2156.0,6446,877
3105,3106,0,1039.0,6447,2296
3106,3107,0,911.0,6451,1500
3107,3108,0,1440.0,6454,1405
3108,3109,0,1572.0,6457,1543
3109,3110,0,1220.0,6458,2095
3110,3111,0,650.0,6460,472
3111,3112,0,350.0,6463,1167
3112,3113,0,383.0,6463,565
3113,3114,0,1006.0,6463,1057
3114,3115,0,1118.0,6463,1240
3115,3116,0,1536.0,6465,1134
3116,3117,0,1567.0,6465,528
3117,3118,0,1021.0,6470,1617
3118,3119,0,247.0,6470,2470
3119,3120,0,303.0,6471,1669
3120,3121,0,2842.0,6474,2715
3121,3122,0,999.0,6475,804
3122,3123,0,288.0,6475,1650
3123,3124,0,398.0,6477,1948
3124,3125,0,1311.0,6478,1427
3125,3126,0,1411.0,6478,1580
3126,3127,0,1636.0,6479,925
3127,3128,0,1017.0,6480,621
3128,3129,0,333.0,6482,2751
3129,3130,0,1613.0,6484,500
3130,3131,0,671.0,6484,555
3131,3132,0,255.0,6488,1658
3132,3133,0,1212.0,6488,1537
3133,3134,0,1505.0,6491,835
3134,3135,0,1453.0,6491,589
3135,3136,0,1658.0,6492,1330
3136,3137,0,1528.0,6492,974
3137,3138,0,1177.0,6492,1274
3138,3139,0,1531.0,6493,1465
3139,3140,0,375.0,6493,2758
3140,3141,0,520.0,6495,2514
3141,3142,0,765.0,6496,1701
3142,3143,0,1148.0,6496,1843
3143,3144,0,1721.0,6501,1011
3144,3145,0,1166.0,6502,1050
3145,3146,0,300.0,6504,934
3146,3147,0,1363.0,6506,1605
3147,3148,0,1189.0,6508,2151
3148,3149,0,1339.0,6508,1637
3149,3150,0,1004.0,6509,1769
3150,3151,0,967.0,6511,1392
3151,3152,0,530.0,6512,2336
3152,3153,0,1357.0,6512,555
3153,3154,0,1293.0,6512,1422
3154,3155,0,1089.0,6513,1566
3155,3156,0,773.0,6513,520
3156,3157,0,819.0,6518,950
3157,3158,0,1164.0,6519,2773
3158,3159,0,1788.0,6522,1668
3159,3160,0,1156.0,6524,887
3160,3161,0,226.0,6526,1757
3161,3162,0,1349.0,6527,732
3162,3163,0,1562.0,6528,1350
3163,3164,0,2027.0,6529,1483
3164,3165,0,308.0,6530,1735
3165,3166,0,1080.0,6535,2349
3166,3167,0,204.0,6536,1692
3167,3168,0,806.0,6538,2541
3168,3169,0,458.0,6540,1703
3169,3170,0,1452.0,6542,1585
3170,3171,0,785.0,6542,972
3171,3172,0,315.0,6547,1728
3172,3173,0,942.0,6547,2440
3173,3174,0,244.0,6550,1779
3174,3175,0,1081.0,6550,1758
3175,3176,0,1545.0,6554,1630
3176,3177,0,710.0,6554,2797
3177,3178,0,2376.0,6555,1055
3178,3179,0,651.0,6555,630
3179,3180,0,1076.0,6557,720
3180,3181,0,1139.0,6559,659
3181,3182,0,256.0,6559,1789
3182,3183,0,854.0,6560,1125
3183,3184,0,280.0,6560,972
3184,3185,0,360.0,6562,1102
3185,3186,0,836.0,6562,2758
3186,3187,0,430.0,6564,1969
3187,3188,0,1653.0,6565,1252
3188,3189,0,1576.0,6567,1707
3189,3190,0,896.0,6567,1392
3190,3191,0,1130.0,6567,2249
3191,3192,0,1237.0,6571,1659
3192,3193,0,1227.0,6573,1812
3193,3194,0,227.0,6574,2276
3194,3195,0,220.0,6575,1834
3195,3196,0,1399.0,6578,1563
3196,3197,0,305.0,6581,2591
3197,3198,0,1587.0,6584,807
3198,3199,0,1201.0,6587,1511
3199,3200,0,2049.0,6588,2443
3200,3201,0,1254.0,6589,1027
3201,3202,0,202.0,6590,1133
3202,3203,0,1096.0,6592,2269
3203,3204,0,1765.0,6596,940
3204,3205,0,1686.0,6600,1717
3205,3206,0,1145.0,6600,1190
3206,3207,0,1343.0,6603,1274
3207,3208,0,1110.0,6604,1791
3208,3209,0,1442.0,6607,1156
3209,3210,0,1000.0,6608,781
3210,3211,0,1542.0,6610,1092
3211,3212,0,1278.0,6612,1674
3212,3213,0,1625.0,6613,1457
3213,3214,0,1107.0,6619,1043
3214,3215,0,973.0,6620,1379
3215,3216,0,1028.0,6620,2471
3216,3217,0,308.0,6621,1568
3217,3218,0,1571.0,6624,2507
3218,3219,0,1711.0,6625,1817
3219,3220,0,1096.0,6626,1951
3220,3221,0,300.0,6627,1399
3221,3222,0,2693.0,6630,1753
3222,3223,0,403.0,6631,1699
3223,3224,0,246.0,6632,1564
3224,3225,0,1576.0,6632,1492
3225,3226,0,1246.0,6640,841
3226,3227,0,873.0,6645,1123
3227,3228,0,1648.0,6646,1627
3228,3229,0,1609.0,6650,2709
3229,3230,0,770.0,6652,1265
3230,3231,0,1767.0,6654,1880
3231,3232,0,1302.0,6661,768
3232,3233,0,1309.0,6663,1398
3233,3234,0,1954.0,6667,1790
3234,3235,0,638.0,6668,2023
3235,3236,0,1116.0,6668,925
3236,3237,0,1239.0,6669,1138
3237,3238,0,230.0,6671,2458
3238,3239,0,1244.0,6673,1235
3239,3240,0,1692.0,6674,706
3240,3241,0,281.0,6674,2444
3241,3242,0,1442.0,6676,1556
3242,3243,0,1303.0,6677,2576
3243,3244,0,241.0,6678,784
3244,3245,0,1368.0,6680,1841
3245,3246,0,1549.0,6683,1710
3246,3247,0,2110.0,6687,670
3247,3248,0,1134.0,6688,1305
3248,3249,0,377.0,6690,1930
3249,3250,0,256.0,6691,2017
3250,3251,0,1103.0,6691,956
3251,3252,0,493.0,6692,2386
3252,3253,0,632.0,6694,1820
3253,3254,0,2515.0,6696,1896
3254,3255,0,349.0,6697,926
3255,3256,0,1010.0,6698,806
3256,3257,0,1346.0,6700,1743
3257,3258,0,1391.0,6701,1607
3258,3259,0,1155.0,6702,1145
3259,3260,0,1089.0,6705,1351
3260,3261,0,947.0,6706,990
3261,3262,0,1777.0,6708,1790
3262,3263,0,242.0,6708,1874
3263,3264,0,1795.0,6711,1265
3264,3265,0,652.0,6712,2390
3265,3266,0,728.0,6717,943
3266,3267,0,798.0,6720,685
3267,3268,0,1590.0,6720,1844
3268,3269,0,780.0,6724,808
3269,3270,0,942.0,6728,2538
3270,3271,0,438.0,6729,2573
3271,3272,0,2036.0,6731,1472
3272,3273,0,1817.0,6738,1674
3273,3274,0,1198.0,6740,714
3274,3275,0,1354.0,6740,1901
3275,3276,0,450.0,6744,2144
3276,3277,0,1013.0,6745,2193
3277,3278,0,999.0,6746,2003
3278,3279,0,446.0,6749,2230
3279,3280,0,1293.0,6750,806
3280,3281,0,1029.0,6754,1187
3281,3282,0,829.0,6755,1593
3282,3283,0,541.0,6757,1616
3283,3284,0,2070.0,6761,1819
3284,3285,0,2157.0,6762,1310
3285,3286,0,1090.0,6763,1241
3286,3287,0,401.0,6765,1699
3287,3288,0,852.0,6765,1059
3288,3289,0,1295.0,6779,1356
3289,3290,0,1782.0,6780,1737
3290,3291,0,2087.0,6785,1882
3291,3292,0,1263.0,6785,2380
3292,3293,0,263.0,6787,1848
3293,3294,0,1839.0,6791,921
3294,3295,0,2346.0,6792,1930
3295,3296,0,209.0,6796,1305
3296,3297,0,273.0,6800,1398
3297,3298,0,2335.0,6804,1803
3298,3299,0,1258.0,6804,1372
3299,3300,0,1615.0,6809,1629
3300,3301,0,1192.0,6810,982
3301,3302,0,1113.0,6811,1151
3302,3303,0,2190.0,6815,1976
3303,3304,0,1616.0,6816,1848
3304,3305,0,1452.0,6820,2243
3305,3306,0,1906.0,6822,1707
3306,3307,0,537.0,6823,1052
3307,3308,0,1238.0,6824,2329
3308,3309,0,1303.0,6825,1181
3309,3310,0,1382.0,6828,832
3310,3311,0,1061.0,6828,1334
3311,3312,0,1273.0,6828,1432
3312,3313,0,254.0,6829,1405
3313,3314,0,489.0,6833,1262
3314,3315,0,1809.0,6835,1016
3315,3316,0,1436.0,6837,2014
3316,3317,0,386.0,6838,1941
3317,3318,0,2157.0,6840,1373
3318,3319,0,467.0,6841,1873
3319,3320,0,339.0,6844,1847
3320,3321,0,1092.0,6846,1135
3321,3322,0,304.0,6847,1157
3322,3323,0,1762.0,6850,1792
3323,3324,0,1038.0,6852,1055
3324,3325,0,208.0,6855,1941
3325,3326,0,279.0,6856,1851
3326,3327,0,300.0,6856,1873
3327,3328,0,1398.0,6857,1638
3328,3329,0,379.0,6861,1955
3329,3330,0,1230.0,6862,1326
3330,3331,0,1197.0,6863,893
3331,3332,0,1257.0,6865,2187
3332,3333,0,293.0,6866,1901
3333,3334,0,395.0,6867,1515
3334,3335,0,473.0,6867,1290
3335,3336,0,2121.0,6870,1983
3336,3337,0,1707.0,6871,2027
3337,3338,0,578.0,6874,1363
3338,3339,0,1115.0,6874,1261
3339,3340,0,1266.0,6877,1036
3340,3341,0,309.0,6879,2055
3341,3342,0,294.0,6882,1904
3342,3343,0,1171.0,6884,1877
3343,3344,0,1606.0,6886,1224
3344,3345,0,1722.0,6886,825
3345,3346,0,503.0,6888,1337
3346,3347,0,1722.0,6895,1937
3347,3348,0,272.0,6896,1631
3348,3349,0,1041.0,6898,1548
3349,3350,0,1634.0,6905,1446
3350,3351,0,1684.0,6906,961
3351,3352,0,359.0,6906,2026
3352,3353,0,238.0,6907,1637
3353,3354,0,897.0,6907,1483
3354,3355,0,1191.0,6909,871
3355,3356,0,1751.0,6916,1980
3356,3357,0,3273.0,6917,1815
3357,3358,0,1996.0,6918,2070
3358,3359,0,1223.0,6926,1402
3359,3360,0,1052.0,6928,1744
3360,3361,0,359.0,6929,1461
3361,3362,0,217.0,6931,1850
3362,3363,0,1739.0,6932,1924
3363,3364,0,713.0,6932,1552
3364,3365,0,805.0,6935,1158
3365,3366,0,1433.0,6938,990
3366,3367,0,1432.0,6943,1877
3367,3368,0,595.0,6943,2011
3368,3369,0,1528.0,6947,2171
3369,3370,0,1578.0,6949,2046
3370,3371,0,1607.0,6950,1483
3371,3372,0,1540.0,6957,1961
3372,3373,0,500.0,6961,1342
3373,3374,0,1048.0,6962,1198
3374,3375,0,909.0,6968,2004
3375,3376,0,1599.0,6975,2079
3376,3377,0,930.0,6975,1509
3377,3378,0,228.0,6980,1492
3378,3379,0,1366.0,6982,1027
3379,3380,0,1820.0,6983,1873
3380,3381,0,428.0,6985,1981
3381,3382,0,1562.0,6986,2036
3382,3383,0,1252.0,6990,1254
3383,3384,0,834.0,6994,1907
3384,3385,0,1649.0,6996,922
3385,3386,0,1479.0,7002,2119
3386,3387,0,1268.0,7003,1133
3387,3388,0,1659.0,7007,962
3388,3389,0,1324.0,7007,1561
3389,3390,0,1258.0,7011,1218
3390,3391,0,270.0,7011,2052
3391,3392,0,1653.0,7016,1981
3392,3393,0,605.0,7017,1339
3393,3394,0,1316.0,7019,1684
3394,3395,0,1652.0,7020,2088
3395,3396,0,283.0,7022,2050
3396,3397,0,1816.0,7027,1927
3397,3398,0,1334.0,7028,1303
3398,3399,0,908.0,7031,1576
3399,3400,0,236.0,7032,2063
3400,3401,0,366.0,7037,1215
3401,3402,0,2234.0,7040,1082
3402,3403,0,1683.0,7043,1173
3403,3404,0,1738.0,7050,2042
3404,3405,0,1475.0,7053,1244
3405,3406,0,1210.0,7054,1043
3406,3407,0,1764.0,7054,1837
3407,3408,0,1238.0,7057,1599
3408,3409,0,2124.0,7059,1993
3409,3410,0,304.0,7065,1375
3410,3411,0,430.0,7067,1540
3411,3412,0,1631.0,7086,1345
3412,3413,0,1994.0,7088,1107
3413,3414,0,1163.0,7091,988
3414,3415,0,988.0,7094,1306
3415,3416,0,1601.0,7094,1633
3416,3417,0,1295.0,7100,1783
3417,3418,0,1060.0,7102,1271
3418,3419,0,1298.0,7106,1385
3419,3420,0,1360.0,7110,1065
3420,3421,0,1407.0,7112,1909
3421,3422,0,1308.0,7114,1226
3422,3423,0,1927.0,7118,1027
3423,3424,0,1093.0,7133,1489
3424,3425,0,354.0,7134,1535
3425,3426,0,505.0,7143,1678
3426,3427,0,2590.0,7156,1643
3427,3428,0,843.0,7158,1357
3428,3429,0,1240.0,7164,1739
3429,3430,0,1311.0,7168,1588
3430,3431,0,2734.0,7184,1221
3431,3432,0,631.0,7187,1403
3432,3433,0,1822.0,7192,1368
3433,3434,0,1699.0,7196,1713
3434,3435,0,1149.0,7210,1464
3435,3436,0,291.0,7214,1147
3436,3437,0,1029.0,7224,1338
3437,3438,0,1079.0,7225,1778
3438,3439,0,478.0,7227,1312
3439,3440,0,1466.0,7229,1658
3440,3441,0,1050.0,7231,1752
3441,3442,0,2572.0,7248,1163
3442,3443,0,1358.0,7261,1651
3443,3444,0,573.0,7268,1619
3444,3445,0,1740.0,7271,1091
3445,3446,0,559.0,7271,1716
3446,3447,0,1084.0,7280,1281
3447,3448,0,1198.0,7280,1514
3448,3449,0,2317.0,7295,1343
3449,3450,0,783.0,7297,1587
3450,3451,0,1927.0,7297,1201
3451,3452,0,2179.0,7308,1475
3452,3453,0,1279.0,7317,1271
3453,3454,0,343.0,7318,1231
3454,3455,0,1264.0,7329,1314
3455,3456,0,695.0,7331,1247
3456,3457,0,1419.0,7335,1160
3457,3458,0,456.0,7344,1512
3458,3459,0,1330.0,7346,1569
3459,3460,0,1317.0,7356,1443
3460,3461,0,1384.0,7361,1261
3461,3462,0,1038.0,7368,1519
3462,3463,0,356.0,7370,1283
3463,3464,0,397.0,7372,1165
3464,3465,0,1554.0,7373,1346
3465,3466,0,948.0,7387,1313
3466,3467,0,1375.0,7401,1183
3467,3468,0,1259.0,7406,1426
3468,3469,0,1328.0,7439,1152
3469,3470,0,1671.0,7444,1415
3470,3471,0,512.0,7445,1340
3471,3472,0,406.0,7446,1214
3472,3473,0,1190.0,7473,1286
3473,3474,0,1764.0,7476,1229
3474,3475,0,1056.0,7477,1183
3475,3476,0,440.0,7500,1347
3476,3477,0,926.0,7501,1200
3477,3478,0,219.0,7505,1244
3478,3479,0,949.0,7524,1299
3479,3480,0,1153.0,7546,1194
3480,3481,0,920.0,7575,1216
