cell_id,label,area,x,y
0,1,1128,1227,3601
1,2,1384,7361,4209
2,3,792,6014,4474
3,4,1625,1063,2159
4,5,795,6422,2933
5,6,2081,3678,3875
6,7,1234,5440,4778
7,8,1098,6043,4994
8,9,984,5413,4664
9,10,278,4299,4947
10,11,1252,227,591
11,12,1158,5036,4461
12,13,209,6796,4165
13,14,1357,3705,4767
14,15,1257,6865,3283
15,16,1877,2553,4656
16,17,1824,1726,3458
17,18,1183,791,2979
18,19,1262,805,2583
19,20,1025,3491,3013
20,21,832,1982,4409
21,22,1379,2645,4150
22,23,1115,6874,4209
23,24,1164,2720,4971
24,25,399,6217,4221
25,26,1462,5509,4746
26,27,760,2562,4008
27,28,1129,6395,4679
28,29,1329,5949,5132
29,30,357,6091,4460
30,31,317,4377,5339
31,32,2425,2950,4420
32,33,624,845,1815
33,34,2017,1005,1736
34,35,1201,639,2141
35,36,1141,896,1837
36,37,1255,829,3121
37,38,1116,6243,4133
38,39,1399,5713,4601
39,40,1010,6698,4664
40,41,1209,5647,4725
41,42,1156,6524,4583
42,43,254,6213,4203
43,44,659,5407,5370
44,45,591,5992,3711
45,46,1875,4237,5107
46,47,533,3005,3987
47,48,1680,5340,4858
48,49,386,3114,3034
49,50,989,4352,3588
50,51,1077,1805,3490
51,52,362,778,918
52,53,1678,2883,4322
53,54,1194,3375,4389
54,55,969,2891,2459
55,56,736,4969,4959
56,57,1184,5755,4379
57,58,1695,2378,4041
58,59,647,2570,4799
59,60,1098,968,1950
60,61,450,3519,4566
61,62,2943,1257,3728
62,63,350,2508,4590
63,64,350,6463,4303
64,65,450,6744,3326
65,66,829,6755,3877
66,67,463,2760,3052
67,68,293,1628,3225
68,69,1202,4121,3794
69,70,1121,968,2137
70,71,1427,2361,4106
71,72,235,878,1527
72,73,631,5971,3063
73,74,1013,6745,3277
74,75,1616,6816,3622
75,76,1138,6284,5024
76,77,305,2964,4968
77,78,341,5921,3274
78,79,442,4125,3684
79,80,984,2374,3020
80,81,1064,6411,3935
81,82,3079,1619,3293
82,83,1479,7002,3351
83,84,962,10,1005
84,85,487,5951,5243
85,86,1465,4232,5365
86,87,359,6906,3444
87,88,1501,4266,3928
88,89,1036,4354,3920
89,90,998,1946,3731
90,91,1135,3736,4792
91,92,918,5166,5392
92,93,1236,3500,4604
93,94,1242,6210,3411
94,95,1042,3110,2823
95,96,3415,2984,5067
96,97,1985,3199,5143
97,98,1410,219,248
98,99,1270,2119,2665
99,100,2603,1286,2639
100,101,256,1630,4169
101,102,1051,90,463
102,103,888,401,2295
103,104,297,2676,4949
104,105,557,6077,3470
105,106,1267,1994,3599
106,107,1203,4098,3820
107,108,1550,5379,5094
108,109,682,5695,5277
109,110,591,1373,3626
110,111,519,5297,4773
111,112,1211,6328,4703
112,113,1286,6056,4382
113,114,290,2579,4192
114,115,205,6227,4199
115,116,1040,2503,2593
116,117,599,5522,4957
117,118,701,5393,3833
118,119,619,1698,4274
119,120,1049,50,436
120,121,1050,231,395
121,122,1341,1789,3407
122,123,575,3425,3287
123,124,1241,4528,5407
124,125,433,4916,5037
125,126,1185,2689,3307
126,127,1395,5809,4205
127,128,954,1172,2465
128,129,982,1412,2905
129,130,1143,4377,3562
130,131,1043,1944,3009
131,132,1292,1075,2091
132,133,276,1910,3560
133,134,1055,4451,4700
134,135,1368,6251,4168
135,136,874,3865,3385
136,137,899,1497,3918
137,138,226,1332,2671
138,139,1189,6508,3319
139,140,1114,4974,4896
140,141,420,1365,1217
141,142,346,3885,4791
142,143,1130,6567,3221
143,144,1073,2395,4113
144,145,2270,924,1728
145,146,1457,2448,3722
146,147,1026,2442,3137
147,148,1376,2989,5114
148,149,1333,5527,3683
149,150,508,4505,5235
150,151,1366,6982,4443
151,152,1279,1673,3282
152,153,924,3948,5327
153,154,344,2534,3563
154,155,1095,1871,2392
155,156,286,2493,4087
156,157,1273,6828,4038
157,158,994,1009,3179
158,159,379,809,1556
159,160,1122,2513,3575
160,161,1105,160,1477
161,162,228,902,1509
162,163,1357,2753,2982
163,164,1997,1828,1600
164,165,1195,812,3091
165,166,1340,38,741
166,167,1487,6146,4258
167,168,1801,3487,4664
168,169,818,5679,5026
169,170,967,6511,4078
170,171,1146,1734,4074
171,172,367,1107,2211
172,173,1119,5681,3687
173,174,1129,137,662
174,175,644,346,2103
175,176,1303,6677,2894
176,177,723,3206,5098
177,178,1395,2194,3870
178,179,1249,719,1326
179,180,1148,6496,3627
180,181,1189,4807,5206
181,182,1601,7094,3837
182,183,936,2641,2294
183,184,1145,5719,4869
184,185,1491,6026,4582
185,186,1411,4977,3623
186,187,1279,4879,4969
187,188,1531,6493,4005
188,189,388,761,2671
189,190,1092,4442,4465
190,191,1391,2411,4084
191,192,301,6169,4013
192,193,1280,2228,3646
193,194,1798,2502,4019
194,195,1086,2089,2386
195,196,1023,3482,3113
196,197,286,5084,4865
197,198,518,4095,4307
198,199,256,6559,3681
199,200,278,6262,3672
200,201,216,5004,3633
201,202,619,2657,3972
202,203,1279,1878,3287
203,204,1426,3177,3226
204,205,1399,6578,3907
205,206,1080,5997,4138
206,207,1568,826,1318
207,208,1320,6332,3391
208,209,1109,1286,3625
209,210,210,1859,3511
210,211,404,845,1373
211,212,352,1102,3371
212,213,337,5293,3666
213,214,953,5919,3364
214,215,1174,364,2089
215,216,228,2862,4374
216,217,347,2851,4826
217,218,315,4898,3980
218,219,1305,1820,3566
219,220,1583,661,2841
220,221,1145,3280,4888
221,222,1565,1638,3763
222,223,1086,2931,4471
223,224,1293,1498,3105
224,225,1424,2015,3429
225,226,1798,1614,3186
226,227,1631,5596,4661
227,228,799,3270,3151
228,229,1221,5903,4494
229,230,211,5858,4453
230,231,840,2830,2560
231,232,1193,1292,3838
232,233,1108,4459,4660
233,234,433,2349,2595
234,235,490,2743,2442
235,236,1217,2192,3785
236,237,1066,2248,3933
237,238,1017,5220,3976
238,239,482,1032,2458
239,240,1210,7054,4427
240,241,669,780,1541
241,242,1766,3850,4349
242,243,356,6227,4665
243,244,1627,4338,4082
244,245,1121,4852,3913
245,246,1305,1435,1829
246,247,335,1382,3070
247,248,1273,6167,4984
248,249,1683,745,2828
249,250,1936,2461,2294
250,251,956,3720,5191
251,252,1939,652,1551
252,253,333,1404,2809
253,254,320,4082,4562
254,255,1589,1696,3250
255,256,1308,1309,2764
256,257,406,7446,4256
257,258,519,5437,3713
258,259,755,5553,5247
259,260,777,217,95
260,261,1453,6491,4881
261,262,1762,6850,3678
262,263,1264,2899,3536
263,264,929,1373,3796
264,265,1265,4111,4784
265,266,624,4307,4923
266,267,1001,3439,4965
267,268,1501,1071,3278
268,269,1218,1781,3447
269,270,326,6337,3829
270,271,337,2523,4237
271,272,202,1132,2291
272,273,2178,5656,4596
273,274,1669,1781,3345
274,275,1142,1893,3546
275,276,1777,6708,3680
276,277,1161,1057,3367
277,278,406,5413,4712
278,279,236,5496,4251
279,280,1202,256,306
280,281,1661,1480,1345
281,282,1236,2417,4355
282,283,1904,843,1978
283,284,1823,1402,3947
284,285,1785,5164,4765
285,286,1112,2899,2908
286,287,235,5059,4883
287,288,781,1423,3026
288,289,510,310,1730
289,290,241,170,712
290,291,1514,3556,4414
291,292,1104,3935,4829
292,293,272,2052,3710
293,294,1320,979,2745
294,295,922,1567,3171
295,296,1089,745,1951
296,297,408,3908,4533
297,298,2086,5752,4612
298,299,1769,3195,3338
299,300,656,3014,4454
300,301,511,1205,3655
301,302,923,1172,3548
302,303,588,1777,4240
303,304,1346,6700,3727
304,305,874,3917,3378
305,306,787,204,123
306,307,306,4341,4954
307,308,322,1680,2766
308,309,926,1952,1762
309,310,1617,2980,4717
310,311,1185,2750,4864
311,312,1551,6173,4406
312,313,1359,6342,4107
313,314,1454,5632,4688
314,315,710,4325,4941
315,316,1448,2538,4127
316,317,1267,5023,4805
317,318,1799,2297,3867
318,319,1182,4001,4810
319,320,271,485,1353
320,321,1263,1859,4270
321,322,375,3483,3365
322,323,1472,3203,4494
323,324,1572,6457,3927
324,325,1022,3538,5127
325,326,1999,2720,4351
326,327,1285,1491,3156
327,328,958,1067,1910
328,329,1070,454,663
329,330,1702,1066,2212
330,331,241,826,1833
331,332,1760,6292,5057
332,333,546,3278,3865
333,334,1225,2283,3818
334,335,1830,3776,3991
335,336,634,5792,3747
336,337,1092,6846,4335
337,338,1027,5477,5224
338,339,1439,3215,4448
339,340,1629,737,2882
340,341,403,731,772
341,342,1227,6573,3658
342,343,1220,3210,3719
343,344,1115,5770,4576
344,345,209,1504,3133
345,346,1240,1033,2683
346,347,1234,1806,3367
347,348,1758,3975,4757
348,349,448,6034,4215
349,350,1748,733,1646
350,351,659,185,1431
351,352,1149,3048,2955
352,353,960,2179,4648
353,354,268,819,987
354,355,821,481,798
355,356,1244,4367,4934
356,357,978,4288,4714
357,358,1307,1425,2739
358,359,1306,5743,4498
359,360,249,844,1832
360,361,2177,4225,4586
361,362,235,2211,3809
362,363,864,1853,3604
363,364,999,6746,3467
364,365,802,4215,4876
365,366,2456,6225,2965
366,367,1117,1271,1773
367,368,1122,3090,3121
368,369,886,1429,2652
369,370,1200,6430,3723
370,371,311,382,2317
371,372,392,2486,4255
372,373,296,941,2137
373,374,1389,5676,4994
374,375,990,6061,4447
375,376,2006,3652,3207
376,377,505,7143,3792
377,378,337,4514,3570
378,379,1699,7196,3757
379,380,254,6829,4065
380,381,1327,5394,4782
381,382,1400,5886,4031
382,383,1429,2500,4548
383,384,333,5613,3731
384,385,1308,3715,4708
385,386,1904,2411,4443
386,387,985,5777,3695
387,388,1245,6376,4074
388,389,1452,6542,3885
389,390,1076,2871,4413
390,391,1358,7261,3819
391,392,989,1487,3314
392,393,1772,133,195
393,394,1586,1616,3971
394,395,310,3699,5123
395,396,1181,4040,4908
396,397,1583,1695,3432
397,398,203,6321,4037
398,399,237,899,1792
399,400,850,5554,5347
400,401,287,785,1165
401,402,829,1632,3332
402,403,1697,512,795
403,404,541,6757,3854
404,405,1849,4428,4897
405,406,737,742,2105
406,407,1721,6501,4459
407,408,1079,2816,4916
408,409,1357,2440,4704
409,410,279,1459,2027
410,411,1022,6078,3495
411,412,278,1017,1968
412,413,1125,2411,2973
413,414,1420,960,3238
414,415,1116,1628,2588
415,416,1206,1499,3062
416,417,1342,5217,4914
417,418,944,9,920
418,419,343,1668,1634
419,420,1256,4515,4934
420,421,343,6225,3347
421,422,1225,776,1190
422,423,458,6540,3767
423,424,900,2728,3558
424,425,201,3985,4787
425,426,1001,626,2387
426,427,1534,4286,4972
427,428,204,1412,2795
428,429,343,2628,4059
429,430,1246,6640,4629
430,431,1429,6160,5094
431,432,1277,3691,5176
432,433,1172,6284,4104
433,434,1296,218,1690
434,435,1184,1974,2119
435,436,1171,4052,4955
436,437,1120,2433,4741
437,438,1486,3495,4554
438,439,1222,4686,4261
439,440,2060,6233,3325
440,441,1080,6535,3121
441,442,1180,1309,2935
442,443,942,6547,3030
443,444,1199,5129,4817
444,445,221,5476,4873
445,446,1255,2038,1840
446,447,1751,2395,3905
447,448,969,859,1209
448,449,1252,6990,4216
449,450,1775,1625,3414
450,451,1043,2992,4041
451,452,1446,2037,3690
452,453,202,2167,3772
453,454,316,2323,3814
454,455,1211,3882,4274
455,456,1213,1453,2631
456,457,1540,6957,3509
457,458,1192,562,1409
458,459,1060,7102,4199
459,460,1436,6837,3456
460,461,559,3323,3496
461,462,871,2993,4466
462,463,758,2594,2183
463,464,1171,2120,4508
464,465,451,1590,1368
465,466,1528,6947,3299
466,467,1048,6962,4272
467,468,1323,630,466
468,469,530,6367,3167
469,470,813,3379,3392
470,471,1745,1053,2298
471,472,1191,6909,4599
472,473,1361,4417,4998
473,474,665,1929,4343
474,475,354,1298,3733
475,476,949,3106,2935
476,477,2515,6696,3574
477,478,1160,2059,2085
478,479,395,1466,3910
479,480,1508,6099,3975
480,481,879,321,792
481,482,903,788,1496
482,483,1179,3570,5066
483,484,925,4110,4812
484,485,1317,6034,3862
485,486,1562,1448,1513
486,487,1022,3290,4193
487,488,926,4900,4895
488,489,1099,357,363
489,490,920,2244,2377
490,491,2182,2021,3569
491,492,1159,896,687
492,493,1016,4194,4835
493,494,1128,4673,3670
494,495,492,1182,2241
495,496,1327,3986,4601
496,497,1221,1080,1522
497,498,343,7318,4239
498,499,223,1474,3074
499,500,1160,1857,1868
500,501,840,1105,2456
501,502,2475,1664,2230
502,503,364,1457,1358
503,504,240,1884,1981
504,505,1417,958,3412
505,506,1164,6519,2697
506,507,1068,4715,4985
507,508,1023,5185,4484
508,509,210,1267,2603
509,510,1443,6241,3236
510,511,906,4211,4806
511,512,840,2709,2713
512,513,978,2362,3742
513,514,522,6197,3012
514,515,1381,5247,3792
515,516,1554,7373,4124
516,517,929,3862,3755
517,518,1198,4745,4862
518,519,737,3491,5210
519,520,1090,3244,3143
520,521,1239,2346,2291
521,522,1193,1757,1802
522,523,2088,1133,2078
523,524,276,2178,3761
524,525,1467,1394,1212
525,526,898,1453,2958
526,527,1212,5358,4931
527,528,1453,161,235
528,529,705,2481,2152
529,530,803,2713,4280
530,531,1536,6465,4336
531,532,629,1634,3257
532,533,719,1827,3924
533,534,1328,7439,4318
534,535,1172,1535,2971
535,536,571,1044,1522
536,537,1137,153,864
537,538,1070,1153,2280
538,539,392,4854,4375
539,540,932,3659,4685
540,541,1500,5839,4292
541,542,783,7297,3883
542,543,1200,4247,4357
543,544,1449,4853,4995
544,545,789,2867,4256
545,546,336,4597,5421
546,547,1034,1285,2819
547,548,830,3037,4278
548,549,303,3641,3593
549,550,1386,4876,4364
550,551,332,903,1483
551,552,1209,5634,4817
552,553,1450,2771,3028
553,554,484,5458,5116
554,555,1700,2004,3801
555,556,992,1987,4129
556,557,1165,1158,2431
557,558,1093,5072,5407
558,559,1134,63,658
559,560,2734,7184,4249
560,561,965,2871,4352
561,562,305,224,335
562,563,1423,1186,2421
563,564,1235,3681,4797
564,565,1631,7086,4125
565,566,515,5881,5165
566,567,1043,2347,3995
567,568,305,5580,3842
568,569,361,725,2115
569,570,1460,581,2673
570,571,792,3022,4385
571,572,885,3712,4805
572,573,246,2074,3794
573,574,254,1471,1367
574,575,861,1304,2463
575,576,1041,6898,3922
576,577,2001,1541,3101
577,578,2957,413,2334
578,579,1398,6857,3832
579,580,1520,3526,4707
580,581,415,2645,3594
581,582,354,4515,5059
582,583,1361,5549,4772
583,584,1083,5596,5133
584,585,1607,2680,2856
585,586,1142,4063,5290
586,587,1411,6478,3890
587,588,1370,2266,4576
588,589,247,6470,3000
589,590,1077,5930,4744
590,591,1247,2036,3175
591,592,599,4169,3870
592,593,1083,1722,2694
593,594,1039,891,1279
594,595,291,6007,3215
595,596,1739,6932,3546
596,597,844,3383,4524
597,598,1076,6015,4362
598,599,1247,759,967
599,600,575,5841,3283
600,601,1578,6949,3424
601,602,363,955,1827
602,603,723,5278,5357
603,604,334,4287,4736
604,605,947,6706,4480
605,606,1822,5718,5210
606,607,485,1935,3712
607,608,1497,2171,2444
608,609,616,3953,3972
609,610,1978,928,989
610,611,1156,2553,4758
611,612,538,2280,3974
612,613,1304,4053,4746
613,614,638,2777,3369
614,615,904,1204,1319
615,616,2354,6058,4328
616,617,1707,6871,3443
617,618,352,824,2204
618,619,1284,1106,3611
619,620,1146,5157,4316
620,621,1225,273,1594
621,622,458,1464,2938
622,623,527,3498,3258
623,624,1285,4998,4950
624,625,1376,5645,4004
625,626,243,1830,1910
626,627,349,6697,4544
627,628,1314,5266,4840
628,629,3359,2503,4849
629,630,1002,1363,3203
630,631,364,1952,2554
631,632,1809,6835,4454
632,633,2055,1417,2989
633,634,1560,2139,3946
634,635,1544,3883,4866
635,636,239,5871,4455
636,637,1198,6740,4756
637,638,417,1366,3969
638,639,1155,5928,4560
639,640,335,855,693
640,641,323,821,1222
641,642,291,7214,4323
642,643,1586,3158,4381
643,644,1206,5480,4221
644,645,734,5068,5382
645,646,201,4105,3454
646,647,1314,1275,2520
647,648,1615,3091,4557
648,649,1251,742,2326
649,650,1143,5432,5239
650,651,1813,880,1440
651,652,1268,7003,4337
652,653,2471,4624,4960
653,654,330,886,1376
654,655,279,6856,3619
655,656,652,6712,3080
656,657,478,1008,2370
657,658,1547,874,3196
658,659,1713,3577,4649
659,660,444,2701,4405
660,661,1236,125,1259
661,662,1325,2065,3734
662,663,859,2773,3786
663,664,1451,6227,5078
664,665,690,2072,3833
665,666,1084,2585,2828
666,667,1231,2831,4298
667,668,1370,714,2772
668,669,1139,5227,5275
669,670,1293,6512,4048
670,671,1342,6061,4561
671,672,1505,4013,3554
672,673,422,1066,2451
673,674,430,3747,3665
674,675,967,4758,4827
675,676,680,6160,4459
676,677,447,6326,4613
677,678,1057,6307,3008
678,679,1401,5876,4564
679,680,318,4580,4880
680,681,353,1092,2241
681,682,995,2928,5093
682,683,1223,4002,3803
683,684,1176,1318,2219
684,685,1712,905,744
685,686,722,2318,3839
686,687,1284,4223,4125
687,688,1169,3046,3307
688,689,1172,4787,5312
689,690,895,2978,2961
690,691,677,6035,4238
691,692,1755,2086,3878
692,693,442,5583,3863
693,694,1171,4874,5139
694,695,1992,2974,3618
695,696,1397,4108,5347
696,697,211,836,887
697,698,1865,6228,4337
698,699,393,3403,4614
699,700,374,5928,4463
700,701,266,3743,4768
701,702,486,2914,4187
702,703,223,4173,4822
703,704,375,920,913
704,705,1485,904,846
705,706,1202,255,2008
706,707,1115,4993,3998
707,708,427,5872,3774
708,709,547,4036,3866
709,710,1999,4949,4840
710,711,227,2406,4039
711,712,1419,7335,4310
712,713,1344,1467,2816
713,714,1828,1272,2372
714,715,1049,2735,4904
715,716,1244,2108,3805
716,717,1176,2557,2749
717,718,297,3339,3403
718,719,374,4663,4974
719,720,300,9,954
720,721,2156,6398,2843
721,722,1658,6492,4140
722,723,1293,6750,4664
723,724,1559,2482,4124
724,725,1197,495,1457
725,726,1301,3557,4591
726,727,1351,3956,4855
727,728,1092,1306,2793
728,729,1247,5037,3636
729,730,905,4863,4046
730,731,611,3039,2862
731,732,1297,6084,3317
732,733,1145,6600,4280
733,734,322,405,2173
734,735,251,4108,4730
735,736,677,1754,3478
736,737,1185,4303,3896
737,738,510,6438,4190
738,739,1308,1529,3002
739,740,518,5857,4693
740,741,1447,3410,5127
741,742,2153,4905,4852
742,743,1271,315,751
743,744,1598,1042,2053
744,745,1298,5514,4712
745,746,1183,2089,4399
746,747,2326,808,2479
747,748,1466,1422,3068
748,749,1869,4991,5273
749,750,1493,6106,4436
750,751,430,7067,3930
751,752,1452,6820,3227
752,753,1877,1060,2250
753,754,1179,5668,4676
754,755,293,4363,5303
755,756,1348,4082,4728
756,757,1086,4518,5284
757,758,401,6765,3771
758,759,325,3879,3204
759,760,2157,6840,4097
760,761,484,489,1110
761,762,2441,3796,3350
762,763,968,3436,4390
763,764,1230,1914,3010
764,765,1584,3156,4221
765,766,1045,3741,3372
766,767,1593,2544,3624
767,768,1214,3521,3798
768,769,899,2260,3301
769,770,1969,4867,4860
770,771,1238,2689,4878
771,772,1603,3593,4770
772,773,1371,2588,4842
773,774,1996,872,1333
774,775,1300,1800,1707
775,776,1365,1004,2148
776,777,354,1091,2483
777,778,2083,775,1383
778,779,1778,1518,3888
779,780,1390,5762,5265
780,781,274,819,1417
781,782,378,5296,4710
782,783,1372,2042,2583
783,784,327,2877,5003
784,785,839,2320,2843
785,786,988,5186,3626
786,787,815,4447,3657
787,788,1184,1062,3548
788,789,2144,1708,3340
789,790,1061,6828,4136
790,791,1050,334,2202
791,792,1167,3444,4921
792,793,281,6674,3026
793,794,1195,219,1892
794,795,1988,572,1112
795,796,1228,6097,4892
796,797,1021,4208,3856
797,798,1040,6144,3506
798,799,1192,6810,4488
799,800,289,6408,4248
800,801,1116,6668,4545
801,802,1584,3162,2761
802,803,737,610,2631
803,804,704,2733,3374
804,805,1239,526,2099
805,806,1184,1067,1970
806,807,2203,5237,3892
807,808,1588,3431,4627
808,809,343,1891,1818
809,810,1320,363,1849
810,811,1083,6182,4612
811,812,1797,1092,3475
812,813,508,3123,3049
813,814,206,6174,4447
814,815,1181,2588,2273
815,816,460,6377,3687
816,817,1237,3311,3412
817,818,1206,6081,3405
818,819,1167,5805,4083
819,820,250,894,1231
820,821,394,5090,3502
821,822,1812,5536,4819
822,823,654,3561,4022
823,824,245,1052,1987
824,825,841,4005,4160
825,826,2863,726,2969
826,827,1716,970,1700
827,828,352,1803,2885
828,829,1397,1202,3317
829,830,522,1075,1010
830,831,1091,5715,3865
831,832,624,3985,4640
832,833,1094,3942,3803
833,834,219,4820,4897
834,835,1319,1560,3023
835,836,1055,5255,5298
836,837,1282,3055,3911
837,838,1015,2654,4798
838,839,1275,3003,2609
839,840,1494,56,884
840,841,1038,808,790
841,842,1266,6877,4434
842,843,1240,5607,4713
843,844,591,3789,4814
844,845,1239,3198,3271
845,846,632,826,903
846,847,1765,6596,4530
847,848,1654,3691,5270
848,849,403,6631,3771
849,850,291,4159,4834
850,851,1546,2527,4193
851,852,1188,5392,4748
852,853,1250,4216,4275
853,854,386,6838,3529
854,855,1101,5133,4420
855,856,1146,97,698
856,857,1417,1228,2138
857,858,293,2421,4186
858,859,1074,1660,4242
859,860,1611,6382,4184
860,861,334,2536,4017
861,862,1183,4984,4865
862,863,1335,3016,4334
863,864,1025,3489,3640
864,865,1009,3911,4813
865,866,904,957,905
866,867,911,6451,3970
867,868,2118,5888,4608
868,869,1127,3864,5017
869,870,1169,3884,3683
870,871,1136,5000,4388
871,872,1070,1079,1044
872,873,1187,2600,4776
873,874,872,1395,2972
874,875,1239,2263,2465
875,876,1223,5192,3565
876,877,1412,2218,3596
877,878,1320,3351,4608
878,879,1029,6754,4283
879,880,580,3298,3089
880,881,433,2178,2900
881,882,1375,1688,2708
882,883,1244,6673,4235
883,884,1062,2785,4960
884,885,1261,1806,2965
885,886,1401,5340,3866
886,887,1722,6319,4008
887,888,2317,7295,4127
888,889,632,6317,4070
889,890,1463,5078,4793
890,891,1341,5846,4659
891,892,443,280,1992
892,893,1047,2199,2140
893,894,737,4486,5387
894,895,269,6271,4128
895,896,382,3301,3066
896,897,277,822,1002
897,898,1167,3058,5056
898,899,1244,5129,4771
899,900,352,4471,4573
900,901,1629,2521,4096
901,902,240,840,1587
902,903,406,6330,4201
903,904,366,884,1512
904,905,1100,5382,4721
905,906,426,5682,3755
906,907,1192,3608,3742
907,908,1472,3283,4425
908,909,1170,1647,3147
909,910,1138,3969,5254
910,911,1089,5312,3996
911,912,1365,4239,4796
912,913,1085,3074,4987
913,914,984,2431,3996
914,915,441,1157,3677
915,916,343,2918,2714
916,917,523,3763,4587
917,918,430,6564,3501
918,919,202,6590,4337
919,920,1020,4406,3568
920,921,909,3857,3196
921,922,1520,2041,3770
922,923,1562,6986,3434
923,924,2684,2616,4124
924,925,492,5671,3556
925,926,1188,3249,3515
926,927,1738,7050,3428
927,928,1057,4690,4545
928,929,259,3132,3097
929,930,951,5812,4148
930,931,1446,5467,3664
931,932,402,5681,4616
932,933,1301,5363,4373
933,934,1085,189,390
934,935,879,5163,3470
935,936,802,351,1695
936,937,1220,1807,3176
937,938,910,878,2899
938,939,2346,6792,3540
939,940,760,6161,3660
940,941,321,6060,4304
941,942,1219,188,1495
942,943,2020,1815,2861
943,944,912,4344,3732
944,945,345,920,946
945,946,933,955,1926
946,947,347,3013,5013
947,948,1217,5865,3470
948,949,1151,4230,3668
949,950,1636,6479,4545
950,951,219,7505,4226
951,952,2852,3840,3451
952,953,1099,4198,5357
953,954,305,769,2720
954,955,979,1068,2337
955,956,280,6560,4498
956,957,1064,5758,3293
957,958,1864,803,1053
958,959,1373,1616,3056
959,960,531,1978,2547
960,961,305,6581,2880
961,962,217,1919,2072
962,963,1221,608,650
963,964,1088,1597,3157
964,965,579,269,1938
965,966,1195,5605,3397
966,967,1054,5543,5317
967,968,410,4036,4824
968,969,1158,5946,3381
969,970,1354,1110,2279
970,971,261,5344,5245
971,972,1765,2702,2474
972,973,569,3185,5100
973,974,551,3792,4639
974,975,1324,7007,3909
975,976,1210,4587,3509
976,977,882,5659,4648
977,978,756,5986,4368
978,979,1460,330,1785
979,980,202,1609,3934
980,981,981,2903,4249
981,982,1079,3174,5127
982,983,2003,695,1114
983,984,2124,7059,3477
984,985,1391,6701,3863
985,986,1452,5948,5213
986,987,1507,3206,4562
987,988,1137,5156,5191
988,989,1264,2027,4323
989,990,208,6855,3529
990,991,904,5463,5250
991,992,3679,5653,5288
992,993,1404,3402,4497
993,994,1582,4524,4845
994,995,1421,127,1174
995,996,2049,6588,3027
996,997,457,101,1402
997,998,390,822,1438
998,999,1173,4114,5261
999,1000,1139,2137,4383
1000,1001,1922,2882,4285
1001,1002,1254,1936,3586
1002,1003,220,6575,3636
1003,1004,1047,4944,4880
1004,1005,1168,6404,4724
1005,1006,863,4552,4149
1006,1007,1271,2258,3885
1007,1008,404,1655,2601
1008,1009,762,4275,4041
1009,1010,1218,1590,4068
1010,1011,1003,2849,4987
1011,1012,1654,6253,4710
1012,1013,283,2086,3743
1013,1014,1502,1301,3781
1014,1015,375,890,991
1015,1016,390,1438,3639
1016,1017,309,6879,3415
1017,1018,490,414,1159
1018,1019,1369,3095,5110
1019,1020,1538,5748,4712
1020,1021,224,4141,4845
1021,1022,1007,2031,3732
1022,1023,1452,1288,2331
1023,1024,1246,2073,3614
1024,1025,1193,943,727
1025,1026,319,2044,2197
1026,1027,1393,1580,1821
1027,1028,942,3871,4770
1028,1029,1447,6182,3371
1029,1030,1244,6190,4358
1030,1031,343,4972,5306
1031,1032,305,2380,2974
1032,1033,1098,4689,4969
1033,1034,919,713,2799
1034,1035,1358,835,1106
1035,1036,1105,6201,4952
1036,1037,1344,4899,5008
1037,1038,1534,2829,2981
1038,1039,1242,2934,3185
1039,1040,1403,2299,4054
1040,1041,1709,1553,4059
1041,1042,1221,2498,2845
1042,1043,908,7031,3894
1043,1044,660,2420,4591
1044,1045,265,4655,5339
1045,1046,1362,5973,3191
1046,1047,1424,6208,4743
1047,1048,1130,1241,2584
1048,1049,1221,2918,4835
1049,1050,295,6180,4005
1050,1051,1093,7133,3981
1051,1052,2134,6135,4353
1052,1053,1433,6938,4480
1053,1054,1176,2720,2844
1054,1055,349,6194,3835
1055,1056,901,6058,4969
1056,1057,2056,794,1458
1057,1058,1326,3607,4629
1058,1059,852,3334,4460
1059,1060,1434,1342,3472
1060,1061,1072,1041,3169
1061,1062,836,6562,2712
1062,1063,513,803,1008
1063,1064,1160,2673,4248
1064,1065,1782,865,3059
1065,1066,1503,1393,2838
1066,1067,230,3621,4656
1067,1068,1644,1937,3513
1068,1069,1004,6509,3701
1069,1070,404,1197,3499
1070,1071,1344,1006,838
1071,1072,748,10,1259
1072,1073,211,762,805
1073,1074,1038,7368,3951
1074,1075,689,3593,3569
1075,1076,1224,4048,4787
1076,1077,2198,5071,5225
1077,1078,1744,730,997
1078,1079,2040,4667,4903
1079,1080,3273,6917,3655
1080,1081,1540,3779,4690
1081,1082,233,6254,4111
1082,1083,1228,5823,5164
1083,1084,1010,1808,4337
1084,1085,1183,4547,5239
1085,1086,1466,2601,4243
1086,1087,1263,5069,3928
1087,1088,1984,4933,4919
1088,1089,202,1438,3082
1089,1090,391,5923,4796
1090,1091,1234,1928,2379
1091,1092,1417,2105,3711
1092,1093,237,4343,5365
1093,1094,1670,6216,4171
1094,1095,1085,2439,4327
1095,1096,1229,3637,4717
1096,1097,1917,5715,4650
1097,1098,282,1138,2482
1098,1099,312,5152,5359
1099,1100,1181,4841,4740
1100,1101,1237,6571,3811
1101,1102,326,4098,5284
1102,1103,1322,3273,4575
1103,1104,478,7227,4158
1104,1105,4190,2807,5004
1105,1106,845,929,3299
1106,1107,1024,1319,3805
1107,1108,394,3353,3400
1108,1109,1072,1902,3468
1109,1110,1321,5170,3827
1110,1111,1407,5311,4800
1111,1112,1463,1545,3445
1112,1113,707,468,1416
1113,1114,395,1345,3678
1114,1115,1047,4967,4023
1115,1116,212,913,816
1116,1117,1564,72,522
1117,1118,1465,5728,3708
1118,1119,2310,6259,4077
1119,1120,557,197,1547
1120,1121,1298,7106,4085
1121,1122,470,1537,3982
1122,1123,204,5883,3971
1123,1124,1000,3613,4584
1124,1125,1869,4017,4769
1125,1126,335,6352,4072
1126,1127,885,1542,3171
1127,1128,1483,1187,2523
1128,1129,1265,4856,3715
1129,1130,2986,2783,4212
1130,1131,1079,7225,3692
1131,1132,2110,6687,4800
1132,1133,1071,1583,3100
1133,1134,1142,3425,4664
1134,1135,1336,245,1869
1135,1136,489,6833,4208
1136,1137,1392,6299,3930
1137,1138,1796,3439,4577
1138,1139,225,1595,3932
1139,1140,2346,4483,5201
1140,1141,1316,4756,5196
1141,1142,1103,6691,4514
1142,1143,1480,1564,3981
1143,1144,1160,1199,2308
1144,1145,512,5800,4649
1145,1146,1101,957,1516
1146,1147,1152,2842,2917
1147,1148,1384,2993,3252
1148,1149,1313,412,1601
1149,1150,1365,3685,4693
1150,1151,778,311,1806
1151,1152,2611,2354,3903
1152,1153,1021,2966,4381
1153,1154,1220,6458,3375
1154,1155,1086,6423,4826
1155,1156,1617,424,1788
1156,1157,1263,4521,5143
1157,1158,1021,6470,3853
1158,1159,1346,397,1666
1159,1160,1441,3430,3200
1160,1161,930,6975,3961
1161,1162,1311,7168,3882
1162,1163,255,6488,3812
1163,1164,1521,1979,3741
1164,1165,1350,4538,4888
1165,1166,798,6720,4785
1166,1167,335,1189,1378
1167,1168,1220,1314,2864
1168,1169,524,5722,3642
1169,1170,1120,5205,3468
1170,1171,580,5694,4055
1171,1172,226,3238,4528
1172,1173,1318,6172,3529
1173,1174,307,834,1426
1174,1175,1615,6158,4549
1175,1176,1429,5080,4646
1176,1177,1328,3144,3993
1177,1178,1306,1104,2577
1178,1179,1424,1253,3811
1179,1180,2366,1797,2248
1180,1181,1554,911,1935
1181,1182,1206,478,1872
1182,1183,372,944,1813
1183,1184,573,7268,3851
1184,1185,1427,2186,3733
1185,1186,3163,5334,5350
1186,1187,349,5031,4966
1187,1188,354,4817,3821
1188,1189,439,3429,3263
1189,1190,588,4122,4834
1190,1191,1197,6863,4577
1191,1192,287,941,894
1192,1193,1248,3743,4551
1193,1194,1236,745,1848
1194,1195,1052,886,1969
1195,1196,1783,729,1423
1196,1197,204,6536,3778
1197,1198,569,3336,3040
1198,1199,1389,4795,4919
1199,1200,250,1677,3981
1200,1201,579,875,2064
1201,1202,1476,3917,4863
1202,1203,236,5522,3933
1203,1204,360,2452,3103
1204,1205,2530,5208,4730
1205,1206,650,6460,4998
1206,1207,1427,4149,4782
1207,1208,242,1213,2358
1208,1209,1263,1254,2471
1209,1210,1056,4587,5151
1210,1211,619,4433,4961
1211,1212,1088,1378,2938
1212,1213,453,5900,3451
1213,1214,1443,2324,3933
1214,1215,1397,2759,4356
1215,1216,1549,6683,3760
1216,1217,558,2067,3680
1217,1218,1317,2663,2935
1218,1219,305,1793,4231
1219,1220,1171,4544,3921
1220,1221,1039,5957,3554
1221,1222,327,1442,2462
1222,1223,1906,4698,4681
1223,1224,1015,1651,4173
1224,1225,1586,4615,4878
1225,1226,1580,6213,3045
1226,1227,610,1130,3350
1227,1228,636,2470,2837
1228,1229,658,1888,1792
1229,1230,1214,678,2517
1230,1231,1734,5995,4452
1231,1232,1128,1367,2801
1232,1233,227,6574,3194
1233,1234,336,3093,4455
1234,1235,1708,107,334
1235,1236,1384,822,1654
1236,1237,1198,4354,4897
1237,1238,1415,773,1831
1238,1239,1350,4721,4948
1239,1240,1285,5596,4781
1240,1241,1740,5554,4730
1241,1242,410,380,1599
1242,1243,995,1148,1185
1243,1244,692,880,1750
1244,1245,1781,934,1146
1245,1246,328,743,1595
1246,1247,354,1211,1836
1247,1248,418,2419,3916
1248,1249,1013,133,1296
1249,1250,1323,5129,3943
1250,1251,680,1801,3865
1251,1252,2062,6088,4943
1252,1253,1208,6189,4321
1253,1254,1884,3973,3907
1254,1255,308,6621,3902
1255,1256,1182,3991,3648
1256,1257,1138,1575,3620
1257,1258,2182,2155,3712
1258,1259,278,4567,5382
1259,1260,1525,5905,4533
1260,1261,2141,6004,5221
1261,1262,2679,24,1221
1262,1263,1373,1320,2832
1263,1264,1631,1342,3823
1264,1265,1218,156,1412
1265,1266,1205,4602,5313
1266,1267,742,1665,3352
1267,1268,1844,4986,4203
1268,1269,567,5284,4502
1269,1270,295,4945,4950
1270,1271,1048,1383,2904
1271,1272,1088,1738,4186
1272,1273,318,595,1593
1273,1274,1404,33,835
1274,1275,1190,5359,3452
1275,1276,1822,7192,4102
1276,1277,1481,313,489
1277,1278,303,3638,3578
1278,1279,761,2779,3745
1279,1280,213,2740,4929
1280,1281,1297,269,347
1281,1282,610,6402,5026
1282,1283,2291,1912,3671
1283,1284,969,3081,3438
1284,1285,301,922,1386
1285,1286,228,6980,3978
1286,1287,631,7187,4067
1287,1288,420,401,1973
1288,1289,279,6300,4249
1289,1290,1236,1812,2063
1290,1291,1135,5435,4337
1291,1292,920,7575,4254
1292,1293,805,2079,3699
1293,1294,1148,2814,4755
1294,1295,597,489,2362
1295,1296,1042,3953,5300
1296,1297,494,4042,3840
1297,1298,301,5848,4707
1298,1299,671,6484,4915
1299,1300,504,1785,4317
1300,1301,1320,4608,3849
1301,1302,1882,1122,1982
1302,1303,949,7524,4171
1303,1304,1362,4098,3684
1304,1305,1381,3349,2982
1305,1306,1030,5299,5268
1306,1307,438,6729,2897
1307,1308,804,4157,4462
1308,1309,796,5592,3734
1309,1310,254,2575,4258
1310,1311,1272,2746,4172
1311,1312,514,1056,1945
1312,1313,1240,7164,3731
1313,1314,939,4763,4903
1314,1315,767,338,1973
1315,1316,1180,1127,2432
1316,1317,1452,4501,3820
1317,1318,772,1816,3393
1318,1319,1148,1472,2914
1319,1320,1037,677,2876
1320,1321,1646,261,1797
1321,1322,411,1497,3812
1322,1323,1031,5829,3538
1323,1324,979,301,333
1324,1325,489,5965,4357
1325,1326,267,5507,4830
1326,1327,1625,3890,4740
1327,1328,1150,2843,4269
1328,1329,2089,6117,3558
1329,1330,785,3777,5258
1330,1331,527,5552,5145
1331,1332,1627,1135,2209
1332,1333,2305,2758,4311
1333,1334,1218,3873,3279
1334,1335,1465,817,1517
1335,1336,346,896,1902
1336,1337,1757,2156,2016
1337,1338,1315,3996,4857
1338,1339,366,2358,2030
1339,1340,1574,3586,4585
1340,1341,328,2081,2453
1341,1342,1093,1242,3392
1342,1343,784,1279,2459
1343,1344,998,5137,4259
1344,1345,738,3193,4532
1345,1346,453,1424,2030
1346,1347,758,973,2032
1347,1348,837,110,984
1348,1349,1004,5557,5215
1349,1350,774,2471,3583
1350,1351,935,1013,1549
1351,1352,538,1138,1482
1352,1353,901,247,1394
1353,1354,1059,1352,3047
1354,1355,955,313,1671
1355,1356,921,5010,4898
1356,1357,896,5871,3812
1357,1358,1106,3990,3855
1358,1359,390,6106,3759
1359,1360,1642,1201,2386
1360,1361,1963,647,2045
1361,1362,1692,1376,2446
1362,1363,1407,3675,5074
1363,1364,274,126,171
1364,1365,867,4685,3867
1365,1366,1847,4338,4840
1366,1367,1767,6654,3590
1367,1368,248,1200,2696
1368,1369,1138,1512,2074
1369,1370,1000,6608,4689
1370,1371,2318,6076,5179
1371,1372,1863,2223,3893
1372,1373,327,812,3066
1373,1374,1239,301,1003
1374,1375,433,4810,4987
1375,1376,1085,1441,3105
1376,1377,1970,5835,4501
1377,1378,816,1140,2399
1378,1379,338,956,791
1379,1380,1124,3025,2801
1380,1381,1246,3610,3258
1381,1382,1992,1147,2509
1382,1383,1530,4705,5018
1383,1384,296,5487,4258
1384,1385,1045,3361,4569
1385,1386,1561,4711,4874
1386,1387,852,6765,4411
1387,1388,1475,7053,4226
1388,1389,1323,2386,3951
1389,1390,729,2467,4594
1390,1391,1015,2033,3818
1391,1392,609,1018,791
1392,1393,919,858,1549
1393,1394,661,2695,4960
1394,1395,1357,6512,4915
1395,1396,921,1393,2268
1396,1397,1600,2575,4146
1397,1398,361,511,1725
1398,1399,1395,1557,3063
1399,1400,305,3092,3569
1400,1401,614,1137,2976
1401,1402,532,600,1710
1402,1403,1148,3090,5073
1403,1404,227,5863,4714
1404,1405,303,6471,3801
1405,1406,243,3221,4408
1406,1407,1116,1210,2727
1407,1408,1040,5106,3672
1408,1409,808,764,2403
1409,1410,2396,2276,3780
1410,1411,866,2683,4928
1411,1412,2440,5202,5046
1412,1413,1310,2351,3958
1413,1414,1050,1537,2435
1414,1415,1264,4822,5409
1415,1416,1099,4872,4157
1416,1417,1576,6567,3763
1417,1418,1140,2839,4879
1418,1419,1695,846,2700
1419,1420,1685,2804,4383
1420,1421,987,1323,2191
1421,1422,295,5534,3969
1422,1423,951,5249,4867
1423,1424,922,93,1539
1424,1425,398,6477,3522
1425,1426,1818,1579,3227
1426,1427,425,3656,3633
1427,1428,422,2853,4916
1428,1429,1167,2128,1776
1429,1430,508,5334,5213
1430,1431,411,1303,2249
1431,1432,1572,903,1119
1432,1433,248,3596,4727
1433,1434,233,2219,2385
1434,1435,1564,4380,4828
1435,1436,688,4635,4058
1436,1437,2095,2448,4821
1437,1438,1196,2613,4072
1438,1439,306,1315,3724
1439,1440,1816,6286,4795
1440,1441,361,5177,4454
1441,1442,913,99,399
1442,1443,1163,3495,5133
1443,1444,1109,5175,5359
1444,1445,1335,5853,5230
1445,1446,1428,1533,3236
1446,1447,787,845,3179
1447,1448,1157,2188,4546
1448,1449,1263,6785,3090
1449,1450,834,6994,3563
1450,1451,1574,5988,4520
1451,1452,950,2277,3160
1452,1453,1370,2703,4157
1453,1454,512,7445,4130
1454,1455,679,785,1239
1455,1456,1166,6502,4420
1456,1457,1174,2182,3663
1457,1458,1009,2578,2689
1458,1459,1469,3435,4077
1459,1460,299,3171,4516
1460,1461,1220,2005,3630
1461,1462,284,3727,5282
1462,1463,861,1292,3489
1463,1464,843,7158,4113
1464,1465,988,7094,4164
1465,1466,723,3874,4934
1466,1467,1309,1956,4354
1467,1468,1694,1197,2569
1468,1469,400,1033,3090
1469,1470,829,3991,3569
1470,1471,1648,1613,4032
1471,1472,1157,103,272
1472,1473,259,3087,4421
1473,1474,935,6016,4498
1474,1475,1409,655,1132
1475,1476,1112,444,2410
1476,1477,359,6929,4009
1477,1478,411,1785,2123
1478,1479,305,4981,3582
1479,1480,1365,710,2728
1480,1481,2561,4609,5391
1481,1482,637,1782,4263
1482,1483,217,1955,3540
1483,1484,1323,1220,2272
1484,1485,1627,6291,4304
1485,1486,1609,1109,2317
1486,1487,948,2128,3683
1487,1488,1424,5159,4537
1488,1489,1693,2736,4209
1489,1490,758,4272,4075
1490,1491,663,5958,3305
1491,1492,1398,3393,4645
1492,1493,1545,6554,3840
1493,1494,1768,903,1204
1494,1495,315,3350,3281
1495,1496,807,3664,4526
1496,1497,1348,2377,3997
1497,1498,822,6010,4245
1498,1499,837,287,1681
1499,1500,659,4316,5383
1500,1501,1571,2929,4997
1501,1502,2295,2930,4310
1502,1503,276,3046,4695
1503,1504,201,2146,1991
1504,1505,1344,3107,3288
1505,1506,2044,1519,4034
1506,1507,805,3858,5139
1507,1508,3038,1483,3997
1508,1509,1848,5185,3913
1509,1510,941,1130,3234
1510,1511,1225,3573,3885
1511,1512,983,6350,3203
1512,1513,1603,5442,4702
1513,1514,1282,2747,3836
1514,1515,1425,2775,2866
1515,1516,1355,988,1325
1516,1517,218,1466,3062
1517,1518,1150,6034,4447
1518,1519,1195,4824,4855
1519,1520,692,179,999
1520,1521,864,3004,4009
1521,1522,377,6690,3540
1522,1523,990,1013,1884
1523,1524,230,6671,3012
1524,1525,324,1906,1769
1525,1526,211,5953,4366
1526,1527,879,5347,5192
1527,1528,2319,2679,4332
1528,1529,773,6513,4950
1529,1530,624,2497,4610
1530,1531,1314,2022,1896
1531,1532,972,2149,3055
1532,1533,773,5842,4460
1533,1534,1059,950,821
1534,1535,705,3395,3239
1535,1536,1471,274,569
1536,1537,1812,984,2079
1537,1538,346,749,1528
1538,1539,460,3234,2921
1539,1540,220,4403,4832
1540,1541,728,6717,4527
1541,1542,570,5613,4958
1542,1543,1054,5562,3419
1543,1544,204,2906,4475
1544,1545,1684,6906,4509
1545,1546,249,869,880
1546,1547,318,6425,4712
1547,1548,629,2870,3556
1548,1549,238,3896,4794
1549,1550,1612,2683,4288
1550,1551,964,2965,5019
1551,1552,1209,1189,3373
1552,1553,571,873,1898
1553,1554,990,5692,4687
1554,1555,1302,6661,4702
1555,1556,356,970,2050
1556,1557,226,2627,4883
1557,1558,1028,2790,4043
1558,1559,1318,1418,1666
1559,1560,875,155,1138
1560,1561,258,836,1567
1561,1562,928,1650,2568
1562,1563,418,4532,3792
1563,1564,495,139,322
1564,1565,260,6228,3019
1565,1566,775,6185,4258
1566,1567,1442,6676,3914
1567,1568,814,452,2437
1568,1569,1324,2132,2909
1569,1570,515,2957,3168
1570,1571,703,790,692
1571,1572,1373,512,2543
1572,1573,1096,6626,3519
1573,1574,1348,1642,3368
1574,1575,305,2350,2001
1575,1576,1427,3272,4511
1576,1577,1163,5141,5292
1577,1578,776,4760,3834
1578,1579,1607,3836,3520
1579,1580,233,915,1514
1580,1581,353,1002,776
1581,1582,1118,6463,4230
1582,1583,1057,2333,4737
1583,1584,1653,6565,4218
1584,1585,1569,1103,2147
1585,1586,277,2266,4013
1586,1587,1017,6480,4849
1587,1588,1051,6361,4602
1588,1589,269,3920,5310
1589,1590,1542,3869,4673
1590,1591,280,743,1328
1591,1592,1267,855,1003
1592,1593,226,6526,3713
1593,1594,1931,3279,3004
1594,1595,690,1836,3670
1595,1596,1272,1770,2083
1596,1597,1361,3688,4735
1597,1598,1576,879,1646
1598,1599,1323,3850,3412
1599,1600,385,3362,4267
1600,1601,302,816,1137
1601,1602,3790,2386,4784
1602,1603,209,4849,4964
1603,1604,293,1975,3657
1604,1605,238,6907,3833
1605,1606,391,4757,4017
1606,1607,1579,4449,4935
1607,1608,243,1463,3117
1608,1609,1564,6411,3070
1609,1610,1082,1863,4401
1610,1611,1025,1246,2498
1611,1612,1274,4101,3739
1612,1613,385,4586,4920
1613,1614,1027,3367,3061
1614,1615,321,5318,4762
1615,1616,1230,6862,4144
1616,1617,1363,3277,3818
1617,1618,1167,5785,3460
1618,1619,407,3532,3509
1619,1620,1634,6905,4024
1620,1621,316,2698,4390
1621,1622,1807,4611,3534
1622,1623,1180,4266,4930
1623,1624,1187,1856,3633
1624,1625,233,984,3462
1625,1626,1492,6385,4817
1626,1627,1168,2960,4173
1627,1628,737,86,178
1628,1629,1273,1173,2335
1629,1630,1280,2804,4613
1630,1631,2342,1616,4137
1631,1632,305,6053,5091
1632,1633,1402,5959,4480
1633,1634,204,1547,3131
1634,1635,1165,928,3266
1635,1636,448,4722,3804
1636,1637,1692,6674,4764
1637,1638,543,774,681
1638,1639,1067,5105,4439
1639,1640,1238,5015,3607
1640,1641,2595,2902,5046
1641,1642,1663,3378,3747
1642,1643,1356,2465,3982
1643,1644,1089,3383,3363
1644,1645,860,5710,3674
1645,1646,882,3478,4627
1646,1647,1354,2858,4223
1647,1648,1548,3246,4413
1648,1649,1587,5382,5280
1649,1650,1339,6508,3833
1650,1651,1170,3277,3952
1651,1652,530,6512,3134
1652,1653,487,5894,3475
1653,1654,1773,3368,5190
1654,1655,1254,6589,4443
1655,1656,3485,1972,4466
1656,1657,1648,1211,2465
1657,1658,857,3668,4645
1658,1659,1252,5200,4789
1659,1660,230,1604,3947
1660,1661,2156,6446,4593
1661,1662,1649,6996,4548
1662,1663,404,3805,4804
1663,1664,358,1023,2365
1664,1665,1523,5186,5127
1665,1666,209,746,782
1666,1667,2233,4130,4901
1667,1668,322,44,675
1668,1669,1391,3324,3282
1669,1670,364,1931,2354
1670,1671,255,6438,3911
1671,1672,554,5524,3469
1672,1673,1903,186,1766
1673,1674,1819,3083,4487
1674,1675,1140,6445,3435
1675,1676,1149,7210,4006
1676,1677,589,3130,3313
1677,1678,1552,2445,4089
1678,1679,1591,1099,1931
1679,1680,1618,4011,4955
1680,1681,257,2344,2579
1681,1682,1429,6350,4994
1682,1683,1265,3352,4529
1683,1684,396,1984,4106
1684,1685,922,6048,4355
1685,1686,507,4439,4527
1686,1687,1127,824,3002
1687,1688,1014,218,144
1688,1689,2026,1010,2269
1689,1690,1070,220,1633
1690,1691,1190,7473,4184
1691,1692,359,2948,4276
1692,1693,961,1439,2907
1693,1694,1304,753,1554
1694,1695,1820,6983,3597
1695,1696,1212,6488,3933
1696,1697,1751,6916,3490
1697,1698,1160,174,1277
1698,1699,1115,6309,4859
1699,1700,269,4181,3559
1700,1701,1103,4013,4377
1701,1702,896,1208,2677
1702,1703,1145,2497,4777
1703,1704,1569,2234,3973
1704,1705,379,6861,3515
1705,1706,213,2757,4246
1706,1707,1810,6049,4658
1707,1708,1130,4079,3479
1708,1709,1259,6204,4645
1709,1710,225,3677,4663
1710,1711,1168,4437,4495
1711,1712,1053,5055,4807
1712,1713,1295,7100,3687
1713,1714,1353,1077,1604
1714,1715,1652,7020,3382
1715,1716,801,5166,3964
1716,1717,2024,1202,2624
1717,1718,1474,6131,3422
1718,1719,294,6882,3566
1719,1720,866,2823,2736
1720,1721,672,5643,3367
1721,1722,1226,1395,3608
1722,1723,1169,4079,4769
1723,1724,319,4269,4813
1724,1725,1263,3531,4602
1725,1726,559,7271,3754
1726,1727,354,6428,3920
1727,1728,1452,5547,4037
1728,1729,1562,5400,3493
1729,1730,1239,6669,4332
1730,1731,1292,1496,2982
1731,1732,3067,3334,5157
1732,1733,300,6504,4536
1733,1734,1792,6119,5043
1734,1735,325,1659,3268
1735,1736,1142,6032,3404
1736,1737,744,1332,3531
1737,1738,1237,4991,5423
1738,1739,300,905,1779
1739,1740,1096,6592,3201
1740,1741,2169,1944,3214
1741,1742,1091,140,893
1742,1743,391,4868,5259
1743,1744,814,2640,2350
1744,1745,1259,1960,3967
1745,1746,1013,2056,1947
1746,1747,424,2858,4187
1747,1748,805,6935,4312
1748,1749,1167,2072,4554
1749,1750,1206,5485,5273
1750,1751,733,1750,2836
1751,1752,573,6259,4274
1752,1753,1369,4845,4889
1753,1754,236,7032,3407
1754,1755,1237,3556,3034
1755,1756,1299,4918,3776
1756,1757,1128,5851,4587
1757,1758,4115,3443,5208
1758,1759,1417,5573,4690
1759,1760,1343,6032,4403
1760,1761,1372,2102,3274
1761,1762,1812,3924,4771
1762,1763,1799,1457,2053
1763,1764,603,6144,3358
1764,1765,1741,985,871
1765,1766,1187,1527,2772
1766,1767,1349,6527,4738
1767,1768,1169,4950,5427
1768,1769,1409,1151,2550
1769,1770,740,4774,5009
1770,1771,1191,4403,4783
1771,1772,1653,7016,3489
1772,1773,1065,2357,2179
1773,1774,510,1947,2578
1774,1775,1314,2136,3794
1775,1776,1617,4407,5383
1776,1777,996,849,1892
1777,1778,362,4951,3875
1778,1779,1126,1571,4102
1779,1780,1475,197,1809
1780,1781,765,6496,3769
1781,1782,1192,3153,5043
1782,1783,735,41,1187
1783,1784,244,6550,3691
1784,1785,1272,4852,4934
1785,1786,236,6099,4355
1786,1787,235,3510,4746
1787,1788,351,6437,3952
1788,1789,1209,683,540
1789,1790,305,5290,3758
1790,1791,906,510,2415
1791,1792,223,3044,4500
1792,1793,1467,996,3254
1793,1794,1192,1935,3553
1794,1795,1076,4737,3620
1795,1796,357,2788,4017
1796,1797,1151,1937,4438
1797,1798,1143,116,752
1798,1799,1490,2519,2485
1799,1800,410,3002,4373
1800,1801,975,2148,4181
1801,1802,1064,497,2322
1802,1803,1487,6126,4487
1803,1804,1722,6895,3533
1804,1805,1826,5663,5093
1805,1806,1274,3047,3990
1806,1807,960,772,1586
1807,1808,478,6408,5006
1808,1809,215,1530,3203
1809,1810,1396,5731,5171
1810,1811,1057,2641,3327
1811,1812,999,5462,5328
1812,1813,1291,3471,4583
1813,1814,1673,2674,4147
1814,1815,322,4744,5347
1815,1816,299,1020,1778
1816,1817,1094,3200,3371
1817,1818,939,5246,5348
1818,1819,382,5035,3981
1819,1820,766,3469,2957
1820,1821,1459,2037,2864
1821,1822,1113,6250,3995
1822,1823,583,3236,5103
1823,1824,1092,185,101
1824,1825,1623,1486,3020
1825,1826,819,6236,4230
1826,1827,4058,3582,3168
1827,1828,1113,6073,4416
1828,1829,1297,4391,4898
1829,1830,1442,6607,4314
1830,1831,561,4162,4653
1831,1832,1204,4241,4000
1832,1833,1581,1652,3230
1833,1834,1344,3232,3014
1834,1835,1032,5801,3596
1835,1836,238,1482,2967
1836,1837,1233,5906,4445
1837,1838,1272,1965,3591
1838,1839,211,2552,2934
1839,1840,256,6691,3453
1840,1841,324,3056,4326
1841,1842,1257,5352,4746
1842,1843,1562,6528,4120
1843,1844,708,3733,3786
1844,1845,1002,3545,3628
1845,1846,1921,1018,2089
1846,1847,900,2776,4123
1847,1848,728,4829,3856
1848,1849,532,3117,5066
1849,1850,2009,2432,3076
1850,1851,234,4155,4851
1851,1852,592,212,720
1852,1853,3382,1445,3943
1853,1854,1143,1941,3480
1854,1855,1211,593,1618
1855,1856,1246,4452,4428
1856,1857,1425,884,1579
1857,1858,1103,939,2834
1858,1859,469,938,2158
1859,1860,622,4785,5346
1860,1861,1340,4476,4961
1861,1862,835,753,1612
1862,1863,1093,1609,3345
1863,1864,954,2714,4935
1864,1865,435,1760,1470
1865,1866,1606,6886,4246
1866,1867,2768,1694,4219
1867,1868,322,3676,3643
1868,1869,1648,6646,3843
1869,1870,241,6678,4686
1870,1871,715,2762,3416
1871,1872,995,1828,3414
1872,1873,356,7370,4187
1873,1874,637,1444,3035
1874,1875,756,1167,1528
1875,1876,2258,1141,2246
1876,1877,1302,1672,3832
1877,1878,1087,5780,4167
1878,1879,2246,5055,4852
1879,1880,279,2095,2448
1880,1881,1084,1856,3905
1881,1882,273,2751,4814
1882,1883,1635,6112,4175
1883,1884,1163,2292,4651
1884,1885,1056,4478,4019
1885,1886,1231,3485,3591
1886,1887,380,61,785
1887,1888,845,3840,5182
1888,1889,1034,4470,5037
1889,1890,476,1147,2378
1890,1891,295,5313,3736
1891,1892,1538,225,1457
1892,1893,2351,2562,4884
1893,1894,575,74,1310
1894,1895,1208,1730,3267
1895,1896,1200,358,1320
1896,1897,1277,4492,4994
1897,1898,1172,3930,4636
1898,1899,1457,1896,2336
1899,1900,954,2333,4685
1900,1901,1544,3260,2763
1901,1902,1534,5085,4894
1902,1903,2036,6731,3998
1903,1904,1288,5476,4789
1904,1905,1031,3329,5089
1905,1906,1027,1232,2663
1906,1907,1222,3628,3395
1907,1908,1126,5116,4869
1908,1909,1462,2902,4404
1909,1910,454,608,2786
1910,1911,834,6306,4052
1911,1912,412,1931,2503
1912,1913,1492,4170,4910
1913,1914,2628,3950,4714
1914,1915,326,6423,3900
1915,1916,298,852,1055
1916,1917,634,2741,3534
1917,1918,1274,1243,2739
1918,1919,833,1368,2248
1919,1920,837,99,1566
1920,1921,635,2204,2375
1921,1922,600,4615,5419
1922,1923,1464,6074,4706
1923,1924,276,4055,3862
1924,1925,567,2056,3581
1925,1926,1027,5255,5261
1926,1927,1613,70,618
1927,1928,785,6542,4498
1928,1929,283,7022,3420
1929,1930,1069,1209,2337
1930,1931,1157,6117,5118
1931,1932,475,838,695
1932,1933,1627,3461,4705
1933,1934,1657,1529,3748
1934,1935,744,1318,3854
1935,1936,1098,1426,3666
1936,1937,846,5495,3792
1937,1938,315,1462,3097
1938,1939,367,3745,4081
1939,1940,1497,2373,2149
1940,1941,976,1525,3033
1941,1942,713,2003,4504
1942,1943,1107,6341,4817
1943,1944,1330,7346,3901
1944,1945,1315,3823,4572
1945,1946,2144,4492,3590
1946,1947,215,3743,4675
1947,1948,949,5900,5080
1948,1949,239,3128,4511
1949,1950,2180,5899,5225
1950,1951,1946,1098,2525
1951,1952,746,6352,4011
1952,1953,1057,2583,4613
1953,1954,288,902,1814
1954,1955,232,3228,4466
1955,1956,626,6151,5028
1956,1957,1232,835,2266
1957,1958,393,2174,1789
1958,1959,1197,2122,3751
1959,1960,696,3217,4523
1960,1961,1090,6763,4229
1961,1962,2120,5063,4955
1962,1963,2218,927,1340
1963,1964,208,3551,3863
1964,1965,1402,1714,3645
1965,1966,1276,1684,3320
1966,1967,1161,1059,1884
1967,1968,1915,618,2761
1968,1969,1336,5649,3508
1969,1970,503,1229,3789
1970,1971,1122,4655,3984
1971,1972,1373,4624,4840
1972,1973,809,1669,2785
1973,1974,986,4234,4962
1974,1975,791,5122,4350
1975,1976,1624,4032,3709
1976,1977,1001,2427,2631
1977,1978,2167,911,1060
1978,1979,262,3663,4782
1979,1980,2005,2482,4190
1980,1981,714,3593,5249
1981,1982,807,238,1916
1982,1983,2038,2446,4154
1983,1984,1154,4573,5184
1984,1985,1277,2323,2575
1985,1986,1905,5551,3496
1986,1987,1026,834,2916
1987,1988,706,1005,1823
1988,1989,283,2419,4045
1989,1990,994,4294,5197
1990,1991,1098,2930,4365
1991,1992,211,985,2168
1992,1993,1381,3050,4355
1993,1994,836,881,1091
1994,1995,1795,6711,4205
1995,1996,1132,1105,3545
1996,1997,304,6847,4313
1997,1998,1537,5245,4979
1998,1999,1166,4598,3928
1999,2000,1686,6600,3753
2000,2001,1312,2443,4025
2001,2002,565,4224,3758
2002,2003,1841,3279,4612
2003,2004,1029,7224,4132
2004,2005,253,5891,4475
2005,2006,1339,2736,3437
2006,2007,277,926,1834
2007,2008,2340,768,1684
2008,2009,260,932,1944
2009,2010,540,693,1249
2010,2011,1607,6950,3987
2011,2012,2659,5251,5150
2012,2013,339,5944,4524
2013,2014,270,4135,4349
2014,2015,1187,1195,3421
2015,2016,1341,976,1999
2016,2017,416,4142,4820
2017,2018,508,5960,3128
2018,2019,1264,4171,3900
2019,2020,1603,262,162
2020,2021,938,3309,3349
2021,2022,1174,5270,4793
2022,2023,1887,822,2022
2023,2024,1249,4068,4339
2024,2025,1134,6688,4165
2025,2026,1765,147,505
2026,2027,665,2470,4541
2027,2028,664,2943,2882
2028,2029,402,2646,4323
2029,2030,781,5795,4299
2030,2031,969,348,2180
2031,2032,881,859,2027
2032,2033,302,236,373
2033,2034,833,2577,2164
2034,2035,1028,6620,2999
2035,2036,1590,6720,3626
2036,2037,407,4567,4892
2037,2038,1084,7280,4189
2038,2039,1614,4779,3976
2039,2040,1107,2146,2840
2040,2041,1032,1040,1828
2041,2042,1645,4650,5014
2042,2043,1226,4280,4838
2043,2044,1211,3157,4484
2044,2045,1257,2798,4275
2045,2046,538,1073,1704
2046,2047,640,6342,4054
2047,2048,249,1240,3680
2048,2049,1589,6429,4228
2049,2050,1247,787,3106
2050,2051,805,4661,5358
2051,2052,1483,985,997
2052,2053,1492,4460,4882
2053,2054,1173,2058,3553
2054,2055,357,5954,4690
2055,2056,2199,3872,5309
2056,2057,1207,5344,4824
2057,2058,979,2539,2461
2058,2059,1284,2992,4406
2059,2060,1215,4946,3895
2060,2061,1039,6447,3174
2061,2062,959,5815,4567
2062,2063,497,3253,4551
2063,2064,933,1192,3680
2064,2065,999,6475,4666
2065,2066,804,6300,3179
2066,2067,839,2300,2702
2067,2068,1038,6852,4415
2068,2069,1113,3567,5239
2069,2070,1387,690,1698
2070,2071,986,5082,3524
2071,2072,1228,112,818
2072,2073,948,449,901
2073,2074,1021,2121,3973
2074,2075,752,66,459
2075,2076,1081,1601,3837
2076,2077,987,4651,3623
2077,2078,779,1339,2751
2078,2079,1317,7356,4027
2079,2080,1173,1235,2612
2080,2081,583,11,973
2081,2082,362,5542,4592
2082,2083,850,6318,4092
2083,2084,834,3668,4494
2084,2085,668,974,2269
2085,2086,1939,5324,4100
2086,2087,2372,6180,4210
2087,2088,205,5278,4732
2088,2089,1368,2099,2196
2089,2090,1292,2605,4207
2090,2091,497,1046,1170
2091,2092,444,816,847
2092,2093,1184,4384,4019
2093,2094,261,3927,4738
2094,2095,418,4478,3999
2095,2096,973,3801,3781
2096,2097,1727,585,2466
2097,2098,346,5895,3968
2098,2099,1182,3548,3839
2099,2100,1514,1052,2121
2100,2101,1305,4119,4751
2101,2102,1172,4688,4851
2102,2103,1504,1432,1297
2103,2104,1151,3811,4743
2104,2105,1166,5102,4839
2105,2106,1011,3372,3614
2106,2107,692,603,1060
2107,2108,1316,7019,3786
2108,2109,224,1648,4193
2109,2110,1184,1533,3336
2110,2111,329,871,1775
2111,2112,287,2189,1801
2112,2113,713,925,1495
2113,2114,1533,3550,4546
2114,2115,885,1948,2206
2115,2116,1145,436,346
2116,2117,376,6232,4112
2117,2118,1447,4400,4963
2118,2119,1368,2381,4700
2119,2120,363,6139,3093
2120,2121,1393,108,1466
2121,2122,2471,76,1415
2122,2123,1258,7011,4252
2123,2124,421,2441,4600
2124,2125,1110,6604,3679
2125,2126,274,3937,4686
2126,2127,225,2503,4236
2127,2128,428,6985,3489
2128,2129,2825,1714,4110
2129,2130,1071,5491,4857
2130,2131,1239,3652,4038
2131,2132,712,420,2188
2132,2133,1007,444,2029
2133,2134,634,1501,2905
2134,2135,427,3206,4404
2135,2136,1618,6271,4403
2136,2137,589,4069,5349
2137,2138,434,4171,3974
2138,2139,736,3264,4452
2139,2140,1054,2152,3756
2140,2141,1976,1507,2224
2141,2142,364,133,352
2142,2143,962,4762,3635
2143,2144,311,1325,2683
2144,2145,1229,1362,2638
2145,2146,1136,4732,3990
2146,2147,1148,337,247
2147,2148,343,1781,1456
2148,2149,1258,5205,4578
2149,2150,1094,3691,3946
2150,2151,1113,6811,4319
2151,2152,1081,6550,3712
2152,2153,339,6423,4685
2153,2154,1294,4061,3425
2154,2155,720,4925,4986
2155,2156,1494,2960,2689
2156,2157,1782,6780,3733
2157,2158,1804,3057,4445
2158,2159,1576,2705,4775
2159,2160,1553,1817,3454
2160,2161,258,1306,3759
2161,2162,1323,5051,4572
2162,2163,1683,7043,4297
2163,2164,1001,216,1846
2164,2165,1697,1476,1416
2165,2166,332,3124,5049
2166,2167,726,593,2320
2167,2168,1566,5681,5189
2168,2169,1402,2298,3928
2169,2170,1821,5954,4395
2170,2171,1908,282,2059
2171,2172,500,2556,4269
2172,2173,325,5470,4029
2173,2174,1343,3638,3541
2174,2175,1362,2714,2929
2175,2176,931,2079,1853
2176,2177,670,870,1025
2177,2178,409,3814,5094
2178,2179,511,5624,4871
2179,2180,1952,1366,2982
2180,2181,1055,6043,5137
2181,2182,1938,1235,2430
2182,2183,1509,4605,5045
2183,2184,961,3991,5335
2184,2185,2547,5121,5391
2185,2186,2006,3080,4392
2186,2187,1578,3957,3283
2187,2188,1189,6063,4594
2188,2189,426,3440,5069
2189,2190,2894,2307,3998
2190,2191,710,6554,2673
2191,2192,1217,4978,4278
2192,2193,1054,6074,3226
2193,2194,1210,2615,2422
2194,2195,358,829,969
2195,2196,500,4692,3831
2196,2197,1320,48,922
2197,2198,2450,2967,3500
2198,2199,1292,6370,4036
2199,2200,245,6173,4435
2200,2201,1397,3302,4465
2201,2202,890,4259,5349
2202,2203,2374,1097,2392
2203,2204,1368,277,1435
2204,2205,1584,918,1567
2205,2206,902,2919,4496
2206,2207,237,5337,4793
2207,2208,1587,6584,4663
2208,2209,1727,1147,2347
2209,2210,1306,2903,4361
2210,2211,1261,2341,4033
2211,2212,3577,6294,4226
2212,2213,1421,3240,4592
2213,2214,1033,59,369
2214,2215,1182,1883,3582
2215,2216,1121,5800,3717
2216,2217,1618,4323,3668
2217,2218,1275,5395,3448
2218,2219,852,4240,4318
2219,2220,215,1120,2472
2220,2221,230,1784,3480
2221,2222,471,647,2710
2222,2223,921,826,768
2223,2224,780,6724,4662
2224,2225,2201,1271,2706
2225,2226,1363,6506,3865
2226,2227,395,6867,3955
2227,2228,839,1186,1298
2228,2229,1312,373,1526
2229,2230,1667,6444,4011
2230,2231,850,3132,5084
2231,2232,1252,2645,2766
2232,2233,1176,2805,2630
2233,2234,395,3134,4491
2234,2235,607,3281,3448
2235,2236,1816,7027,3543
2236,2237,1273,1641,3027
2237,2238,1477,2252,4034
2238,2239,1455,3037,4585
2239,2240,816,4060,4883
2240,2241,1228,188,750
2241,2242,571,942,1843
2242,2243,774,4585,5362
2243,2244,1238,5825,3391
2244,2245,420,1683,1613
2245,2246,1227,548,527
2246,2247,346,2307,3813
2247,2248,1324,5066,5107
2248,2249,305,491,1343
2249,2250,562,5071,5272
2250,2251,758,1108,2177
2251,2252,1177,1453,3000
2252,2253,294,4959,4811
2253,2254,818,3974,4825
2254,2255,1174,613,2559
2255,2256,868,2743,3401
2256,2257,937,1238,2704
2257,2258,440,7500,4123
2258,2259,973,6620,4091
2259,2260,208,3719,4659
2260,2261,1765,917,1251
2261,2262,555,4901,3667
2262,2263,896,1852,3103
2263,2264,1197,177,478
2264,2265,1238,7057,3871
2265,2266,1518,1746,3399
2266,2267,788,3081,2777
2267,2268,1212,1119,1382
2268,2269,1785,3121,3624
2269,2270,1077,2167,4212
2270,2271,1158,1492,2943
2271,2272,886,5371,4806
2272,2273,877,2193,3916
2273,2274,1014,786,2901
2274,2275,1050,5869,3362
2275,2276,291,172,1518
2276,2277,1331,1303,2895
2277,2278,1673,965,767
2278,2279,921,2406,4004
2279,2280,434,947,1791
2280,2281,249,1586,4120
2281,2282,1279,7317,4199
2282,2283,1080,832,1854
2283,2284,1179,3296,5089
2284,2285,1117,3154,4261
2285,2286,1311,6478,4043
2286,2287,997,4708,5056
2287,2288,1575,5994,4614
2288,2289,1423,771,1006
2289,2290,397,7372,4305
2290,2291,1801,6415,4517
2291,2292,1659,7007,4508
2292,2293,763,3161,4430
2293,2294,1774,5304,3523
2294,2295,1235,1421,3754
2295,2296,1264,1027,962
2296,2297,1445,1267,2301
2297,2298,2373,147,1663
2298,2299,964,1219,3685
2299,2300,2182,42,1274
2300,2301,1246,55,1051
2301,2302,539,2703,2756
2302,2303,1124,4099,5316
2303,2304,245,872,1877
2304,2305,1567,5682,4745
2305,2306,912,4308,4858
2306,2307,1136,5216,4958
2307,2308,493,4896,3964
2308,2309,298,5879,4529
2309,2310,1295,2970,4311
2310,2311,2824,4921,3634
2311,2312,273,48,544
2312,2313,205,1683,4266
2313,2314,1158,5456,4007
2314,2315,1120,1999,3686
2315,2316,374,6219,2933
2316,2317,1377,2531,3965
2317,2318,2070,6761,3651
2318,2319,1344,6162,3081
2319,2320,973,1605,2025
2320,2321,987,2875,2607
2321,2322,482,4666,4328
2322,2323,1036,2092,1916
2323,2324,340,3750,4663
2324,2325,1690,1840,3528
2325,2326,897,6376,4927
2326,2327,1764,7054,3633
2327,2328,850,5637,3393
2328,2329,997,1849,2209
2329,2330,1024,4698,4909
2330,2331,250,5106,4414
2331,2332,1815,3776,4749
2332,2333,374,2063,3113
2333,2334,1226,4391,3809
2334,2335,422,5906,3399
2335,2336,267,1287,2488
2336,2337,1401,2959,2521
2337,2338,1597,5233,4784
2338,2339,1399,455,314
2339,2340,874,3612,4717
2340,2341,1598,2801,4320
2341,2342,1230,2211,4497
2342,2343,683,1571,3731
2343,2344,283,3699,5109
2344,2345,622,4961,3789
2345,2346,3115,1361,3881
2346,2347,2453,2530,4049
2347,2348,1971,1220,1273
2348,2349,1054,5326,4614
2349,2350,1336,2343,2502
2350,2351,1476,2217,3754
2351,2352,802,1386,2873
2352,2353,224,4171,4993
2353,2354,1389,400,1032
2354,2355,712,87,376
2355,2356,1399,1955,1618
2356,2357,2072,1474,3386
2357,2358,1573,5997,4404
2358,2359,203,838,1198
2359,2360,1397,1884,3411
2360,2361,1322,4914,5399
2361,2362,1627,4186,4791
2362,2363,1533,3479,3790
2363,2364,1040,863,2853
2364,2365,936,4888,5324
2365,2366,265,787,1560
2366,2367,1268,2474,4020
2367,2368,960,2826,3313
2368,2369,1264,4647,3932
2369,2370,247,1874,3528
2370,2371,1279,3555,3694
2371,2372,689,2748,4946
2372,2373,1697,1653,3183
2373,2374,388,5263,4697
2374,2375,354,1278,2431
2375,2376,1528,6492,4496
2376,2377,392,2059,2206
2377,2378,594,1144,3045
2378,2379,662,4775,4850
2379,2380,1190,5276,4116
2380,2381,272,5546,3874
2381,2382,1433,4773,4946
2382,2383,1259,7406,4044
2383,2384,1163,7091,4482
2384,2385,1159,561,1736
2385,2386,1576,6632,3978
2386,2387,503,6888,4133
2387,2388,409,4086,4478
2388,2389,250,1772,3479
2389,2390,1994,7088,4363
2390,2391,800,2988,2993
2391,2392,980,4147,4995
2392,2393,225,897,1296
2393,2394,1353,1503,2146
2394,2395,1287,2388,3110
2395,2396,876,1102,2056
2396,2397,716,4764,5346
2397,2398,1436,3682,3456
2398,2399,429,1458,3134
2399,2400,1198,7280,3956
2400,2401,1192,2719,2511
2401,2402,1171,4169,3951
2402,2403,1163,5545,3945
2403,2404,1432,6175,4287
2404,2405,385,4912,4968
2405,2406,214,2155,3880
2406,2407,1296,1267,3460
2407,2408,838,5631,3844
2408,2409,2159,1286,2566
2409,2410,1280,3905,5250
2410,2411,1247,2771,4266
2411,2412,971,1240,3538
2412,2413,743,9,783
2413,2414,2380,2640,4272
2414,2415,1125,4810,5344
2415,2416,1473,5412,4815
2416,2417,1613,6484,4970
2417,2418,2120,1007,2190
2418,2419,1618,2806,3107
2419,2420,852,4882,3753
2420,2421,1188,2248,2182
2421,2422,710,3310,4626
2422,2423,1344,3647,5166
2423,2424,595,6943,3459
2424,2425,366,3222,2991
2425,2426,1536,1178,2660
2426,2427,1093,1092,3505
2427,2428,2321,2648,4920
2428,2429,1739,637,2811
2429,2430,759,1508,3829
2430,2431,2065,6364,3506
2431,2432,1367,4989,4685
2432,2433,1544,5963,4437
2433,2434,1167,1339,2951
2434,2435,524,3011,4958
2435,2436,1105,2195,2040
2436,2437,305,5951,3094
2437,2438,1089,6513,3904
2438,2439,1691,1351,3330
2439,2440,974,101,1511
2440,2441,1585,1734,4245
2441,2442,265,4083,4493
2442,2443,948,7387,4157
2443,2444,918,4640,4906
2444,2445,1129,4470,5355
2445,2446,1216,4693,4224
2446,2447,1039,5635,5160
2447,2448,1043,1677,4059
2448,2449,1164,5935,4500
2449,2450,1515,1684,3212
2450,2451,533,3620,3136
2451,2452,1987,3628,5246
2452,2453,1082,706,671
2453,2454,360,6562,4368
2454,2455,910,541,2323
2455,2456,936,1358,3847
2456,2457,1544,5738,3323
2457,2458,524,1812,1507
2458,2459,1218,1576,3134
2459,2460,718,2100,3772
2460,2461,574,1444,2685
2461,2462,1127,2273,3915
2462,2463,630,930,3021
2463,2464,2630,3784,3393
2464,2465,236,4146,4807
2465,2466,1927,7297,4269
2466,2467,942,1525,3066
2467,2468,1779,6284,4163
2468,2469,1167,6113,4262
2469,2470,846,1891,3624
2470,2471,1764,7476,4241
2471,2472,424,1687,3060
2472,2473,2455,2422,3955
2473,2474,534,2540,3512
2474,2475,1466,7229,3812
2475,2476,1364,5594,4612
2476,2477,1432,1165,2586
2477,2478,1289,3997,4710
2478,2479,285,2166,3837
2479,2480,304,183,520
2480,2481,581,4467,4603
2481,2482,1422,6219,4457
2482,2483,683,4292,5382
2483,2484,598,4825,3728
2484,2485,396,3223,2904
2485,2486,401,6418,3991
2486,2487,233,6136,4464
2487,2488,207,3034,4474
2488,2489,1553,5789,5004
2489,2490,1202,3774,5017
2490,2491,784,1927,3459
2491,2492,2945,1136,3580
2492,2493,278,3516,4670
2493,2494,436,3309,3320
2494,2495,1361,3550,5165
2495,2496,1413,5367,4692
2496,2497,1489,3086,5015
2497,2498,1239,5333,4721
2498,2499,1810,1605,1327
2499,2500,1006,6463,4413
2500,2501,336,3100,4432
2501,2502,1714,3573,4711
2502,2503,1466,5210,5250
2503,2504,981,10,743
2504,2505,1846,4434,4838
2505,2506,603,2805,2764
2506,2507,333,6482,2719
2507,2508,201,3256,4538
2508,2509,352,2486,2100
2509,2510,1593,5332,4450
2510,2511,331,3654,5265
2511,2512,1356,1424,2940
2512,2513,1412,3825,4690
2513,2514,1523,720,1480
2514,2515,978,2746,2687
2515,2516,1316,2280,2035
2516,2517,578,6874,4107
2517,2518,717,4383,4992
2518,2519,1931,921,1424
2519,2520,763,6261,4464
2520,2521,1744,5959,4890
2521,2522,1268,3754,5232
2522,2523,238,166,701
2523,2524,2582,6035,4842
2524,2525,229,272,2024
2525,2526,1524,2846,3098
2526,2527,540,841,933
2527,2528,722,3057,2766
2528,2529,1080,4542,5343
2529,2530,1414,4049,4853
2530,2531,934,5789,3286
2531,2532,224,2848,4812
2532,2533,282,5049,4548
2533,2534,425,715,1396
2534,2535,2376,6555,4415
2535,2536,1709,3503,5181
2536,2537,1155,1342,2719
2537,2538,906,565,2405
2538,2539,1199,2400,4223
2539,2540,828,5608,4206
2540,2541,958,5771,4642
2541,2542,1611,5134,4946
2542,2543,1282,4109,3623
2543,2544,249,4723,4843
2544,2545,1065,5752,3622
2545,2546,1260,5783,5312
2546,2547,1409,2988,4347
2547,2548,354,1323,3013
2548,2549,1870,948,1651
2549,2550,500,6961,4128
2550,2551,357,1464,3813
2551,2552,1032,3049,4718
2552,2553,1375,7401,4287
2553,2554,1233,2176,2996
2554,2555,1141,193,164
2555,2556,263,6787,3622
2556,2557,1743,2074,2357
2557,2558,540,3513,3523
2558,2559,1815,3494,4520
2559,2560,864,3342,3623
2560,2561,1258,6804,4098
2561,2562,1173,220,501
2562,2563,1329,4103,4032
2563,2564,1244,2858,4948
2564,2565,1163,1125,917
2565,2566,359,4857,5404
2566,2567,2693,6630,3717
2567,2568,1259,4280,3539
2568,2569,682,5241,4737
2569,2570,1117,6329,3078
2570,2571,204,1941,2558
2571,2572,1031,6297,4693
2572,2573,1049,1905,3600
2573,2574,297,4825,4998
2574,2575,840,825,1485
2575,2576,886,4211,3883
2576,2577,578,2871,3002
2577,2578,1407,7112,3561
2578,2579,1600,4502,4892
2579,2580,2513,5496,4654
2580,2581,1453,1313,2043
2581,2582,758,5516,3515
2582,2583,1310,5454,4819
2583,2584,1535,5651,3888
2584,2585,1870,3827,3767
2585,2586,234,886,1782
2586,2587,1593,6142,4222
2587,2588,256,3112,4413
2588,2589,2027,6529,3987
2589,2590,1180,1549,2387
2590,2591,897,6907,3987
2591,2592,1125,3305,4012
2592,2593,1052,5858,3338
2593,2594,1639,5901,4920
2594,2595,1115,6236,4881
2595,2596,1223,3180,3689
2596,2597,440,5920,3291
2597,2598,298,1556,3634
2598,2599,344,904,1390
2599,2600,1232,3578,3656
2600,2601,1150,2232,4290
2601,2602,870,4564,4956
2602,2603,1214,2110,2289
2603,2604,2842,6474,2755
2604,2605,1330,5529,4632
2605,2606,337,3110,4501
2606,2607,897,1528,3139
2607,2608,846,2555,4180
2608,2609,2246,2570,4071
2609,2610,234,5448,4642
2610,2611,1351,5529,3600
2611,2612,342,3022,3182
2612,2613,208,5043,3971
2613,2614,1044,1973,1937
2614,2615,1158,1727,3143
2615,2616,924,5462,4665
2616,2617,787,70,1355
2617,2618,1171,6884,3593
2618,2619,1112,3198,2930
2619,2620,1215,5370,4648
2620,2621,1511,2334,4077
2621,2622,644,1033,1970
2622,2623,483,874,3093
2623,2624,1616,4263,3966
2624,2625,981,2589,4097
2625,2626,775,640,982
2626,2627,1129,3084,2902
2627,2628,1056,1182,2282
2628,2629,301,1198,3514
2629,2630,1428,4753,4981
2630,2631,493,5917,3311
2631,2632,473,2889,2996
2632,2633,372,892,794
2633,2634,1065,4681,4005
2634,2635,1311,3133,4886
2635,2636,221,4224,3924
2636,2637,2382,550,2626
2637,2638,882,5296,3414
2638,2639,664,5435,3773
2639,2640,305,3839,3723
2640,2641,1915,3125,4453
2641,2642,975,2797,3058
2642,2643,355,860,1758
2643,2644,2590,7156,3827
2644,2645,1941,4995,5379
2645,2646,2012,2294,4732
2646,2647,1647,6414,4356
2647,2648,1308,6144,4308
2648,2649,1295,3543,4679
2649,2650,1133,2597,4740
2650,2651,428,1716,2286
2651,2652,422,539,2132
2652,2653,1485,5967,5073
2653,2654,1139,3365,5082
2654,2655,1164,905,928
2655,2656,1110,5754,4673
2656,2657,1330,2754,4392
2657,2658,1205,3465,3144
2658,2659,1288,1401,1914
2659,2660,1166,5491,4080
2660,2661,1233,2746,2764
2661,2662,1371,2264,3848
2662,2663,520,6495,2956
2663,2664,581,3300,3611
2664,2665,1267,5361,3973
2665,2666,2008,3640,4602
2666,2667,389,3122,4390
2667,2668,1391,6436,3311
2668,2669,441,5398,4700
2669,2670,377,6196,3089
2670,2671,1597,2217,4619
2671,2672,1226,4248,3524
2672,2673,493,6692,3084
2673,2674,1469,3711,4835
2674,2675,908,6419,4268
2675,2676,982,3060,4257
2676,2677,1264,7329,4156
2677,2678,1670,241,1545
2678,2679,932,4004,4664
2679,2680,252,2316,4030
2680,2681,1212,6324,2915
2681,2682,456,7344,3958
2682,2683,1198,4346,3545
2683,2684,528,3328,3336
2684,2685,519,854,715
2685,2686,1829,985,1849
2686,2687,555,2642,2828
2687,2688,396,2439,2402
2688,2689,254,1918,2053
2689,2690,1001,6233,4258
2690,2691,316,3758,4095
2691,2692,955,4133,4370
2692,2693,1454,1179,3623
2693,2694,2053,1673,3395
2694,2695,1189,3963,3600
2695,2696,932,5429,4734
2696,2697,1687,4473,3686
2697,2698,796,1571,3197
2698,2699,270,7011,3418
2699,2700,1288,3523,4176
2700,2701,784,489,1423
2701,2702,1189,1851,2886
2702,2703,1900,6221,4287
2703,2704,605,7017,4131
2704,2705,857,5615,4747
2705,2706,272,5673,4561
2706,2707,1312,2486,3816
2707,2708,1054,2591,2574
2708,2709,1043,515,1698
2709,2710,1488,5212,5345
2710,2711,1157,4728,5305
2711,2712,1165,5312,3651
2712,2713,1187,5536,4682
2713,2714,403,3368,3821
2714,2715,1292,858,3015
2715,2716,453,6152,3683
2716,2717,968,730,646
2717,2718,559,1920,3377
2718,2719,1034,3617,5190
2719,2720,516,2514,3046
2720,2721,1364,3838,4723
2721,2722,317,5994,3228
2722,2723,251,4317,3690
2723,2724,1850,2174,3813
2724,2725,486,3027,4497
2725,2726,822,3009,4985
2726,2727,659,583,2629
2727,2728,2496,2658,4203
2728,2729,1948,3321,4509
2729,2730,1740,7271,4379
2730,2731,1029,247,1627
2731,2732,647,4989,3972
2732,2733,359,5424,4250
2733,2734,1493,2885,3686
2734,2735,965,4590,4842
2735,2736,1628,6265,2931
2736,2737,446,6749,3240
2737,2738,1107,6619,4427
2738,2739,285,878,691
2739,2740,1415,1928,3252
2740,2741,273,1400,3065
2741,2742,1222,160,60
2742,2743,1482,2024,4387
2743,2744,397,1933,2060
2744,2745,991,5880,4947
2745,2746,2190,6815,3494
2746,2747,369,3219,4389
2747,2748,1544,125,1607
2748,2749,2309,3529,5228
2749,2750,512,3553,3580
2750,2751,900,2664,3061
2751,2752,1067,2278,2579
2752,2753,1168,4061,4271
2753,2754,1405,1216,2778
2754,2755,477,972,3002
2755,2756,1108,4660,4606
2756,2757,1287,160,1050
2757,2758,2078,3293,3227
2758,2759,351,2094,1870
2759,2760,245,977,1679
2760,2761,1491,2832,4357
2761,2762,313,5735,3592
2762,2763,272,1120,892
2763,2764,985,5456,4748
2764,2765,1328,3400,3888
2765,2766,453,4873,5404
2766,2767,1852,6107,4307
2767,2768,581,5878,3586
2768,2769,1039,4336,3643
2769,2770,1272,2489,4285
2770,2771,308,6530,3735
2771,2772,715,2625,4317
2772,2773,1067,1493,1877
2773,2774,1240,677,800
2774,2775,1515,3233,5150
2775,2776,1219,5268,4758
2776,2777,1254,5463,3801
2777,2778,279,5107,4762
2778,2779,1160,4662,4557
2779,2780,586,5344,4632
2780,2781,796,1588,3068
2781,2782,476,810,1883
2782,2783,2157,6762,4160
2783,2784,1554,1854,3565
2784,2785,1342,4375,4867
2785,2786,319,3699,3920
2786,2787,1034,3603,5049
2787,2788,1281,931,1872
2788,2789,1438,5808,4527
2789,2790,792,1378,3991
2790,2791,1174,4584,5232
2791,2792,744,6438,3147
2792,2793,253,908,1375
2793,2794,1182,3482,3336
2794,2795,2039,2526,3920
2795,2796,1418,2736,4258
2796,2797,1264,1710,2372
2797,2798,2255,2855,5033
2798,2799,2032,1560,3275
2799,2800,627,5860,4527
2800,2801,869,4358,3520
2801,2802,1285,2769,2348
2802,2803,1200,5492,5321
2803,2804,746,2579,2406
2804,2805,1165,3370,3442
2805,2806,705,1217,1858
2806,2807,2946,3046,5094
2807,2808,1043,5440,4214
2808,2809,1535,5829,4625
2809,2810,1157,1251,2641
2810,2811,283,867,1067
2811,2812,1435,2102,3664
2812,2813,1053,3539,3598
2813,2814,1054,1641,4011
2814,2815,1261,1606,3254
2815,2816,327,3763,4655
2816,2817,310,828,1893
2817,2818,1323,2202,4242
2818,2819,1229,1695,4151
2819,2820,1204,4358,3792
2820,2821,1503,3795,3449
2821,2822,1276,1438,2006
2822,2823,836,4447,4985
2823,2824,1790,6148,4730
2824,2825,1292,2802,2431
2825,2826,1777,6352,2872
2826,2827,1797,1431,2595
2827,2828,1477,438,2087
2828,2829,1356,2695,4203
2829,2830,1232,5481,3452
2830,2831,1077,1974,2576
2831,2832,1256,4246,4474
2832,2833,1323,5397,5209
2833,2834,1723,5933,5178
2834,2835,1216,3251,2858
2835,2836,315,6547,3742
2836,2837,2156,3136,4532
2837,2838,1225,3603,4677
2838,2839,1061,913,792
2839,2840,1163,1707,3292
2840,2841,1576,4554,4927
2841,2842,1275,755,3015
2842,2843,1232,2462,2685
2843,2844,1239,6242,4827
2844,2845,1084,2511,4151
2845,2846,1227,1041,3225
2846,2847,1334,7028,4167
2847,2848,1251,3249,5071
2848,2849,1378,4301,4811
2849,2850,298,994,2045
2850,2851,1502,5424,3820
2851,2852,1278,6612,3796
2852,2853,1368,6680,3629
2853,2854,1411,5463,5144
2854,2855,880,3506,4733
2855,2856,1377,421,1184
2856,2857,390,5239,4826
2857,2858,1787,6378,4116
2858,2859,1352,4209,4908
2859,2860,1157,131,1527
2860,2861,806,6538,2929
2861,2862,1817,6738,3796
2862,2863,1590,3029,4418
2863,2864,293,6866,3569
2864,2865,221,1362,3955
2865,2866,426,418,1642
2866,2867,1032,1051,2360
2867,2868,1187,4229,4835
2868,2869,1509,1748,3310
2869,2870,4653,5827,5265
2870,2871,1299,3734,4639
2871,2872,769,6407,4025
2872,2873,1531,882,2593
2873,2874,636,2108,3031
2874,2875,910,2885,2646
2875,2876,1599,6975,3391
2876,2877,1789,1767,3515
2877,2878,681,2823,2362
2878,2879,1102,4570,5421
2879,2880,1037,1267,2796
2880,2881,722,2902,5010
2881,2882,1076,6557,4750
2882,2883,713,4329,4905
2883,2884,1347,3329,4583
2884,2885,1506,857,2657
2885,2886,913,2708,4241
2886,2887,1416,2132,3837
2887,2888,1498,596,2726
2888,2889,1204,2819,4243
2889,2890,1018,1930,2830
2890,2891,1594,4691,5235
2891,2892,1098,2955,4349
2892,2893,1198,1919,2534
2893,2894,1275,3182,4454
2894,2895,279,1377,3546
2895,2896,1771,5318,4980
2896,2897,363,76,787
2897,2898,1038,142,1328
2898,2899,1322,2587,4285
2899,2900,1105,6095,4065
2900,2901,1490,4312,3943
2901,2902,241,1140,2576
2902,2903,1360,7110,4405
2903,2904,1652,3360,4488
2904,2905,313,2787,3459
2905,2906,1070,2060,3809
2906,2907,812,5727,3611
2907,2908,245,2439,4582
2908,2909,348,949,1436
2909,2910,354,7134,3935
2910,2911,879,3760,4041
2911,2912,1747,1754,4276
2912,2913,441,5417,5343
2913,2914,582,2512,4256
2914,2915,235,5338,5235
2915,2916,960,2477,2188
2916,2917,1414,6036,4176
2917,2918,267,2600,3355
2918,2919,1179,288,419
2919,2920,1567,6465,4942
2920,2921,1343,6603,4196
2921,2922,1086,4321,3753
2922,2923,358,841,1220
2923,2924,929,886,2922
2924,2925,1927,7118,4443
2925,2926,366,7037,4255
2926,2927,983,2057,4400
2927,2928,1903,1343,2912
2928,2929,203,1211,3729
2929,2930,1118,4096,3436
2930,2931,528,927,2011
2931,2932,934,2838,2443
2932,2933,206,5951,4346
2933,2934,257,1316,2633
2934,2935,1316,1855,3391
2935,2936,344,6328,4140
2936,2937,832,2049,4428
2937,2938,1033,1461,2884
2938,2939,473,6867,4180
2939,2940,258,883,1012
2940,2941,941,4381,5314
2941,2942,1314,2339,3859
2942,2943,1431,1848,3481
2943,2944,1728,427,2381
2944,2945,1003,1125,3636
2945,2946,363,2348,1939
2946,2947,453,3409,3692
2947,2948,228,1176,2484
2948,2949,1954,6667,3680
2949,2950,1064,2731,4826
2950,2951,1663,1003,1913
2951,2952,883,1825,3617
2952,2953,2044,1840,4371
2953,2954,564,4549,5390
2954,2955,2082,2752,4985
2955,2956,1056,7477,4287
2956,2957,873,6645,4347
2957,2958,425,1023,1854
2958,2959,1128,1109,2352
2959,2960,375,6493,2712
2960,2961,869,1467,3044
2961,2962,494,1903,4366
2962,2963,1536,848,3150
2963,2964,881,5932,4428
2964,2965,2030,4485,4846
2965,2966,1058,161,1231
2966,2967,1294,2025,3653
2967,2968,2685,486,2488
2968,2969,233,2550,4158
2969,2970,288,6475,3820
2970,2971,1078,1610,2222
2971,2972,1236,5853,5121
2972,2973,1711,6625,3653
2973,2974,1273,4956,5118
2974,2975,1161,5192,4828
2975,2976,1171,2845,4392
2976,2977,1505,6491,4635
2977,2978,1422,5302,4740
2978,2979,1205,3455,3627
2979,2980,852,2994,5031
2980,2981,951,4969,5329
2981,2982,390,2859,3214
2982,2983,209,816,890
2983,2984,1236,773,1638
2984,2985,1313,959,2877
2985,2986,1257,3044,2739
2986,2987,1153,6237,4988
2987,2988,1402,383,891
2988,2989,1769,1623,1728
2989,2990,228,1310,3740
2990,2991,1440,6454,4065
2991,2992,293,825,1206
2992,2993,1177,6492,4196
2993,2994,968,3137,4607
2994,2995,268,4110,5292
2995,2996,305,837,1245
2996,2997,1195,4591,4960
2997,2998,1154,2397,4143
2998,2999,646,747,761
2999,3000,1155,6702,4325
3000,3001,729,168,262
3001,3002,831,124,87
3002,3003,1127,3439,5097
3003,3004,1296,2934,3140
3004,3005,347,1639,4216
3005,3006,1219,4276,5007
3006,3007,1195,4179,3518
3007,3008,726,819,1582
3008,3009,1968,1984,3542
3009,3010,422,1368,1313
3010,3011,273,6800,4072
3011,3012,437,3403,3718
3012,3013,1193,3776,5079
3013,3014,1835,6100,4388
3014,3015,234,2909,4976
3015,3016,437,5144,3970
3016,3017,895,1804,3520
3017,3018,1308,7114,4244
3018,3019,1653,5639,3656
3019,3020,1428,2478,3706
3020,3021,1503,3412,4550
3021,3022,1201,2675,4758
3022,3023,1472,6382,3997
3023,3024,355,2336,2860
3024,3025,886,3905,4564
3025,3026,1269,5231,3722
3026,3027,1302,3201,4667
3027,3028,1261,2246,3764
3028,3029,1140,498,2114
3029,3030,300,6856,3597
3030,3031,1434,5777,4540
3031,3032,1525,4451,5393
3032,3033,800,1963,2033
3033,3034,1101,4953,5272
3034,3035,643,6018,3160
3035,3036,910,3390,4573
3036,3037,453,2230,3796
3037,3038,384,5194,4000
3038,3039,227,1356,2886
3039,3040,1346,3675,4612
3040,3041,819,6518,4520
3041,3042,703,2742,3352
3042,3043,831,5872,3147
3043,3044,1250,5453,3890
3044,3045,1410,1240,3340
3045,3046,1438,740,1744
3046,3047,652,3298,5176
3047,3048,1053,3829,5146
3048,3049,1401,4735,4919
3049,3050,1399,1729,3525
3050,3051,1171,3362,3515
3051,3052,1625,911,2507
3052,3053,222,765,2383
3053,3054,1557,2908,4444
3054,3055,1708,5804,4594
3055,3056,1083,1606,1533
3056,3057,263,2083,2435
3057,3058,299,3239,4468
3058,3059,1192,5852,3259
3059,3060,1554,2522,3019
3060,3061,1051,2192,4676
3061,3062,281,1041,2008
3062,3063,1135,1364,3762
3063,3064,991,777,2820
3064,3065,1422,4215,4940
3065,3066,1011,6415,4794
3066,3067,1286,1734,3600
3067,3068,1441,5741,4556
3068,3069,428,1076,1995
3069,3070,1245,1169,2068
3070,3071,1562,3614,4516
3071,3072,1906,6822,3763
3072,3073,760,5106,4801
3073,3074,304,7065,4095
3074,3075,1859,4523,4972
3075,3076,2525,6417,4086
3076,3077,592,31,1116
3077,3078,345,2711,4912
3078,3079,1373,3954,4798
3079,3080,1065,1970,1907
3080,3081,1282,2127,4577
3081,3082,861,1618,3092
3082,3083,1651,3438,4501
3083,3084,274,3857,4708
3084,3085,392,178,535
3085,3086,404,5605,4976
3086,3087,1432,6943,3593
3087,3088,1316,752,1246
3088,3089,293,6080,4291
3089,3090,229,3803,4773
3090,3091,1543,1105,2109
3091,3092,917,115,22
3092,3093,1214,5296,4831
3093,3094,1785,1376,2766
3094,3095,1247,256,1141
3095,3096,1583,4252,4870
3096,3097,250,5889,4462
3097,3098,999,2789,4494
3098,3099,419,545,1427
3099,3100,1206,4830,4962
3100,3101,1571,6624,2963
3101,3102,808,1779,2405
3102,3103,922,4875,5286
3103,3104,272,3702,4659
3104,3105,1434,5626,4628
3105,3106,983,190,1237
3106,3107,789,5880,4074
3107,3108,1156,3830,4826
3108,3109,1365,1688,1562
3109,3110,1162,1265,2768
3110,3111,1035,4312,5304
3111,3112,1160,731,2584
3112,3113,1317,700,2137
3113,3114,868,2006,3713
3114,3115,1574,1715,3383
3115,3116,967,606,1001
3116,3117,1125,911,2888
3117,3118,1084,6353,4758
3118,3119,2092,5030,3934
3119,3120,1182,2939,5050
3120,3121,1294,676,1962
3121,3122,1284,5480,4694
3122,3123,305,6348,4791
3123,3124,832,4751,3704
3124,3125,1307,5811,4671
3125,3126,1992,5562,4627
3126,3127,869,1414,2872
3127,3128,334,2462,2791
3128,3129,1570,2127,3874
3129,3130,267,1856,3420
3130,3131,544,24,605
3131,3132,1111,253,1349
3132,3133,1347,1513,3182
3133,3134,1160,6362,3945
3134,3135,1485,1277,2853
3135,3136,1225,3800,4666
3136,3137,1472,5042,4904
3137,3138,1209,4018,4883
3138,3139,229,5354,4792
3139,3140,301,3826,5099
3140,3141,964,5766,4300
3141,3142,319,2760,3368
3142,3143,1722,6886,4645
3143,3144,532,2556,2954
3144,3145,1467,4562,4854
3145,3146,1280,3773,4297
3146,3147,233,1439,2449
3147,3148,1223,6926,4068
3148,3149,1407,4073,4818
3149,3150,1338,1756,3428
3150,3151,645,3423,4691
3151,3152,1142,1655,2536
3152,3153,1107,5747,5126
3153,3154,1814,642,2677
3154,3155,542,2666,2814
3155,3156,1383,3617,3610
3156,3157,1323,4949,5389
3157,3158,1201,6587,3959
3158,3159,999,5627,4234
3159,3160,1960,1050,832
3160,3161,1142,5150,4877
3161,3162,236,1044,2475
3162,3163,1020,1425,2825
3163,3164,284,1341,3789
3164,3165,1227,3063,3725
3165,3166,1241,3570,4099
3166,3167,6441,319,2112
3167,3168,1573,6052,4489
3168,3169,1447,1875,3452
3169,3170,536,1366,3737
3170,3171,1728,4178,3593
3171,3172,1196,5619,5017
3172,3173,1046,910,2146
3173,3174,515,4093,4975
3174,3175,1996,6918,3400
3175,3176,435,5434,5340
3176,3177,258,2498,4073
3177,3178,1615,6809,3841
3178,3179,1799,6162,4161
3179,3180,974,5985,3676
3180,3181,876,233,1092
3181,3182,381,3051,4835
3182,3183,249,4791,4843
3183,3184,1295,6779,4114
3184,3185,1050,7231,3718
3185,3186,2572,7248,4307
3186,3187,1498,2225,2347
3187,3188,1227,4353,5383
3188,3189,695,7331,4223
3189,3190,1330,3117,2737
3190,3191,220,864,1526
3191,3192,910,3162,5090
3192,3193,1609,6650,2761
3193,3194,1252,3437,4233
3194,3195,1153,7546,4276
3195,3196,997,1456,1544
3196,3197,927,5749,3860
3197,3198,1089,6705,4119
3198,3199,473,4150,5257
3199,3200,931,3027,3205
3200,3201,1185,2170,3862
3201,3202,2008,829,1747
3202,3203,1452,1069,2428
3203,3204,1076,5707,4707
3204,3205,233,5885,4650
3205,3206,925,1801,4281
3206,3207,216,2377,4073
3207,3208,516,2276,2098
3208,3209,1654,3774,5286
3209,3210,1433,1970,1986
3210,3211,1342,6057,4273
3211,3212,1725,4006,5216
3212,3213,1603,4877,4729
3213,3214,471,551,2524
3214,3215,1470,1899,3509
3215,3216,380,3788,4784
3216,3217,1646,1258,3656
3217,3218,305,185,1535
3218,3219,302,4807,4954
3219,3220,713,3096,5039
3220,3221,1345,748,906
3221,3222,762,1311,2583
3222,3223,776,261,2039
3223,3224,1311,4403,5150
3224,3225,3116,246,1962
3225,3226,1173,1615,3122
3226,3227,2179,7308,3995
3227,3228,979,4879,3946
3228,3229,1831,1960,3639
3229,3230,996,3558,5099
3230,3231,537,6823,4418
3231,3232,1440,2960,4472
3232,3233,1229,6044,3437
3233,3234,1745,2075,3646
3234,3235,1187,1811,1907
3235,3236,1451,4284,4886
3236,3237,1302,6115,3294
3237,3238,1241,5915,3632
3238,3239,1316,2040,3613
3239,3240,889,4400,3932
3240,3241,505,2297,4621
3241,3242,632,6694,3650
3242,3243,1163,1238,2814
3243,3244,1152,394,1925
3244,3245,989,4597,4243
3245,3246,873,2312,3725
3246,3247,723,2158,2320
3247,3248,1206,5949,4012
3248,3249,1186,554,2352
3249,3250,246,6632,3906
3250,3251,1788,6522,3802
3251,3252,1493,1368,2706
3252,3253,1135,267,1485
3253,3254,2134,5153,3523
3254,3255,257,2091,3833
3255,3256,1479,2499,3681
3256,3257,1378,1064,1853
3257,3258,404,2528,3485
3258,3259,272,6896,3839
3259,3260,950,5102,3925
3260,3261,700,1459,3837
3261,3262,527,4715,4136
3262,3263,1218,2441,2054
3263,3264,368,3766,4602
3264,3265,942,6728,2932
3265,3266,449,2637,2265
3266,3267,1273,2003,2242
3267,3268,2234,7040,4388
3268,3269,1084,1028,2403
3269,3270,1797,3309,3900
3270,3271,416,799,1257
3271,3272,1744,4705,3913
3272,3273,1675,1219,2511
3273,3274,647,4763,4879
3274,3275,300,6627,4071
3275,3276,1632,2850,4448
3276,3277,1357,1774,3549
3277,3278,574,5352,4777
3278,3279,1067,1200,1395
3279,3280,997,832,1283
3280,3281,1336,3891,4701
3281,3282,1004,2767,4679
3282,3283,881,5978,4115
3283,3284,479,4438,4101
3284,3285,429,1775,3296
3285,3286,1551,942,3342
3286,3287,904,1346,1310
3287,3288,1051,5389,5348
3288,3289,707,3156,4410
3289,3290,1618,5208,4876
3290,3291,423,6386,3092
3291,3292,926,7501,4270
3292,3293,1039,4682,3622
3293,3294,1221,2463,3876
3294,3295,2335,6804,3667
3295,3296,2121,5269,4533
3296,3297,1153,2249,3578
3297,3298,217,6931,3620
3298,3299,943,6152,4798
3299,3300,2209,698,2906
3300,3301,1465,1035,3138
3301,3302,270,1689,3981
3302,3303,848,5417,4279
3303,3304,1042,3309,3448
3304,3305,1224,4025,4723
3305,3306,915,5348,4177
3306,3307,854,6560,4345
3307,3308,245,3547,4737
3308,3309,1146,3790,3684
3309,3310,1318,10,1119
3310,3311,2392,2109,1826
3311,3312,254,3586,4554
3312,3313,2091,1305,2719
3313,3314,1289,6346,4633
3314,3315,233,3042,4381
3315,3316,2097,3135,5120
3316,3317,1276,3908,5163
3317,3318,1161,2837,2820
3318,3319,1122,5867,4487
3319,3320,1382,6828,4638
3320,3321,823,698,838
3321,3322,1416,6265,3193
3322,3323,1310,5473,5043
3323,3324,219,5146,4854
3324,3325,1542,6610,4378
3325,3326,747,5958,4624
3326,3327,655,1039,1138
3327,3328,690,2733,2364
3328,3329,709,3301,5045
3329,3330,244,5299,3739
3330,3331,1519,4798,4877
3331,3332,1693,2608,4435
3332,3333,1080,3699,4636
3333,3334,561,72,400
3334,3335,1516,1442,2857
3335,3336,1900,4153,5354
3336,3337,478,588,2549
3337,3338,1578,3966,4891
3338,3339,1460,3858,5242
3339,3340,1839,6791,4549
3340,3341,1246,965,3162
3341,3342,342,941,879
3342,3343,1146,4094,3535
3343,3344,1565,1902,4423
3344,3345,1176,3252,4485
3345,3346,1454,6255,3945
3346,3347,1519,5132,4905
3347,3348,276,3511,4630
3348,3349,1389,3366,4677
3349,3350,1088,3742,4694
3350,3351,766,5438,4664
3351,3352,642,1290,2234
3352,3353,383,6463,4905
3353,3354,242,6708,3596
3354,3355,1448,3139,4575
3355,3356,705,1013,1419
3356,3357,1737,2563,4227
3357,3358,397,6052,5205
3358,3359,324,819,1123
3359,3360,1494,4091,4851
3360,3361,2202,4236,5042
3361,3362,336,1476,3089
3362,3363,815,3022,5041
3363,3364,1257,2614,4176
3364,3365,1194,3659,3492
3365,3366,1526,5398,4150
3366,3367,1375,1097,3441
3367,3368,683,2960,2623
3368,3369,1776,5960,4975
3369,3370,203,5884,3454
3370,3371,1203,4974,4925
3371,3372,1061,4185,3457
3372,3373,737,3629,4685
3373,3374,921,5781,5120
3374,3375,242,1188,2262
3375,3376,428,5948,4578
3376,3377,1513,1073,2033
3377,3378,1495,4885,4925
3378,3379,467,6841,3597
3379,3380,541,2603,2850
3380,3381,920,6115,4748
3381,3382,1701,1390,3912
3382,3383,651,6555,4840
3383,3384,493,3282,4709
3384,3385,339,6844,3623
3385,3386,909,6968,3466
3386,3387,1139,6559,4811
3387,3388,868,5493,4768
3388,3389,560,1941,3808
3389,3390,1615,6342,3974
3390,3391,438,5568,3874
3391,3392,1053,791,769
3392,3393,2175,2610,4911
3393,3394,1249,3206,3537
3394,3395,1354,6740,3569
3395,3396,1625,6613,4013
3396,3397,1408,2164,4426
3397,3398,1048,813,1694
3398,3399,267,5964,4336
3399,3400,1562,3147,4764
3400,3401,895,4139,5316
3401,3402,1099,1927,3626
3402,3403,770,6652,4205
3403,3404,224,889,1884
3404,3405,339,5551,3861
3405,3406,934,2643,2526
3406,3407,2121,6870,3487
3407,3408,1052,6928,3726
3408,3409,1671,7444,4055
3409,3410,1050,2256,4715
3410,3411,1203,6245,4522
3411,3412,1155,1010,2471
3412,3413,318,3206,4591
3413,3414,1451,4179,4863
3414,3415,977,1379,3027
3415,3416,1609,5164,4810
3416,3417,1319,1749,3360
3417,3418,1362,3799,4368
3418,3419,2087,6785,3588
3419,3420,1303,6825,4289
3420,3421,827,729,684
3421,3422,488,3140,3113
3422,3423,1227,6000,3544
3423,3424,789,6303,2840
3424,3425,2012,952,1186
3425,3426,249,780,1259
3426,3427,371,1352,3660
3427,3428,1077,2336,2757
3428,3429,1198,16,1169
3429,3430,407,1204,3718
3430,3431,849,3859,3866
3431,3432,1309,6663,4072
3432,3433,1206,6339,4165
3433,3434,1224,2529,2410
3434,3435,1148,737,1130
3435,3436,1562,3307,4552
3436,3437,1226,2296,2319
3437,3438,3765,3271,5141
3438,3439,281,1311,2648
3439,3440,837,4154,4059
3440,3441,1030,1343,2815
3441,3442,1245,5181,4859
3442,3443,1574,2221,3842
3443,3444,1558,1251,2551
3444,3445,2456,3839,4778
3445,3446,653,3960,3784
3446,3447,1636,1361,2856
3447,3448,826,1496,3214
3448,3449,654,5916,4822
3449,3450,1408,480,2202
3450,3451,638,6668,3447
3451,3452,1456,4851,5337
3452,3453,1473,5438,4594
3453,3454,328,2406,4732
3454,3455,713,6932,3918
3455,3456,1381,1139,1033
3456,3457,1284,745,817
3457,3458,883,6123,4820
3458,3459,351,841,1450
3459,3460,1208,1804,3597
3460,3461,1143,3758,4723
3461,3462,593,3072,2924
3462,3463,1238,6824,3141
3463,3464,666,6172,3324
3464,3465,1026,2528,4615
3465,3466,661,3397,5185
3466,3467,501,1436,3837
3467,3468,562,2603,3375
3468,3469,1637,3579,5132
3469,3470,474,853,3108
3470,3471,1307,4654,4857
3471,3472,231,1048,2020
3472,3473,276,1691,3465
3473,3474,1646,118,57
3474,3475,689,97,115
3475,3476,2323,5002,4836
3476,3477,1434,1042,1786
3477,3478,1097,5694,4577
3478,3479,2031,451,1704
3479,3480,1402,2543,4711
3480,3481,896,6567,4078
